filament_id,segmentation_rle
20110120105534Ch_1,k_Vi24lo12N1O101O0kPNHan19\QNJdn15[QNLen14ZQNLhn14VQNLkn17QQNJon17oPNIRo17lPNJUo1?3N1N2N101O10O1000000001N100O1O1O1O0001O000010O1000O10001O1O1N1O1O1N2O2N2OO2N3M3M1N100O2N1O100000010O01000000O1000O1000O1O001O100O010O01O00000010O0001N1N200O0100001O001O1O000000000O2O1NW^UP1
20110120105534Ch_2,ojTo15jo11O0O2N11O0001O0O10O2L4M1011O10001O00000O1002Mio92UPF1O2N0000O02O001N11N1O01O1000O010O11O0LGbPN8]o16I7O10O01O1M3M3O1O1O1NIVQNZOln1e08L4000N2010OH]OUQNb0jn1ATQN;mn1=K600O010O00N201O1[OTQN6ln1IVQN5kn1JVQN6jn1JVQN6jn1IXQN6gn1I[QN7en1H]QN7cn1H_QN6bn1I_QN4dn1L\QN0hn10YQNMjn10YQNNaWUk1
20110130110334Ch_1,b_nd29fo13M2O2N6J0101NnPN_Ofn1a0WQNBin1?SQNDmn1g01O1O3N2M10O5K3N0O1O103M10O1N10000002M1010jNYQNP1ln101O01O01O000O1002O000YQNTOXn1Z11N3M2M3L3N1O2O010O1O0O3N102M100O1O2O3L010O02O0000O0010O01O10O000010O010O001O1O001O10O01O10O0100O0001O01O00100O2O0O100O01N2O2N1O100O01O1O1O00O01001O00001O100O0010O100O1O1O00001O00O2O001O25KO1N1O100O00100O0001N1O2N_P<IioC0O2O0000100000O1O001O1NR\_P1
20110214175414Mh_1,Y]f[26fo16M2M3I6O2N101N1POXOhRNi0Vm1YOiRNg0Vm1\OgRNe0Ym1\OfRNe0Ym1B_RN?am1IWRN8gm1KURN7km1P1O00ZOZRNSOem1l0^RNRObm1n0bRNoN]m1P1fRNnNZm1R1gRNnNWm1R1kRNmNUm1R1mRNmNSm1S1nRNlNRm1R1QSNmNol1R1SSNlNnl1S1P10001O00100[O[QNMgn10\QNOhn1L[QN1fn1M]QN1dn1N]QN1dn1M_QN0`bka1
20110214175414Mh_2,d]^b22mo12O1O10O01O10O010O01O000O100O1O1O1000000001O010O1O010O10O01000O100dPNInn16QQNLon14PQNMPo12PQNNQo12mPNOTo10lPN1To1NlPN2Uo1MkPN4To1LlPN4Uo1KlPN5To1ImPN8]o1000000000O010O1000O11O00000000001O01O0001O0010O00010O010O010O10O0100O01000O010000O100O100O10O010O0001O000O1O1O1O100O100001O1O001O00001O01O01O100O1O101N0010000O0100O6J100O00010O01O1O00001O00001O0O10001O001O001O100O1O100O1O1O2MY`gS1
20110214175414Mh_3,fY_g25jo16J4M2M2N2O0O000O1O0001000O2N100O11O00000O1O1N2N2N201N1O2O010O010O010O100O010O100O100O010O100O0100O1000O10000O2O0O2O001O0000000001O0000O010000O10000000001O010O001O010O001O010O001O10O1O100O2O0O10O0001O000000000000000000O10000O10O1O1O2MUgTQ1
20110329082654Uh_1,jWgU1;co18hPNA`n1S1M2N2M5L6I3M4L4L5K3N2M2O00O1ZO_RNnNam1c0bRNoN77Wm1i0]SNnNel1R1S12O2O1O0O[OdQNI[n14kQNHUn17oQNGQn16URNFkm1:n0N101N2O1O0O200O1O10O10O101M^ibg2
20110329082654Uh_2,QXib21mo14M2N2O001O1O00000100O100O02O1N001O1O0O2O1O1O1O100O0000O1000O100O0100O0100O001N101N1J[ORQNe0mn171O0O1DRQNGnn19TQNEln1;VQNDin1<YQNAhn1?<01O0O2O001O0001O1O001O00001O100O100O100O01O1O1O1O1O1N200O100O10O0100O1O1O100O2N2N2NUiZW1
20110329082654Uh_3,Yld\24ko12N1O2O001O1O4L010OO2O1N10000001O001O01O1O010O01O00001O1O10001O00000O010O1O001O1O2N1O2O2N3N2NO0O10O00010O1WQNUO\n1k0aQNWO_n1V10N100N2O2M3YOgS__1
20110329082654Uh_4,j\i`14ko14L3N1N2O0O2N101N1O2N3L4L5K4N0001O3N1N1O2N100O100O2O1N2N1O1N2@ePN9bo1O000000100O00001O01N10000001O0000001O00001O000O10000O00100O10O0100NfbR[2
20110329082654Uh_5,V_dn04jo14M2O1N2N100O010O01O1N2O010O100O010O10O10000O10O01O010O00010O01O0010O01O010O010O010O10O10013L000O10O1O1O001O1O00100O10000O10O10O01O10O10000O100000O0100000O01000O01000O101O000O100O0100O001O0010O010O010001N11N10001O0O2O001O001O1O1O1O1O01O0O2N7Hjagi2
20110329082654Uh_6,\bVZ13lo12O001O1O1O10O010O0010O01O010O01O001O010O010O10O10O10O100O00100O01000000O10O10O10000O100O10O00010O01O001O1O01O010O0010000O101O0O0010O001O0001O001O10O000010O01O010O01O1O1O2MZ\[`2
20110329082654Uh_7,b_lR24ko12N100100100O1O01N10O100O10O01O00000010O00O1000000001O1O100O10O100O100O103jPNKZn17YQNc0Xn1h0K2N0000O2iNSRN7Pn1XO_RNf0_n1F:M3N3Lc^oi1
20110329082654Uh_8,[ebb14ko11O10000O1000000O2O01O00001O001O01O00000000001O0000010O00000001O0000O10000000O1000O010O100O001O0001OO11OO100001O0000001O0O2O1N3NU[[Y2
20110329082654Uh_9,gRWW24eo19M2O1015K000O0001O0000001O0O10000001O0O100001O011N1O01O1O000010O00000O2O1O2N13L2N2N1M3Mdkne1
20110329082654Uh_10,RaVX14ko11O100O1O0010O010O0010O0001O000001O00000000000000010O01O01O0010O0010O10O10O1000O10001N1000001Nh_id2
20110329082654Uh_11,jXYW24io14N1O0O2OO100O11O0O100N2M201O000O1K6G91O100O1O3L8GahRg1
20110408083214Th_1,`iRc23lo12O1O10O01O0010O01O01O01O1O1O2N1N1O2J6M2O2N2O1O2N1O2N100O100N2O3M2N1O100O1O3M2N1O1N2mQN]Ngm1e1TRN^Nkm1l100O01000000O1GWRNZNjm1[1d0N1000O010O0100O1ObNkNSTNT1mk1nNRTNQ1ok1oNQTNP1ok1PORTNP1nk1POSTNn0mk1ROTTNn0kk1SOUTNm0jk1SOXTNk0hk1VOXTNj0gk1VOZTNi0fk1XOYTNg0gk1ZOZTN;Pl1FPTN9Xk1_OlSN:k07Yk1B_SNa0Y1LYk1a0fTN_O[k1a0eTN^O\k1a0dTN^O]k1c0bTN^O]k1c0bTN]O^k1c0XTNoNSO=el1f0WTNDik1=VTNCkk1<UTNEkk1;UTNDkk1=STNDmk1=oSNESl1;lSNETl1=jSNCWl1=gSNDZl1>cSNB]l1e0[SN\Odl1P2F:L4L31O01000O101O1N2iLgSNd2\l1ZMnSN[2Vm1[O>K4M3L<D5J6GnPN]OWo1?7M201O1N2O3LlX[U1
20110408083214Th_2,Wk`W32lo13O1N1O2N2N9F3K6K6J6I6J5L4H8M2K6M1010N3N3K6H>@:I6N8G5L5J5JPUcf0
20110408083214Th_3,]kPk03lo13L5J5I=E5L5I6J6L;C4M4LVObRNXO\m1g0kRNTOSm1l0RSNROjl1o0ZSNnNdl1R1bSNkN]l1R1jSNjNWl1R1]1IJVOeQNg0^n1]O\QNb0gn1:1O002N1M3J6000000OO11L3O2O0N2100I7K5N200O1N2O1O100O11N1O101N1O2N1O2O1O1O0^OkPN:Vo1ARQN;[o1N2N2MTXoP3
20110408083214Th_4,Ui`n16io12N2O101O2OO01O5K1O004M12OeQNYOVm1i0fRNZOYm1h0cRNYO^m1P1XRNPOPn1k0lQNVOYn1g0dQNZOan1c0\QN^Ofn1m02O3L6J3M1O1N1O2O000O2O01O0100O3M5IkTSo1
20110408083214Th_5,_Xe]14jo12N2N1O1M3N2N2O0101N1O1N10001N110O1000O1O02O00001O00010O0001O1O001O10O000000001O0O10001O00000001O10O010O001O01O1O0000000O01O1O100O00100O2O2Moil]2
20110408083214Th_6,^fhW26do16M4O00001O01N2O0O2O1O1O1O1O01O01O010O010O100O010O1N2N]Y_f1
20110408083214Th_7,_`n\1:`o18L4L5K4L3N]OYQN1dn1MaQN2]n1LhQN3Vn1KoQN4Pn1KRRN5lm1KVRN5im1JZRN5dm1K^RN5am1JaRN7\m1IfRN9Vm1GoRN8nl1HTSN8il1HZSN7dl1J`SN3^l1MdSN2[l1NfSN2Yl1OgSN0Yl10iSNLZl13j1O2N]`[a2
20110408083214Th_8,PXgR24ko12N2O1N6K100O00001OO10O10N1N200001O1O1O00010O010O100O10O00NM302O011O000N3Kohlj1
20110408083214Th_9,^dfX38ho13N2M2N2O00101O1O0020N11N2O1O002N10N1O2N2N2N1O0O2N2N1O1N20000OO03MWYUe0
20110408083214Th_10,e`hR12ko14N1O1O1O01001O00001O2]QNG[m1:bRNI]m17bRNK^m14_RNOam12ZRN2gm1NVRN2mm1NPRN2Sn1NdQN8_n1I^QN6en1`04M2M4L3M4L5L4L3L3Mm^[k2
20110408083214Th_11,l^PS25jo13N1O1N2I7N2O1O1O1O101O3OO1N1O1O1O1O0001N2O0O1O1O001O0001O01O000100O2N3M2N2O0O0100O100O100000O10O010O10O1O10O01O100O00101O1O1O1O1O1O00001N1O1O2M\_]h1
20110424064534Lh_1,kjdl15_o11fPN1Xo1=N2O1O0010O01O0QQN_O`n1b0[QNCcn1n000O101O1O127GO0O1O1N2N1O101O0010O0001O001O1N2O1M3M3N2M3M3M2N3O0O1O10001O00000001O00100O1O1O001O000001O01O01O010O10001O0>B1O00O1000O1WQNRO^n1Z1N2N1O010OO2O1N2N2WO^QN1cn1MbQNDMOfn1:g0N4M2N2OlS_m1
20110424064534Lh_2,h^jh04ko16J3O2`PNIQo1e002M1O00101O0102L010O01XQNUOXn1_1XRNaNel1j1lRN[N\m1\1_RNlN`m1i1>B2O03M0000O10O2N5K0006J1N2`NQRNG1i0om1]O_RN`0dm1\OaRNa0dn1K1N2O1O001O011N10001N10000O001O1O001NP]gS3
20110424064534Lh_3,j`fX17io13M2O2N11N1O000OfPNMhn13UQN0kn10SQN1nn1`0100O0010O100O100O3M2N100O\OUQN3kn1KYQN4fn1J]QN6bn1J_QN7_n1HcQN9\n1FeQN<Xn1DjQN;Un1ElQN<Sn1CoQN<Qn1CQRN<om1CSRN<mm1BURN>gn1O10001O1O2N000001O001O01000000O0100000O1O1O1O00O10000001000O01O000O1O100O001O010O01O00010O000100O010000O1000O1O1O0O2Nc[[a2
20110424064534Lh_4,X]Wl04ko19H2O1N1O3M2M2O1O1O100O11O7I2N100O1N10001O001O0010O0000O100O10000O10O0100O0100000000O0100O010O010O01O010O010O00010O01N101O1O1OQaho2
20110424064534Lh_5,Q]Qf13lo13N1O001O00001O010O1O010O00000O10O1N101O010O1O10O00010O001O1O001O001O1O1N2O001O100O1O1O1O10O01OO200O01O2N1O1O1N2N2O000000N2O01O0O1000O1O0100000001O00O0N3O2O0M5M2O2N1O3L4J^ebT2
20110429120534Ch_1,[`nn24jo16K>C2M3N1O1O1O1O01O0O101N100O1O2O1O1O1O11N201O0O2N1OO100O1N101O1O001O1O001000000002N3M1O1N100O1O100O2N1O2N2N2N24L00O2M100000000:F1O1O1O2N3M2OO1O0002M4L10O01O001N101J7MS]gk0
20110429120534Ch_2,Pjla087MRo18jPNK0OZn1KhQN[1Un1:N1O00N1L42O1O1O001N101O01N00F;N2O2L3M4JVOfRNZOVm1g0oRNWOjl1n0ZSNPO_l1T1eSNjNZl1V1iSNiNVl1U1nSNjNQl1U1RTNiNnk1U1VTNjNhk1W1YTNiNgk1U1\TNiNdk1g0_SNTOo03Xk1FjSNS12QOP12Rk1OiSNm09oNP11nj1\1T2O01O01O1N1@fQNXO]n1f0`0O001O2BnPNKTo12QQNJPo15?N2N2N`YiZ3
20110429120534Ch_3,R[]m05io13N10001O00O010OO1O1O2O0010O01O0O2N110O10000000O0100O100O001O00001N1O2M3N2O1O10N2N2O1O1000O1O1O1O1000O3N7I2O100O3L2O1N2O001N1O1NZe`n2
20110429120534Ch_4,]^S^26jo11N101O01O0001O0O2N2N2O0O1000000O1YODjQN<Un1JeQN7Zn1MbQN4]n1O`QN2^n1i0O1001O1lN_QNg0bn1XO_QNg0an1ZO^QNf0bn1[O\QNd0fn183J6N\MUOUVNl0ki1\OjUNg0Wj1AdTNA[O[1Ql1XOlSNA0i1Vl1XOeSNj0]l1\14M9ROVSNRNnl1c1^SNXNel1c1_SN\Ndl1c0VSN@:Khl1<RSND9Ogl1:UTNElk1:TTNFQl15PTNJRl13PTNLRl13nSNKTl14m1O001Nhc`^1
20110429120534Ch_5,nmT<2mo12N0O2O0O2I6O2IDhPN>Wo15010O010010O1N3N1O1N101O1N1N3N2O1N1O1N20O1WO_QN2an1MhQNKYn14kQNITn17QRNDPn1<i000O2O01O001N2O1O00M4M2000O1O2O000010O0100O0O001M3O1O2N1O101O010002N2M3N1N101O1O1O1N2L4LTTm^3
20110429120534Ch_6,\dRS22>4ln1NPQN5on1MmPN6Ro1KmPN6Ro1KlPN7To1IkPN8Vo1ElPN;^o102N0O2OO01O1O11N010O0100O0100O1N1000O10010O001OO20O001O001O000100O1O10O01O1O1O1O7H4L100O01O2N4M2M2N2O001N2O001N10000O10O10O01O10O0100O1O001O2N1O2OO1BbPN9fo1K5KPXeg1
20110429120534Ch_7,hm\Y24jo14M1O10O0100O2M2N3N2M2RO@WRN;]OHZn1>hQNK3BVn1V164TOdNUSN\1jl1VO_RNP1am1g0001O0E\RNWNfm1j18B>M4AeQNWO^n1f0dQNXO_n1a0j0FmTid1
20110429120534Ch_8,iedn26jo1101O0O1O10O00100O100O10O2O00O1000O2N2N100O0001N1O2N2O0000000000000000O1O1O1O10O01001N101O001N100000O01O000001N101O010O00001O00001E:O2O1O00O2J6K4N3N1010N101O001O010001O1N3MlZmk0
20110429120534Ch_9,fXQe15io13N2O000O01O00O2N1M3M4K4ZN\OkSNk0Ul1WOgSNi0[l1XOaSNh0bl1ZOWSNg0nl1ZOlRNa0^m1_O^RNb0gm1ZOXRNe0an1N2K5J7N2M4NTiZY2
20110429120534Ch_10,fch\24lo12N3M2O0O02N1O2N0010O1N3N1O1O01O001O1O00010O10O01O1O01O0000001O00000001O001O010O0100O001O10O01O10O011M2O1N3Na[i_1
20110429120534Ch_11,^gRQ18go14M2N2O3M32LO10O01O11N100O11N:F6I<E4L9O0JN3XNmQN\1`n1KaQNQOcn19[QNJkn1NVQN2mn1IVQN5ho9IgoG4M3IIbPN8^o157H4JRUal2
20110429120534Ch_12,ned^11mo14N001O001N1N3N1O2O00001O0101N4M1O1N10O10O10O1000000000O10O010O101O4K5L0001O1N1G_PN1bo1LbPN126\o13O01O2M4LjX]^2
20110429120534Ch_13,WmTR16ho1;Ej0VO6J8G5L3M3ObNZRNc0fm1XOcRNJD<ln1]OZQNa0To1O10O1O1O100O000O15KjPNEgn1;SQNKnn1c06I2N1O2O1O5L0O1N2N3M4KPPgk2
20110429120534Ch_14,kbff28ho12N2O2N01O4L1O1O00001OO100O1O1O100O11O0O2O00000O01O1O0O2M2O2O000010O2N3M1O100O00001O000000O10000O1000000001O0000000010O0001O100O0010O01O001On[kT1
20110529063154Uh_1,obni12mo12N101N101O0O2O3M2N1N101O0O2O001O0O2N1O10O0100O10O1O00100O0100O001O1O0010O010O10O010000O01000O1000O10O1O1O1I7O1N2O2Il][R2
20110529063154Uh_2,Tco`11no13N1O1O002OO01O1O1O001O001O1O1O1O1O010O1O1O1O2O0O2O0O2OO10O100O2N101N1001O0000000000O1000O10O001O01O01N10001N1O1O1O2O0O2O001O00100O10000000000O10O10001O10O10O0100O1OO10O01O10O010O0100O010O10O010000O1O2O1N100O1O01O010O010O10O100O101N1O1O100O010O10000O1O2N1O2O0O2N010O00001O01O00001O001O001N101O1N101N100O2N101O1N1O100O10000001O1O001O1O001O001O10O01O1O100O001O010O010O010O0O2O00001O0O10O0100O010O10000O101O000000001O0O101O0000001N100O2N1O1O2M3LQZTQ2
20110529063154Uh_3,c`a]21mo15M2M2O1O1O002M4M1N2O1N101O00000000O100000000O101O0001O0001O010O10O010O010O0001O01O00001N101O00000O100000O100000O001N1O2M3O000000010O0100O101O1N2O0O2O0O1O10000O100O1000O10O10O01000O01O1O010O1O010O1O100O01O1O010O1000O001O0N2I8O1O00100O100O10U`lZ1
20110529063154Uh_4,aQcX1i0Vo12N2O1O1N2O00001O001O00001O10ROVQNd0ln1WOYQNh0Po1O2]OkPN8co1K3L3N_mPf2
20110529063154Uh_5,^_^j26ho12N2O1N2N2N2O1O1000000001O1O001O000010O000O2O001O1O2N0010O001N1O2O1O1O001N101O001O001O002N1O2N1O1N]`]R1
20110529063154Uh_6,abfi06io14L3N3M5K3M3O0O102M34J2OO003M1N00O1Ob0^O3M3Lo[mT3
20110529063154Uh_7,ZceT24jo14M3N2N2M3N3N0O100O1O100O0001O000O2N100O100O2OO1000000O0010O10O01000000O1000O10O1000O1C_OZQNb0dn1CWQN`0gn1CTQN`0kn1;000O0100O1O0O2H61K501O001F:N2N3N1N2N3M2O2M4M5Jd]lf1
20110531070514Th_1,bZ^P11mo18J4L5L1O1O1000O01O1O2N4iPNYOnn1n0O1N100N101N20hN`QNn0kn1N]QNAdm1>YRNFim19RRNKPn1R1001O3M000001O1OO01O10O1001N1O000000O2O1O1N3N2N1O2N1O1O002O000001O0^QNmNVn1S1fQNQOZn1[10O10O01nNkQN=om1@URN`0km1ZO\RNe0cm1YOaRNf0^m1YOgRNd0Wm1]OjRNb0Vm1]OlRNd0Rm1\OPSNh0jl1WOZSNj0bl1VO`SNj0^l1VOdSNj0Zl1UOiSNj0Vl1VOkSNj0Tl1VOnSNh0Rl1WOQTNg0Pl1WORTNi0dm1N1O0010O02N4M001N1001N2O1N10O103M3MmPNG^n1<VQN2en1f0O000O01O2M2N2M4M3M3N2N1O2N1O1O5K4L3L__Wh2
20110531070514Th_2,acn\25jo12N2O00000000O011O000000000000000000O1O100N101O1O100O10O1O1O00100000000O2O0000000000000O10001O000000000000000O1O1000O10000O2O0O2N10O001O1O11O01O000000N2O2O1O0000O1000O100O2O0O1O100O2N100O101O0O2O0H8O2N1O00O2N1O2N110O10000001O0O1000O1O0J7H8N2N2N3N2O0O10000O100O2Ne]iZ1
20110531070514Th_3,Wc[S25io14N3M2N1O1O1N3kPN_Oen1d0YQN]Ofn1e0XQN\Ohn1n0001O2N1O001O01O002O1NUOXQN`0gn1]O]QNa0Ro10001N3N00O1O1O1O1O1O1O1N2O1O2N2M2O1N2N2O1O1007JO0O01O10O001O001N101O1O1N2O0010O6J3N2M1000000000O000O100001O0O10001O001O010O02O0O1O000001O001O0000O1O2O00000001O10000O02O1N101N001O001N3M2O0O2O1N2O001O00010:E103M13L03POSQNe0Vo1N2O0O10000000O01O000001O00010O000O2N2N2N3M2N3L3L3K6K4N2O100001O1hNiQNe0Zn1UOkQNj0fn100O2O0O2N2N1O1O012XOjPN`0\o10000O1O2O00O100O100O0001O1O1N2N1N3N2NjX``1
20110531070514Th_4,ScUe25jo12N2O1N1O2O100O1O001O0O100O2O1O1O001O01O1O1O10O1O1O1O100O1O0010N101O00000000O1O2O0O1O100O1O100O0O1O10000L5M210O101N3L3K5M1010O1O1N3N1O2O0N200O1O2O000O2OO10O1O100O1O101TOWQNN43fn1KhQN4So1O001O0O3Nh\TU1
20110531070514Th_5,\chg04ko12N2O1O1O00000O11O00001O1O02O3L10000O102N3M2N3N1N3N1O8KM1O2N2M2O0O1O12110OM00O000O2O0O1N3M2N1O2N2O1O00001O01O0J6O1O10000001000O10O100O1O011N100001O1O1000O02M3N1iPN^O07]n1T1001N1O1N1VO^QNLmn1GeQN0]XiR3
20110531070514Th_6,jY]h03lo12O001O000O10000000O10O10O10000000000O100000O100O001O010N1O2N1O1L4M4N1VO@RRNb0nm1GgQN;Yn1d02M3O2M2N2O1M1O4K4B?L5LZh^T3
20110531070514Th_7,Qbd\14lo11O2YPNJao1`0K13MO010000O101OO101N1011OO00O1N1010O1dQNIml1=iRNEXm1=dRNB_m1`0^RN^Ofm1c0WRN\Okm1n0`0O01O2N1O0014oNVQN`0\o1I4K3M][o`2
20110531070514Th_8,QagP39eo1:C6L4N2O001O0100O1O2N001N2O001O010O0100O10O000N2O1O10O1O1G9O100O10O010O1O001O1O1N2N2N2N2O2N1O1O11O0001O0O2N100O100O1O100O101N2N1OZ_Tk0
20110603123034Ch_1,YcTh14ko12N3N2M4L3M4L3M1O2N10000000O10001N101O0O1000O10O1000000010O1O100O2M1O2N2N2N2O2N0O11O0O2O0O2N101O0100O100O11O0O1O10O001O2O0001O1O000O100O1000001N2O1O1N1O101N2O100O2N1O1N2N101OgPNKgn14VQN0in11SQN4kn1a010O01O0O1O1O1N2O1N2O1O2N100O2N100O10O100000O11O0O10001N2O1N1O0000O2O1N2O0010O01O000O2M2N2O2O010O000100O10O10O010000O01O10O10O0100O10000O10O1001N1000O0010O010O00101N1O010O00100O1OVYcl1
20110603123034Ch_2,U_Th04ko12O10O01O0O2N1O101N101O10O0100N2N2K6L4M5L2N1000O101N1O1O00000001O0O101N1M3N101000010O01O001N101N101M4M2N2N2O1O1O101N2O0000O2O1N2O117lPNTObn1e1AO002M3M3L3M3C<L5E:L4N2N2N3Lf_gR3
20110603123034Ch_3,Q[`i1;do12O2QQNCVn1?eQNFZn1;`QNK`n16YQNNhn1e00N2O1O1O1O2O0O101N101O1O0O100000O1000001O000001O1O101N4L2N1O10O1O0O10000001O002O11N2M2N6iPN^Oen1o0O0000O2N1J7K4O1O20O01O0O1O1O001O2N1000000O010000O101O0O2O00001O01OO10001O00001O1N2O001O00001O001O1O3L3O1N`0A00O2N2M101N10001N102M3N1O1O1O1O1O0000000O1000100O2O000O01O1O001O1O2O1N7I2N1001O1O0O1O000000000000100O1O1O2O0O01O00001O001O1N3N2N2N1O1O1O0100O2NkQNbNim1]1VRNeNjm1Z1URNiNjm1V1URNlNkm1T1SRNmNnm1R1RRNoNom1Q1mQNQOTn1]1100O2N6J101N1O1O1N2N4M1N2O000001O010O10000O1O3N0000O1O1O010O02OO10O1O000O2O01O2N2N2N2O0O20O000O1O100O1O1000O1O2N1O1O1O1O0100O0UQNTObn1m0[QNVOcn1k0\QNWOcn1T1O1kQNeNdm1[1SRNnNnm1a11O1O1O001N101N2M3L4M3O1O3L6K2\OSQN0Po1JYQNOkn1Ll`ce1
20110603123034Ch_4,QkXe03mo11O2N1O2aPNLon17hPN0Vo1>00O100100O2OO02N1O2N012N0O1O0001N:F2N0101N2N3N3M4L20N1O1O000003M1O1O1O00000O01O100O1O0001N101N2O10O010O010O100001N1O2M^RcV3
20110603123034Ch_5,lYYV15fo15K5M2O1O1O1N3N1N3L3MO30O2NM410100O1O2O00O0@VQNLjn10]QNKdn15d0N11O01000N2O1N2O00101O00000001O000O01000O10001O0O101O00000000000000001O1O001O1O000000001O000O100001O01O01O00100O10O010O010O011N2N2N2N[gnc2
20110603123034Ch_6,lYal12no11O000O2O00000O100000O01O001O10OO2O01O0010O001O0O100O100O1O1O0000001O001L4M3L12O1000O1O001M40O2N2N2N2N101O000O101O1O0O001O011O0O1O001O2O1O1O3Jkhnn1
20110603123034Ch_7,SaRc03mo12N1aPNMon16jPN2So1a0M1N100O010003L3N001O001O3L2O2N2N1N1O100O1O100000O100O10O1000000O100001OO100O01O100O1O2O010O007I2N001O5TRN^Ook1e0mRNUO?;cl1b0iRNXO`08hl1a0cRN[Oa07ol1m0jRNWO\m1c0^RND`m1`11M10O001ORO]RN_Ocm1<bRND]m15jRNKVm1IYSN5fl1EaSN=Qn10O1O00001N\OPQN9Po1CVQN;Yo1O00O1O1O101O15J10O0O2O1N10CePN4\o1HhPN6co1N3KgXoV3
20110603123034Ch_8,eZWS26Wo1OUQN3hn18mPNKRo1a0O0O000200M2O0O111O1N2J6O00N2O101O100O01M3M201O002N1000000O2O000001O1N20O1O00000O002O0O2O1NQhfi1
20110603123034Ch_9,ed\S13lo12O1O10O0001O1O1O?A2N2N2PQNXOdn1Y1J2OhNhQNn0Pn1nNURNT1[n13MlN`QNi0ln16I27HOO11OOd0]O0O20O00001O0]PNG]o1e0KN3L5K2K5KjWWj2
20110706164014Mh_1,jcXe26io12N3N1N3N1N2016I1O01O001O1O1O000WQNEmm1:cQND16]n16]QN9dn1a01N1N3M1O2N2N2D=N3O1O0000O1000O100O2O0O2O1N1O2MnZQX1
20110706164014Mh_2,nn\i29do17J7J6K3L5M57E2O7I2O1N0O2N01OO0O3M2O00O002N1O2N0100O1O1O0O2O00001O001N3M3LXoVT1
20110706164014Mh_3,i[eY26jo12M2O0O1N100000OM20200010O01O0001O0N2O1O2O0001N100O11N10000N0101N2N2000O10001O1O00O1O2N1O0O2O000O1O2O10O000O1M301N2O1ON3M210010O010O1O1O1O101O000O1O1O0O2O1O100O100O3MUgRa1
20110811121534Ch_1,Q]fP16io12N2N1O101O00O1000000000000001O1O1O3M1N2O0O100O01001O01O01O010O01O000O1000001O1O0O10000001O001N3N3L2N3N0O2O000001N3M3N1N3M2N2O1N101N00100O100O2O1O00O1000001O0100000001O001O1N2O0O1N101OYb_i2
20110811121534Ch_2,gcXP22lo19I3L3N3M2N2N1N101N2N2O0N3N1O1O001000O01N2N2N2N2O2N2N3Mb0_O2N00001O0010kM_RNj1mm1O1O0O2N8I2N11N0O2N4L3N06I1O1cNWRNb0im1\O_RN>bn11N4L3N5J1O101O1O2N3L101N2O1N8H9G4RRNTNam1=]RNT1dm1gN`RNY1am1dN`RN\1em1]N^RNc1Pn101O1_NjQNV1an10]QNlNVn1g1H2N`N`RNb0^m1ZOhRNf0Um1YOnRNg0Pm1XOSSNi0jl1VOYSNk0dl1TO_SNQ1Zl1oNhSNQ1Wl1nNoSNn0Pl1POTTNn0mk1oNWTNn0em1I1O1O1O1O3M2O0O7I3M1O2MfV]i1
20110811121534Ch_3,hado13lo12N2N3M2N1N2O1N2O2N100O101N101O1O1O1O00001O01O00108G1O1O001O001O1N101OO100001O1O1N2O10O00000010O0000010O01O10O01O000O2O0O1O10000008G4Lg]Sl1
20110811121534Ch_4,UjPo02ko14N2N1O10OO2O1O001O0100O0001O010O100O100000O2O0001N010000O001O010O000O10001O0010O100000O10000O100O100O010O01O010O010O1000000O100O1000O01O01O01O00001N1O1N3N2L3N3O1N101NEoPNKPo13TQNKln15VQNJin16XQNJgn17YQNIen18[QNHen18\QNHbn1:]QNFcn1:^QNFan1:_QNFan1:_QNFan1;^QNEan1<_QNE^n1=aQND_n1=_QND`n1n000OZO^QN2_n1OeQNNZn12hQNMUn16lQNIRn18PRNGom1:RRNElm1;WRNDgm1<\RNBdm1>^RN_Ocm1a0^RN_Oam1a0bRN[O_m1e0;[OiQNg0Vn1a0I7N2M400001O2N4L7I4K3M2N3L3N2N2N2M2N3N1O2L4L]Z]h2
20110811121534Ch_5,dakb23lo1100O1O010O1001N101N1Ooo12noM2O1M3G9N1_ODVQNf0in1801O0101O00001O00000O100O1OO100O2JnN]QNR1an17O2N1O2M2O2N11O1O10O10O010O010O010O0FiQNmNVn1S1lQNkNTn1U1;1N11N1001N200O010000O2N1O1O001O00000I8O1O011N1O3M4K3N1O1O100O1N2O2L5Kk`XW1
20110811121534Ch_6,SghU35io12M3N2N1O00000SOGURN9lm1IQRN7Pn1JnQN7Pn1LkQN8Rn1MgQN8Yn1IeQN9=]OTm1=ZRN9`0\Ook1MeSN5=W1MiNQl1<mSNm02hNPl1>iSNl07fNPl1`0fSNj0:gNQl1`0cSNg0>iNok1S2TTNmMmk1c1bTN\N`k1a1bTN_N`k1^1aTNbNnk1n0STNROPl1j0PTNVOSl1g0mSNYOVl1e0jSNZOZl1b0hSN\OZl1b0hSN\O\l1OaRN5ZZ[h0
20110811121534Ch_7,[[[m21lo14M2N1L4N2N2E;00001O001N3N101N3N2N2M100O100O0010O01O10O01O1O010O010O01O01O01001OO10000O1000O0000O020O0001O1O2N2MmeRo0
20110811121534Ch_8,Tljj26ho12N2N2N0OO30000O2O1O001O010O0100O010O1O010O000O1N2O1001O00100O10000O1O1O1O1O2NkTeR1
20110811121534Ch_9,`iV]34ko12N2N2N1N3N1O2N1N3N101O1^QN\Ofm1e0VRN_Ojm1IhQNc0:FVn19gQNIZn17bQNLm0EYl1?fRN0`0DDNVm1U1SSNRODKXm1T1PSN@Pm1b0hRNDYm1b1O1O100O2O1N101O02N2OSSN]M[l1c2^SNdMal1V3IN00010O0101O10cMdSNR1]l1eNSTNN_O7`l1HTTNA^OO0f0`l1[OdSNHb06]ON0g0^l1ZOTUNL`Nh0^l1ZOaUNd0]m1@2N2MjRe?
20110811121534Ch_10,UY]S36ho12O00O1000O1000000O1000000O100O100O01000O001N2N1N3O10000O1O1O1O2N1000O1K5O2N10100O011N1N2O2N2O0O100000O1000000000O101O1Ndhhh0
20110811121534Ch_11,QWUR29fo18H5L1O01O000O100O2O0O1O2O0O2O000O001O001O0000010000000001N1N100001O10O01O010O1O2O0O10O100O2O00O100O1O01N100001N2O00001O001O01O00000100O10000010O0001N3MciPi1
20110811121534Ch_12,W_fj02lo18H3N2N2N2O1O001000O100O0100O1O8I0O1000O1O000001O1O1O2O07I02OO001O0O2O1N3O1O0O1N101N2MlPNKan12\QN3Wo1001000N1O2N3LR_QR3
20110819131834Ch_1,[kRQ25jo12O1O100O010O01O000000000001O0000001O001O0O2O1O2N1O1O2N1O1O010001O000000O1000001N2N3M2N1N2O1N2N2O1O2N1O20O4L2O1OO0108G2M2O1O0000O2O00000O1O2O0010O10O000O1010VOQQN`0Zo1O0O1O2N0O2M3NTR_i1
20110819131834Ch_2,\j^e09bo1?C5M3iQNWOPm1n0jRNZOB7al1d0^SNlNM\1\l1Q2L2I8I6M200O1M3NWNmTNiNQk1Q1fUNaNUj1a1QVN[Ngi1l1\VNSNci1X1VUN]NZ19_i1Y1\UN[NV1:_i1Y1`UNYNS1=]i1U1aWNiN`h1U1cWNjN^h1i0oWNVOQh1i0QXNVOog1j0SXNTOmg1k0UXNTOkg1k0WXNTOig1l0YXNROfg1o0\XNoNeg1Q1d300O2O0010O[OWQN4in1LYQN3fn1M\QN1dn1O^QN0an10`QN0_n11aQNO^n11dQNM]n12dQNN[n12fQNMZn13hQNJZn15gQNIZn17iQNEYn19g010O0000000010O000O2O001O001O0001O1O001N1O101O00100O100O1O1O2LXYaU3
20110819131834Ch_3,de^\13ko13M3N1O100O100O1O2O000O1000001O0O10O10O100O1O1O1N200O1O10000O100O10O010O010O10O010O01O0000010O0100O2N1O1O2O0O2N10000O10O00100N1O2O1N2N1O2N2M2N2O1O10O2O0O10O0101O000001O010O00100O1N1O2O1O00100O100O010O100O10O01O1O10O100O100O10O10000000001O001N102NRPP1MQPPO1N2O1O001O00000000000001O01O000001O01O00010O00001O001O100O00100O1O100O10O0100O2O3L3N1O00O100000000O1O001N2N2N2M2N3Lc[SW2
20110819131834Ch_4,afdQ3762Ro1b0L3M3N2O1003M3OOO1O1O3M2OO00O2N2M2O0O2O1N2O001N2O0O1O100O2MgW]l0
20110827141254Bh_1,RhbZ33lo13M1bPNK_n15_QN3OM]n1T1O2M3M3L3N4J7J9G5MSNeRNX1Ym1dNmRN[1Rm1dNQSN\1nl1cNTSN\1ml1`NWSN`1lm1I3M1N2O1O5K01001N2OUQNPOdn1W1000O1O000O101O1O10O106KO01O10N1N2O2N3L3OO1O10O00001002ON2N1O1N10O10001O01N1002N101O01N3M20N010O2N2N04M1O000O2N2OWRN\OTl1e0fSN_OZl1b0cSN^O`l1b0^SN^Oel1a0^RNZO?5Um1`0XRN@`01Zm1k0dRNVO]m1i0`RNZO`m1h0SRNCom1V16J1O3M6J;D2OSRNROhl1m0XSNUOhl1j0XSNWOil1g0VSNZOll1e0RSN\Ool1e0nRN]ORm1d0jRN]OXm1d0dRN^O\m1c0bRN^O_m1b0_RN]Odm1b0ZRN^Oom1<oQNCTn1=iQNDXn1?cQNB_n1n02N2N2N4L4M0O2N1O1O1O2N2\OjPN:ao1L3N2N3MXQY=
20110827141254Bh_2,ZlbR23lo13N1O1O1O2N010O1O001O1O1O1O000010O00102M3M001O0001O000010O01O001O00010O000010O01O01O10O10O100O010O1O010O010O10O100O01O001O000O1000000000000O1000O10000O101O0100O1O000000O1O100O101N1O1O0001O1O101O1O001O0000O1N2O1O1O100O1O101O001002N2N0O1O01O000001O1O100O02N100O10O010000O100O2N2N1O100100O0001N5L1O100O20N8H2M10gPNBPo1h00N2N1N2O1N5J5K\QWc1
20110827141254Bh_3,am`o11no12N2O1O1O1O1O010000001N100O101O000000000O10000O10010O100O01N101M4M4KbQYn1
20110827141254Bh_4,Yhjc13mo11O1O1O0100O01O00100O010O10001N1000O01000O010000000000001O0001O00001O002O1N000002O11M10O1O2N1N3KXVSY2
20110912142254Bh_1,Xbif15io13M1O2BLlPN7So1;O1O1M3E:O11N2N2N3O1N2O2M3M2N2O2N1O2N1O1O2N1O2O0O1O101N2N2NP_PW2
20110912142254Bh_2,]dng06ho14L;E4M3M7J2N1O1O10mN`QNe0_n1ZOdQNf0[n1WOiQNg0ln1M2N3L20000O0001O0000000000O0100O01O01O2N7I5J5]QNSOkm1P1QRNROnm1Q1mQNQOSn1P1kQNQOUn12RRNd0nm1WOZRNf0hm1UO^RNh0_n1N5L010002O0N0001O3L3M3N0001N2O00O2N100O00000000000000001N1O2M4K[X]S3
20110912142254Bh_3,ncV_29fo13M2N2O0O02O0O1O10000O100000O100001O00001O00O11O01O01O01O00010O100O010000O101O001O0000O1000O0010O1O001O101O0001O1N2O0O100O100O10O101N2O1O1O3M0O1000O1O101N11O0O100O0001O01O00001O000010O001O00000001O1O002N1O1N2O1O1O1O1O1N2O1O00O101N3WOkPNc0]o1L1O2N00100O010000O010O010O0100001O010O001O001O00001N1O1000O011O1O1O0O100O100O100O1000001O00010O01O01O000O010O2N1O2MaXkU1
20110912142254Bh_4,bakT26io13M2N100O100O01O01O001O001O1O1O1O01O011O0O10001N01000000O010O0001O0010O10O0001O00000001O00O0L6L3K5I70O1M3N3O0O200O10O01O001O00O000100000001N1O100N2M3O@F\QN;cn1JYQN5hn1`02O1O1O1O1O0O101O1O001O1O1N1N3O1O1O1O100O00010O01O0100O010O1N1O2O1O000000O1M3L50O001N1O10N1K60O11O010O100O1000000O10O01O01O2O1O1N200O000000O1O10000000O2O1O01O000000000000000O2O0O2N10001O0001O1O1N2N101O0O2O001N1000001O0000000000010O01O01O00001O0O2N4KYb^^1
20110912142254Bh_5,f[ZX25ho15K4L4M3N2M2O1O1N3N1N3mNUOlRNn0nl1ZOnRNi0nk1QOTTN;Kf0Pl1SOoSN<Ih0Xl1mNhSNZ2Zl1f01O3eL[SNT3jl1001[SNnLXl1`30N1gMfSNi0Zl1QOkSNP1Ul1lNQTNP1Vl1eNUTNT1mk1gNXTNU1lk1fNYTNW1lk1aNZTNZ1[m1K3M5K5L4L2M2O1N2O2M5K5JZcod1
20110912142254Bh_6,`nn`26go14N2N0dNGSSN9ll1NnRN1Sm11kRNOUm13iRNLYm1a0WRNAlm1>PRNDTn1:hQNIXn1o0010O3N3L2N2N2N2N4L4L2M4_OgPN5do1M2N3M`Q[]1
20110912142254Bh_7,^fSa19do15M1O2M2000001O7J0O1O00001N10001O01O2O1N10O01O01O1O010O01O000O100001O010O00000000O1O2N1O2N1O2O0O2O1N2N2N101N10N101O1O1O1O100O1001O0000O10000O000O10001O001O010O0100000O1N2N3L3O100O100001O00001N001N1O101O1O100O2N1O10O10000O101N101N1O3N1O2N1O1O0001O0000bNVOfSNi0Yl1\OdSNc0\l1_OlRNF7j0nl1BeRNJ;b0Qm16mRNHVm19iRNEYm1=ZRNMgm1U11O1O1O1N2N3L3E=QOaQN7cn1EbQN3fn1H_QN2UZnU2
20110912142254Bh_8,]V_a01ko1;G7I5J9G5L3M3M2M2N11O2M3K6M4nNaQN<Uo1Hni^]3
20110912142254Bh_9,ecXj12mo13N001O00000010O01O001O1O1O1O3M3M2N1O2N1O1O2O01O2N3L1O1OO1O001N10100000O3N4L2M2O1O00O2O0O2N1O2N2O1N2O1O1O2N2N3M2N010O01WOQQN?Po1]OXQN?Xo1L101O00000O100O00100O00100O000100O0nPNJZn17bQNM^n13_QN0an10\QN2en1OXQN2in1NTQN5ln1>2O1O1O1N2O1N1O2M3N101O1O010O100O2O1O3L2N2MSZQo1
20111015063134Lh_1,PdTS23lo11O2N100O100O10000000001O01O0001O00000000001O00000000O1000001O001O001O010O00010O00100O000100O001O1O001O100O0100000O10O10O001O001O1O001N2G9N3N1O1O1000O1O1O1N2O1O100O10000O010O1N2O001O1M3J5010O010O010O1O100O2O4L0O10O01O001O1O01O00010O00000000000000000O101O010O00001O0000001O0000O10O100O101N10O10000000001O00010O002N00100O1O1O000000L4O100O10000010O0001O0000000000010O01O010O1O1O01O00001O0000010O00001O01O01O010O01O1O100O001O01O001N2O1O001O0O1000000001O00010O01O0010O00O2O00001O1O001O1NYZg]1
20111015063134Lh_2,dhRm05io17K2M2O001O1O0000000O10O10O2O0O2M201O0010O100O1O1O01O010O010O100O2N1N3M2M8I2N10RO\QNa0cn1[OdQNb0\n1[OhQNd0Zn1WOiQNi0hn1O001O1O00001O010O1^OgPN;ao1N10O100O00O2O000O]OJ^QN7`n1M]QN3an11]QNObn15[QNLcn17ZQNKdn1j0O1O0100O6J001FWQNYOkn1e09O1N2N2O2N100O10000O1O01O00O101N101N2O1O1O1O2NTWel2
20111015063134Lh_3,naST24ko12O1O2O0O2N1O1O001O000000O10O1L4jPNAjn1`0UQNCin1>UQNCkn1=UQNDjn1=UQNCkn1>RQNCon1g00O1N2M3O1O100O1O10000O1000O1L4N2O100O1O100O001O001O01O10000O1000O2O000O101O0O0100O0O2O1O0010O01O1O1000O010000000O1001N100O101N:G2M3N000O0010O010O1O001N02N101O001O10O000HMcPN4[o1:N2N2N110O1O10O1O0O2M11N3O00CmPNOSo1ORQNNmn11XQNKhn16a0O0001O0O2O010001O1N2O2Mk_Xc1
20111015063134Lh_4,XcfQ33mo11O100O011O0O00100O010O010O010O010O01O0001O00000O10O2O0000O1000O10HLcPN5\o1NaPN2_o18O1O1O100O1O10O01O01L30010O01O100O100O2O0O2O2N1O1O100O1O1O2N2N101O1N2OO010O010O1O2N1O001N101N2O2N2N100O1O10O01O100O100O100O100O1O3M2M2O001N2O2N1No[_g0
20111015063134Lh_5,nUoj06ho14K8J2O1N2N1O2N100O2N3H9M1N3M101NWOiQNKWn13mQNKSn13PRNLPn1KZRN4hm1E]RN;en1O1O00010O01O0000001O01O00001O2N2N1O1O001O0OYiXR3
20111015063134Lh_6,aVa>4ho15O000O11N100001O0O2O6H3O000001O1O2M2N1O1O1O1O01O00100O100O1O1O1O01001N1M4N1O0100O010N10100O10O100O01N2N2O1O1O10O01000OO2O0010O1O100O1000000O1000000O1O2O0O2N101N1O101N100O100O1O1000001O00101N2N10000O1O1O1N10001N1001O001VO^QN4bn1FeQN9\n1ChQN<on1O1O101N2N2N3L_inY3
20111015063134Lh_7,WjTU15ko12N1O10001O7I2N1N10O100O101N3N000O11N1O1O1O00101O101N4N4KO100O13NO00O1006I0f0ZOO3fN[QNR1mn1M2M5K4L2N2N4AaPN7eo1O00001O000000O10000001O010O01N2O001N1000O2K5M3NVS[f2
20111015063134Lh_8,WbVh05ko11O1O5K3M1gPNEkn1j0M100O1000O2O0O2O0O110O1O1000O1N3N2UQNSO_n1X1O1O1O10eN`QN62b0cn1\O`QNb0`n1^OdQN?\n1_OkQN<Tn1DnQN;Rn1CQRN<IEam1LiRN?BHan17^QNJb1JQk1<[SNLX1IdN4hl16ZSNN5FH3b05\O0kl15USN073KB2g0gl14YSNP1gl1U10^MZSNh1gl1UN[SNk1fl1RN^SNl1bl1SN`SNl1al1RNbSNNBc1ll1^NQTNOTOO4e0hl1\ORTNNDd0[l1\OoTNc0Qk1\OQUNc0Xm1N2O2N1N1O1O2M3HdYUT3
20111015063134Lh_9,nbal13ko13O0O1000000O01O010O10O100O1O1O2N1M3H8N2O100001O3M5K100O001O1CbPN7do1O1O0000000O10O10O1000O100001O0OW]^P2
20111015063134Lh_10,bddl11mo13O001N10000O100O1O1iNJcRN7\m1LaRN5_m1L_RN4cm1LXRN8im1HTRN9nm1GPRN9Rn1GjQN:Xn1HdQN9^n1H^QN8en1IXQN6kn1=3M3M3M4M2M3M4L^\aQ2
20111015063134Lh_11,\Ron13lo17I3M101N1O2O2N1O02O3L3M\ODfQN:Wn1LgQN2Xn10jQNNUn13j01O0002O000OO1M5N100O10HfPNJZo1770O1O1N3N1O1_OMUQN5jn1a0O001OF[QN[Odn1c0`QN[Oan1c0bQN\O^n16[QNO9I^n16\QNNUo10mPNNUo10`PSn1
20111015063134Lh_12,ZaW`13lo12N101O001O1O001O1O2N4K2O100O101O0O10O01O01O000010O10O1O2M3L3M3O1O0010O001O000O10O100O2O0O10001O000000001O000O2NW^V\2
20111017113714Th_1,`TYj24ko12O2M4K6J5L2N2N2N3M1O3M2O3L5J3N2N2O1N1O3M1O2M2N2O0jNXNbSNL4m1Xl1kNdSNV1Zl1Y10O010O000O2N1O2M3O1O7bNTSNPOKCTm1Y1VSNoNKCRm1\1YSNiNUm1U1l0O1O2N1N2I8K4N3N2L8I6JXmZR1
20111017113714Th_2,UdZn24ko12N10000O2O00000O101N1000O10000001O00001O000010O0001O001O000000000000000001O0001O01O01O00001O00001N10000010O0001O001O001N2O1N3N1O000000O1N2O100000O101O001O0O2O1O1O2N1O0000O1I8M2M3M4N101O001O00010O01O010O1O010O1O2O0O1O100O1O010O010O010O01O01O01O0O10001O001O001O1N3E_PN3nZ]i0
20111017113714Th_3,hiVf15jo12M3N2N1O2J5N2N3O1O1013L2N1O1O1O101N2N001O000001N10001N3N1N2O1O1N1_O[OfQNe0Yn1\OfQNf0Xn1\OfQNe0Yn1]OfQNb0[n1^OcQNd0\n1^ObQNc0^n1`000O100O1OO10000O100O2N1O2M3G8O2O1O1O001O1O001O00000001O10O10O10O1O010O010O0010O00010O00000000000001O010O1O00001O001N101O2N1O001O1O1O1O1O002N1O1O100N3NjTaR2
20111017113714Th_4,jPUm15jo12O2N1N3N1N10000O100O101O2N3M1O1OO010O000O1O10001O2N1O2O1O2N3M1O2N1O1O1O2LSo^P2
20111017113714Th_5,eakh23lo12N4M2M4M1N10010OO2O0001O0O100O01000O10000O10O10000O10000O100O10O0100000000O100O1O1O0010O01O01O1O0010O10000000O1O1I7N2O1O100001O1N2O2M101O0000001O0O1000O01O10O10O01N2O001O100O1O2N1000000000O1O1O001O001O0000100O00100O0010O00000O0N3O11O1O00100O101O0O010O1O001O0010O01O1O2O0O01000O1O1O1O3Ln_Tn0
20111017113714Th_6,Rcj\2844Po1i0oPNQOXn1e1ZOb0I5L5H7N10]NiSN^OXl1=h1D;N3O1N1N2N2O1N3N10001O001O0O2N3M3Me^]a1
20111017113714Th_7,l^bU16io15K4M2N1O10001O04L2O0O000010O100O100O1N100O0100O100O1O1O1N2N2MV`]h2
20111017113714Th_8,W_kj12mo13N1N2O1O1O1O1O1000O1100O1O010O6J102M2N1O1026G5K4K1O2M4K`_ZS2
20111017113714Th_9,oUQf12lo14M101O1O001O10O01O001O0010O1O01O010O0001O10O1000001OO10O20N1100O001N2M2O2N3M5J3O1OO102O2TOoPNg0Wo1L1O1N1O2M3L4LehdV2
20111017113714Th_10,bjTc01mo15L2O000000000O10000O1O100O1O10O10O1O0010O01O00100O01O001O1O100O1000000O1O1NPV]Z3
20111114063134Lh_1,\___23lo13N0010O01O0010O00000000O0100000000000O10000O10000O1000O0100000O1000000000O2O0O1O1K5N2O100000000000O2O001N10000000O100O100O10O01O1O1O1O101N20O2N1O2L4M1O2N10000O10000000O010O100O0100O0010O010O0O2O001N2O001O1O1O001O1O00000O10000O10OD[OZQN0Lh0hn1;02O0001O00001N101O1O1O1O1O1O0O2O001O1O0O2M201O1O0O1O1N10O1N3O0O20O1O010K31O100M3O1K40002M3OK6N2N1J7K401O2O1NmdhU1
20111114063134Lh_2,Yb^V15Wo1OWQN4gn1NUQN6jn1KRQN8nn1IoPN9Qo1;1O1O1O010O1O1O001N1O2M2O2O001O001O01O0000001O00001O1O1O1O010O1O1O001O1O1N3N1O100O100O01O0O1O2O0O1O1O1O100O101N101O1N101N100O1000001O01O001N2O0N3M3M3N2O1O1O13N1N2O1O2M1OO10002N3M00O010O01O011N1O2O]ORQN4ln1KVQN6hn1I\QN5bn1KbQN4[n1LhQN5Un1KlQN7Qn1HQRN;lm1DVRN<im1AZRN`0cn101O2N0000O10O1O001O01O1O1N3M3M2M3O1O10WOVQN;Xo110O01O0hPNAnn1n0K00O001N1O1O1O2N101O1N2O1O1N1O1O1O1O101N10O100001O00010O100O010O101N10000O0100O10O10O100O2O0O100O101N4M1N000000O100O1O2N1O1O0100O0100O010001N100O2N101O01O010O0010O010O01O0100001O00000O1O1O10000000O1O100O0100O1O010O2O001O2M10O1O1O1O2O0000O00100O1O010O10O010O1O1O010O01O001O1O00010O0001O001O1O2O0O2N2N2N1N100O10N2M3N2O101O01O00000010@ePN:bo1N2O0O01O01000O10O0100O10O010O100O2N2OO100O101N01O010O01O01000O1\PNK\o1=O10O0010O01O01O01O00001N10O1000000000O01000O2O002N2O0O010O1O010O100O010O010O010O1O1O010O100O001O00002M`W[Q2
20111114063134Lh_3,X`mT11mo14L2N1]OKZQN7en1LXQN6dn1OZQN0fn13WQNMhn17TQNJln1e0O0100O1FUQN@kn1=<H81O1O1F:00A_O_QNa0`n1`0O10O100001O010O0100O104L1N2O0000000GTQN^Oln1a0VQN^Ojn1`0ZQN]Ogn1b0<N20001O0O10000001O000O100O10O1KcPNF]o1:5O2O0000001O0001O001O00010O000000000001O00000O10000000000O100O100000O101O000O100O100O1O10O0100O100O001O1O001O1O010O01O1000O10000000000O100O100010O0O10001HfPNHZo17801N10O1000O101O1O001O000000000001O00000001O00001Nhbj`2
20111114063134Lh_4,Ug`_21ko15M3M1O2O0000O10O100L22O2O001O001O001O01O00100O001O1O001O100O10O010000O010OL5N101O001O010O01O01O01O01OO20O01O1O010O100O01000O010O10O010O001O001O10O01000000O1000000O100O10000O10000000000000O100000000O1000000O100O00100O10000000O10O10O101N1O1000000000000010O010O001O01O0001O0010O002OO01O01O0@JVQN7hn1KXQN4gn1NXQN3gn1NXQN2hn1OWQN1in10VQN0jn10WQNOin11WQNOin11WQN0hn10YQNOgn11ZQNMgn13[QNJfn17a000001O1N7J1O1O0000001O1O00001O01O0100O10O00010O01O0010O1O00001O000001O000010O010O10O10006jPNVOhn1S1O1O0O100O1O103MO3N7I2N01O000O10O11N101O000000WOZQN7hn1E[QN:Uo1010O100O1002M4M0O1N3N3KlX_Q1
20111114063134Lh_5,]b^j23lo11N2N2O0O2OO100010O0000010O001O001O1O1O1L4N2O100O1O10O01O010O01N101O0O2N1N3N2O010O10000O10000O10000000000001O001N100000O1O1O101N10000O1001O00000010O000010O0000001O001O0001O00000000001O00001O000010O10O02O4K3M1O100O000000000001O2N3M2O00O001O000O1O010O0001O010O100O0100001O00001O001N2L[^el0
20111114063134Lh_6,P^oS38fo16_PNGQo1f0M2O1O1O0O2OO0O2I6001O1000O100O010O1M3O2O1N2M20000000010O000000001O01N2O1O1O0O10000000N2J60O101N100O2N101N1O2N010OO2O1M300O110O000O0101N1000000O2O000N2001O010O00O20O0O2O1N2O0001O01N1O01O01O0100O1O2N10010O00N3N100O2O0000O0O2L30100000O101O0O100000O2N1O2J5O1010O01O100O10O00000O1O1O02M10NK5201000001N100O2O00010O000O1ON1O12N20000000O1N2O01O1O2N1000N1L5000O2O1N1N2O2N1O1O1O10O02N2N2L4Jfin?
20111114063134Lh_7,P]`k0<bo14M2N5K3N3L3M3M1N3N1O2O001O0102ON9G1N100000O100N2N2N2O2N1O5J6K3M3N2M2O1O10000O10001O0001N101O13L00O1O011O02N2N00000O01O10O001O1O1O0010O00010O10O100O01N1O2O0O2O001O2N1011O1O0OO5L1O1OO1O1O1O1N3N1O1O00O2O00100O2O2M1O01O0O1O0O2N2O1O1O1O1O1O1O101O000000000000000O1O101N101O0O101O1Nm`ik2
20111114063134Lh_8,[SU`14^o1OlPN2Qo13jPN0So1`0O101lPNXOmn1o0N2O0O1O010O000010O0O100[OUQN6ln1HXQN5hn1LZQN1gn1M]QNNfn1O]QN0dn1O]QN1cn1O]QN0gn1KZQN6Xo1O001O1O1O1ORmj]2
20111114063134Lh_9,obdY25ho13L3O2N1M2D;O101OO10OI802O0M301O10O01L4O10000O101O001O00001O1O001O2NU_Ud1
20111114063134Lh_10,_kbf21no12N2O0O100000O0100O01000000O0100000000000000000000000000hNLdRN4[m1OcRN1]m10bRN0^m11aRNO_m12`RNN`m13_RNM`m15_RNKam16^RNIbm19]RNGcm1:\RNFdm1;[RNEem1<ZRNDgm1<XRNDim1<WRNCjm1<VRNClm1=SRNCnm1<SRNCnm1=j001O10O0101O1O`PNIVo1b001OO1N2N2L5G]UcU1
20111114063134Lh_11,Yhfa05ko12N1oPNIWn18gQNKXn16eQNK\n15cQNK^n15aQNKan16\QNJfn18VQNHkn19SQNHnn17QQNIPo17oPNITo15kPNKWo15gPNK[o1<2N102M2O0O1O000000O1O1O1O10000000O10000O0O2O100O01O100000O3L4MoV][3
20111114063134Lh_12,defo08go120O100010O101N1O1O102N05KO10O100:F0ON2O2L3M[Ykn2
20111114063134Lh_13,U_Qi04fo17M2O2N9H8H4L:GO1O5K>A3N2M3M5JX`nU3
20111122063134Lh_1,]nji15io16K3M3N1O2N101bQN@Ym1`0eRNCZm1?cRNC\m1?`RND_m1=_RNE`m1<]RNGbm19RRN2om1P1O0100O2O000001O000000000O0100O11O1000O0O1O1O8H3M1O[SNcNhj1\1VUNhNij1V1WUNkNij1U1VUNmNjj1R1TUNPOmj1o0RUNROnj1m0QUNVOnj1j0PUNXOPk1h0nTN[OQk1e0ZTNiNFd0ok1d0WTNnNEa0Sl1b0VTNSO@>U1XOei1Z1]UN9?nN]1AUf1\1dWN=e0mN3XO<5Wg1\3VXN[M2XO7:ag1W3oWN]M3VO:8dg1X3iWNYN`0`Nig1a5TXNaJng1_5oWNbJTh1ZO`WNn58hJch1Y61N3XIUWNV6^i1L4K7J3M3M5K3M4K4M3N2M1O2N2N2M4M?[K_TNg2OYNlk1`1_TNZNck1c1`TN\Nak1k0QTNkNb0C_O:Ql1IkSNP1o1QOdj1g0aUNUOcj1e0_2J5N3N1M4Kll`P2
20111122063134Lh_2,]c`U14lo11N2O10000O01000O00010O1O10O10O100O001O1O0010O0001O010O1O1O1O2jPNCfn1>WQNEgn1l0N1O10O001N1O010O2N1O1O2M2N3N100O2O1O1O001O100O01000O000100O101N100O1O0010O010O101N1O1N2O1O010O1000O1000O010001bPNCUo1g0NO1O1O001O1N101O1O00100O1O001O1O001O1O010O00010O010O010O2O1O0O1000O10O10000O1000000001O001O1N2O2_PNFVo1c000O1000O2N3L4G:IhYYa2
20111122063134Lh_3,QZoa25ko11N2N1O1O100O1O1O1O0O2000O0010O01O1O1O1O00100O001O1O01O001O0001O00O101O0O101M2O1O2M2N100O1001000001O0M3010O0010O01O00O1LHGRQN:mn1=O1O1000O1O2K4N3N1N2O2N101N2N2NThTY1
20111122063134Lh_4,cd`l02mo12O1O00010O00000000001O010O001O10O01O1O100O1O001O00001N101N101O1O100O001O000000010OO2O1O2N001O0O200O10O011OO11O000_PNFZo1b0O0O01O10O01OjPNAkn1`0TQNAln1?RQNBnn1h0100O1O100O10000O10000001O10O01O2NO101N2O1N2N2O1O1O100O1N1000000001O2WQNAlm1b0kQNDVn1R110hQNkNdm1i10O2M3L7I5bNhQN520kn1JPY_l2
20111122063134Lh_5,gfXc28fo13O1O1001N3N0000O010O010O01O00001O0010O000001O00000010O00001O001O0001O01O01O00001O0001O00001O00001N1O101O01O1O100O1000O2O1N010O100O1O1000O100O1O1O101N2OO0100O010O0010O0010O1O10O01O1O1OmWmV1
20111122063134Lh_6,aj`T32mo12O1O1O1O101N2N9H0O1000001O211NO00O1O0lPN[Okn1o0O0000O3N2N1O2M2O001O0O206I1N2O0O2O2M1O10O00010O01O001O0OcS]h0
20111122063134Lh_7,R[eg14lo11N100O2K4N1010N2O100O1O100O01O0010O00000010O0100000000001O0001O0O1000000000O10O100000000000O010000O01000O1000000O1000000000000O101O000O`ePT2
20111122063134Lh_8,^eRX22mo13N010O100O100O2O0O103M2N001O00010`PNEZo1a00O00000002N2000O2O1M3M3M4M0002M3NO01O010O1O20O2M3M2O0O000010OO100O10O01O0000000O0100O1O1O001O010O01O010O0100O010000000O10O01OO101O000010O010O01O1O010O10000O2O0001O000O100O10O10000O10O10O01N1100001O01O1O010O1O2N^P>0boA2N2O000000O01000O1000O01000O1O010O10O01O0000O2N2NcWS^1
20111122063134Lh_9,hc^c0a0e0BPn1e0iQN^OTn1X1N3L4J6L:G2N20O010O10O0000B]RNaNbl1HVTNh1ZO^N_l1MlSNn1GTN[l12`SNLOQ27QNYl1c2iSN\MWl1b2lSN^MTl1`2oSN^MRl1a2QTN\Mok1_1cSNfNM>Vm1l0QSNaN1=ml1Q1bSNmN]l1S1eSNmNYl1T1gSNlNXl1U1iSNkNUl1V1kSNjNUl1V1lSNhNUl1X1lSNgNTl1Y1mSNfNTl1Y1mSNfNTl1X1oSNfNQl1Y1RTNdNok1[1[10O01O2lNbQNe0^n1ZOfQNb0]n1[OjQN3Zo1MV^iY3
20111122063134Lh_10,ggh^13lo12O0O2O1O001O1O011O0O20O001O0010O000010O1O1O0000O010O010O10O10000O1O01000O00010O010O1000O10O10O10O10O010O01O01O0100O1O1OoV]]2
20111122063134Lh_11,Pi^c04do19hPNFgn1<SQNLjn1g0O7I3N1OO1O3oN[QN?Wo1M0O1O002N1O3M2N2N100O10000O100000000001N010O01KfU]Z3
20111122063134Lh_12,mfbi07go15M3L3O0O204MOO00O01O002kPNZOmn1P1N03L4K^QNYORn1a0iQNEVn1;gQNHYn1o02M5K5I8H6IjWkT3
20111122063134Lh_13,^WYZ3<bo13L3N2N100O10KhPNAZo1;601O0011N100O100000O001O1O1O2O001O010O1O0010O1O001O1O1O2O0O2O001O0O2OO100O1O2N10O01N2M3N2O2N3MliVb0
20111122063134Lh_14,mjPj08fo14N1O2N7K20OO00O011N4M0O2N3M2M2MUTmT3
20111124153054Bh_1,XcZo13mo11O0O20O00O2O001N101O0O2O1O1O1O001O0010O010O0010O000010O010O00010O010O00001O010O01O01O01O01O1O0010O01O0100O100O1O00100O00100O01000O1000O11N100O2O1O0O2O000O1O010O1O010O010O10O01O010O001O010O000000010O01O01O001N2O000000000000O10000O100010O0001O10O0001O001O010O1O001O000010O01O1O01O01O01O00010O010O0010O010O001O010O010O10O01O010O001O001N101O001O001O1O0010O010O1000O10O0100O101N101N100O10O0100O1O1O1O2LWZUd1
20111124153054Bh_2,kmbg27io12N2N1O10000O01000O1000O11N101O1O1O004M8G3N001N2lSNQOSi1P1hVNTOZi1[1RVNhNoi1W1jUNoNWj1o0dUNWO\j1i0`UN[O`j1d0^UN_Obj1`0\UNCcj1=[UNHcj17ZUNNdj13XUN2gj1MWUN7gj1JUUN:kj1GnTN?Qk1ChTNc0Xk1@aTNc0`k1o1000010_TNPLoj1R4jTNULUk1]40O11hTNVKdk1h4EO2M2N10O2N1O03aKlTNk3fk1O2M2O6J1O1N1\NiSN^OWl1;VTNhNCOYl1R1`TNdN]O8[l1h0oTNWOnm1O2OO0100O01O01O01O0001O000010O0001O1N2NgjnR1
20111124153054Bh_3,mc`g14ko13N2M101O1O001O1O1O2N8H2N1O010O01O01O010O01O0010O01O00010O001O01O01O001O001O1O1O1O1O1O1O100O1O1O1O001O10O010O011N1000000O2O1O100O01O01000O1O100O1O010O0100O1O4L0000000000001N1O10O1000O01001O1O1O101N001O001O001O1O1O100O10O0100O2N3M6J2O2N1O00a0_O4L1OkMbRNg1om1N005J2Nb0^O1N3M3M6K0O2N1O1O001O000O10000000O1001N2N1OgUSo1
20111124153054Bh_4,SbhW14f15Tl1OgSN9Tl1HkSN;Rl1GlSN;Rl1FmSN<Rl1DmSN>Rl1BmSN?Rl1BnSN?Ql1AnSN`0Ql1AoSN?Ql1AnSN`0Ql1AmSNa0Rl1@mSNb0Pl1AnSN`0Ql1AmSNa0Ql1BmSN?Rl1ClSN?Ql1CmSN?Rl1CkSN`0Ql1EiSN`0Sl1EgSN?Wl1H^SNcNOj1_l1f1LBjSNXMTl1]2\TN`Mck1_2`TNaM^k1^2eTNaMZk1^2iTNbMUk1]2nTNbMQk1^2PUNcMnj1]2TUNaMlj1^2WUNaMhj1_2[100fNkRNLUm13PSNJol16SSNHml14YSNKfl12_SNL]l17fSNHXl17mSNGRl18QTNFok19UTNDkk1<XTNZOok1f0WTNROjk1o0c100100O1O2N1O2O1N3M2N3N1N2O10O0101O0O1001N1O2N2M4M2M3M3M3M?A6IP_]c2
20111124153054Bh_5,\e^b16io19H4L2O000001000O2N10O031M1O0011N010OO011N001O00000O010000O0100O1000001N10O10001O1gPNCln1k0N1O3M4M1O01hNZQNQ1Po1L1N1O:F100O0000001O001O001O001O01O1O0010O001N1N2M6IjVkX2
20111124153054Bh_6,^\_V25jo13M4L2O2L4L6I6L3M3N1O2O20O001M101O2M2N2N1WOXQN8[o1M2N3Mbbng1
20111124153054Bh_7,jhT[12lo15L4M4K3M2O3L4M2N3M101N2O10O01N101004K3N1N1N2O1N3N1O1O001N11O00O101O1O1O000O01000O010O1O1O000O2O00000O100O100000O010O0100O01O01O001O010O1O10O1000O101NlUS`2
20111124153054Bh_8,Phfk26io13N2M2O100O1O1O1O00010O00O10000000001O001O010O10O010O1000O100O1O1O001O2N3L`WmQ1
20111128175514Mh_1,i_ng23lo12O001N101O001O0O101N1N3M2O2N2N1M3O1O1O010O10000O010O1O100O001O1O0010000000O10001N100O100O100O2N1O100O100O1O10001O00000000000001O00001N2O1O1O100O100O2N010O0010O00000001O00000000000001O000000000000000000000010O01O0001O00001O010O01O10O0100O001O001O1O001N101N101O1N1O2O001N2N101M2O2M3NW`Uo0
20111128175514Mh_2,]a\c27ho13L5L6J4K5iNXOoRNl0ml1ZOnRNh0ol1ZOnRNn0ll1TOQSNo0ml1ROPSNQ1ol1POkRNV1Sm1mNiRNU1Wm1j00001O0O100O100OfNVSNAil1=]SN_Ocl1?`SNA_l1<eSNDYl18lSNISl15oSNL6WO_j1m0[UNNO]Odj1c0_UN2@FPk17aUN5YOIUk12bUN8QOL]k1KbUNa1^j1]NcUNd1]j1[NcUNe1^j1YNcUNg1`j1UNaUNl1`j1hMkUNX2nk11O10O1O1N2N4gM`RNj1nm1J6J6IT1mN_\cY1
20111128175514Mh_3,Y_^S15io13N2N2N2O001O0O101O1O1O1N2O2M3M2N3M101O1O1O1O01O000010O01O1O010O1O00100O1O1O001O2N1O2N001O1O001O1N101O0O2O000000000001O0000100O1O0100O1000O0100O1000O101N100O010O01O0100O101O0O101O0O0100O00100BhPN2Xo1MjPN2Wo1MjPN2Wo1LkPN4To1LmPN3Uo1JmPN5`o1O2MT_Qf2
20111128175514Mh_4,Y`Pm14jo13N1O2N1O101O000000001O000O2O1O0O2O001O00O101O1O1O001O1O001O100O1O100O00100O01000O0100O010O0100O10O0100O010O001000O01000O10O1000000O1O1O1O2Mk^an1
20111128175514Mh_5,oc^Q35jo1>`PNBcn1Q1M2M2N3M2N3M3M5L3L3N1OkNRRN:lm1AbRN7]m1GgRN9Vm1GlRN`0ll1_OWSN`0hl1^O\SNb0bl1VOgSNj0Xl1VOjSNi0Ul1VOmSNi0Sl1WOnSNi0Ql1WOQTNi0mk1VOVTNi0ik1WOYTNh0fk1XO[TNh0dk1XO]TNi0ak1WOaTNh0^k1YOcTNe0]k1[OeTNd0Zk1\OhTNb0Xk1_OhTNa0Wk1_OjTNa0Uk1_OlTNa0Sk1@mTN`0Rk1@oTN`0Pk1APUN?oj1BQUN>nj1BTUN>jj1CWUN<mN]Ogj18`VN7gNChj16cVN7bNFjj13fVN6[NKnj10iVN5SNOSk1LlVN4oM1Uk1LmVN1nM4Tk1LoVNJRN:oj1KmWN3Sh1NoWN0Ph11QXNNng13RXNMmg14SXNLlg14UXNMig14WXNLhg15XXNKgg16YXNJfg16[XNKcg16]XNKag15`XNK^g16cXNJ\g16fXNIYg17hXNIWg17jXNIUg16nXNIQg16RYNJkf16XYNIhf16YYNKef14^YNLaf13aYNM]f13eYNMZf12hYNMWf14jYNKVf14lYNLSf14nYNLRf12PZNMRf11oYNOPf11PZN0oe10QZN0oe1ORZN2le1OTZN1le1OUZN0ke10UZN0ke1OVZN2he1OYZN0ge1OZZN2ee1N[ZN2ee1M]ZN2ce1N]ZN3be1M^ZN3ae1N_ZN2ae1O^ZN0ce10]ZNOde11]ZNMce14]ZNKde16]ZNGde19\ZNEee1<]ZN@ee1a0m40O101O001O1O;F12M01N10O1O001O0O100O10001N100O10000010O2N1O2N4L4K2O001O01hN\QNP1nn1M1O2N001O101N3M1O10O10O015K0O1O01O011N1O1O001O0001N2N:F2MjWWd0
20111128175514Mh_6,[hdl2:eo15L5K4M2N1N102N2N1O01O1O6J1O1O1O00010O1O1O001O1O00000O1000010O0001O0000001O000O11O1O10OO11O01O00O2O000000001O00O10000O2O1N101O1N100O100O01O01O10O01O010O010O10O01O100O1O1N2NdTmm0
20111128175514Mh_7,\UUX22mo13N1O1O100O100O100O010O10O01O1O010O10O010O010O01O00010O01O00100O001O1O001N2O1NTjZe1
20111128175514Mh_8,^c\Y31no13N1O2N0100O01O100O0010O0100O010O100O011N100000000O100O2O000001O2N0O11O0O10000O010O01O0001O01O01O010O001O0001O00000O101O00O100000000001O01O000001O00000000000001O00001O00010O10O01O01O010O1O010O00010O0010O01O001O001O1O1O001O2MS[a?
20111128175514Mh_9,TPmh21lo14N2O1TOJlQN6Rn1NkQN4Sn1NlQN2Sn10lQN0Sn12lQNNSn13nQNKRn18lQNGTn1;lQNCUn1`0iQN^OXn1d0a01000000002N6J00000O100O1O1O1O1O1O2N1NYPQU1
20111208173814Mh_1,kPQ`24lo11O0O101N10000O10001O0O10000O1O1N3N1000000001O000001O0O100O101O010O100^QNAam1`0\RNCdm1>XRNEgm1>TRNDlm1>oQNFPn1<lQNGSn1S102N000000O1O1O1O10000O2N1O1L5G9M3N2XORQN;Qo1@UQN<Zo1N2N1O2N1N3Lanh[1
20111208173814Mh_2,]]`m13lo12O0O2N100O1O1O101O00000001N1000O10001N10O10000O100000000O10001O01O000100O010O00001O01O0000000O10001O0000010O010O000000O100O2O000000010O00000001O000010O01O001O001O1O1O1O001O000010O10O1000001O001O1O1N2O2M1O0100O1O1N2N2O1N2O001O000010O01O0010O0001O0O101O010O000001O1O1O10O001O0001O00001N1000000000O2O0O100001O00001N1000001O0O2O0N201N101O001O001O000000000000001O001N10001O1O01O010O0010O01O0000O2O0O2O00001O0001O000O2OO01O0100O010O1O1O00100000O11O0000000O101N1001O001O010O00000O1O1N101O1000001O00100O10O010O01O100O115KO2N1O1O1O0O1O101N1O101N1O1O1O1O001O01O01OO10001N10000O2O00001O0O100O100O20O010O0100O0100O1nPNVOmn1o0O1O01O001N2O001O1O0100O01O01O000010O0000001O1O1O00100O00100O010000O10000O0100O1O100O1O1000O1000000O10001O0002OOO101O001O01O2N2N2N2N4L1O1O01O0O2O0O1O100O1O100O100000001O001O1O1O1O1O1O2N2O0O2N001O2N100O10O1O001O0100O11N001001M4Ln\]X1
20111208173814Mh_3,oVWc25jo14L4L5K3N1N2N1O1O1N101O0O1O1O1O10O0O02O1N2N10O1O1O2O1O2O001O1O100O1O1O100O100O0100O0001O1O1N2M3L6L4K^jbY1
20111208173814Mh_4,d]Sb11mo14N1O1O1O001O01O000000O2O0O100000000O101O0O101O00001O00O10O100O1O1O1O1O2O0O10000000O1O0O2O1O100O001O0000O100O1001N101O1N101O0010N101O0O2O0000000O2O001O1O000O2N101N10O01O1O1O010O1N2N2001O001O0O1N2O1NO2100010O01O00010N10000O1OM5L3O1N3N1O11M2J7O1O000O10O1O2O0010O010O001O1O00100O010O010000000O100O100O1O10000O100O100O100O001M2O2O010O01000O010O10000O100O100O1O101O0O2NWf^R2
20111208173814Mh_5,mcVR16io13N2N2O2M2O0O1O100O001O10O01O1O100O0100000O10O101N10O01O2O1N1O2O1N1O1O010O01O01O010O01O0001O01O010O000010O01O010O00001O010O100O10O10O101O4K2mPN]Ofn1c0YQN]Ogn1f0TQN\Oln1l01O001O00001O00000000000YOQQN;Ro1CQQN6To1JmPN4Uo1JmPN5Uo1IkPN7`o1O00001O01O01O00010O0001O00100O1O1O10O010O001O010O010O010O010O0010O010O0010O01000O1O1O001O100O1O0010O10O100O1O1N`Yed2
20111208173814Mh_6,h]le24ko12O1O010O010O0010O0000O10000O1O1O1O100O10001O00001O00001O00001O1N101O0O2O1O000O100000O101OO2O000O2O0O10O100O10001O01O001O00001O0001O00001O1O1O1O1O10O01O000010O000010000O2O0O10000O1000O100O100O1O100O1O2N100O2O1O0O2O0O010O000001O000010O0010O00100O1O1O1O001N2O1O1O1N3N4L2N1O2N1O1O3M1O3M2N2N2N1O1O2N1N2O2N2N2N4L2N1O10A\RNaNcm1]1`RNcNam1X1dRNgN\m1V1hRNiNXm1V1jRNiNVm1V1kRNjNUm1U1lRNkNTm1T1mRNlNSm1S1nRNmNRm1S1mRNnNSm1Q1nRNoNSm1P1lRNQOTm1o0kRNQOVm1n0iRNTOWm1l0hRNTOYm1m0eRNTOZm1m0eRNSO]m1m0`RNTOam1m0]RNSOdm1m0ZRNUOem1l0YRNUOim1k0TRNVOmm1^11O1O1O1O2N001N2O1N3M2N3M2N4K5I5N3M2N2N2N2K4N3N2N2Ne_Ym0
20111208173814Mh_7,fdXb24ko14M2N201O00O100O10O10O01O1N2O001O0O2O1O1O1O001O0001O0O100O100O1O100O100O10000O100000001O001O0010O001O9H1N1O1O10O000O2O0O2O0O2N100O100O10O010O010O100O02O000000001O1O00O100O2O000O16J1O1O0001O0000001O10O001O1O001N2O0O1O001N[WiV1
20111208173814Mh_8,`dT\18go12L3O1O1N2M3K4N2O1000N110O01000O100O1L400010N1O101O0O01000O20OQMYOeVNh0[i1ZOcVN?di1BYVN?ii1APVNd0Rj1]OlUNc0Uj1]OjUNc0Wj1]OiUNb0Wj1_OiUN`0Xj1@iUN>Xj1BhUN=Xj1DhUN:Zj1FeUN:\j1FcUN9_j1GaUN9_j1G`UN9aj1G^UN:bj1F]UN:cj1G[UN;ej1FWUN<jj1DTUN=mj1DPUN=Qk1CnTN=Sk1DhTN?Yk1AcTNb0]k1@`TNa0ak1_O]TNb0dk1_OZTNa0gk1_OkSNGWOk0ol1^OiSNm0Yl1TOeSNm0[l1SOdSNm0]l1TOWSNV1kl1iNTSNW1ml1jNPSNX1Qm1iNhRN[1Zm1d0101N2M3N1N3N1N3N2N2N2N3M3M3H7M4J7I6I8J\_]^2
20111208173814Mh_9,de\[22mo12O1O010O1O01O0100O1O101N1O1O10000O100000001O11N1O10O1O1O1O10O01O1fPNCon1<oPNFQo1d02O1O1O1O1N2O1O0O2O0O1001O000100O010O10O010O1O001O01O010O1O100O1O00001O00001O000001O0001OO10O10000001O00001O1O1O1O1O1O001O00010O000000O00100O1O10O0100O1O010O1O1O00100O0010O010O001O00000O10000O2O0010O01O010O010O100O10O0100O10O01O010O01GfPNI[o178O1O001O001O000000001O001N2OVPP11hooN2O1O10001O0O0100000O101N3M2O0O1O1O1N100O00O1N201O00100O10O10O01O001K401O01N2O2M2M4L5LmU[V1
20111208173814Mh_10,nd\h24ko14N2M4]PNGXo1d0M100O1100O2N1N3M10005J1O00001O0000O10O1000000100O00101^PNEZo1b000O0001O001O0100O101N5L3O0O01M3N3L6I4L2NjWYT1
20111208173814Mh_11,acb`0581Uo11hPN1Vo1>O010O0001O01O01O00100O1O2OO01O10O01O10O00100O00101N100O10O001O00001O0000001O00001O0000000000O0101O00010O1O2N2N2O0O100O01O1000001O2N2N1N10O1000001O10O01O1O00O1000O010O100O00010O00000001O01O000001O00000O2N1O100O100O00100O100O00100000000000001O000000001O00000000000000O101M2K5O1O1O100O101O0O10000O2O2LlZmU3
20111208173814Mh_12,ndVW32mo13M2O1O1O001O1O00100O10O0100001O001N110O010O02N000000001O0O10000O2O001O0001O0001O011N1O000100O1O00000100O1O001O0001O1CfPN1fo1N100O1OjXid0
20111208173814Mh_13,hdea17go13G9N2O1O001O001O1O10O01O1O0O2O1O1O1O010000O100O1O001O1O1O1O0O2O0O101N1000001O001O0000000O100O1O1O1O01000O2O0000000001O0000001O001O002N1hPNCjn1j001N10000001O0010O010N101O00001N100O1O10000000O2O1N2O1N2N2O0O2N2N1O2O1O001O01O0001O00001N100O0100N2N2O1O1O1O100O100O101O0O10000001O0000001O000O2N1M4J5K6N2M3NQ[RU2
20111216103234Ch_1,bfj[23ko13M2O100O10OO100O1SOIRRN8Ym1H]RN296Ym1KXRN5=0[m1NRRN6b0Mgl1JRSNf06Afl1NPSNb09@fl12nRN`0:_Ofl15lRN>=^Oel1\1YSNdNgl1]1XSNcNhl1^1WSNbNjl1_1SSNbNml1_1QSNaNQm1`1lRN`NUm1T22O0O2O000100O1O1O2N2NAQSNoMnl1o1WSNoMil1P2YSNPNfl1n1]SNQNcl1k1bSNTN^l1j1eSNUN\l1i1fSNVNZl1g1Q1H7M3oNbQN=bn1BaQN:`n1EcQN9^n1GdQN6]n1IeQN4_n1JdQN3]n1KgQN3To1N2O1MS\g`1
20111216103234Ch_2,``n`24ko12M2N3N1O1000O10O1O2N10001O00001N1N2O1O10000000O100O0O10000001O1N2N2O0010001N1O1O1001O001O1O1O1N100O2O001O0000O11O0001O00010O00001OO2O00001O001O1O100O0101N001N2O1O1O1O00O2O0O2O1O0O2N2EU`WY1
20111216103234Ch_3,nbPZ1=ao15K3I7N3ZM^OiUNd0Uj1AfUNb0Uj1GlSN_O\1m0bj15YUNWOQOMbk1n0YUNWOXOK\k1Q1YUNTO_OJVk1S1QUNdNZO>c0KPk1T1iTN@;]Ojj1T1fTN_Of0\Odj1U1cTN_Ol0\Oaj1[2bUNeMaj1T2cUNlM^j1P2eUNoM^j1l1eUNTN]j1f1gUNZNZj1Q1[TNjN^14Yj1m0]TNlN\18Zj1e0\VN[Odi1`0aVN_O_i1?dVNA[i1=gVNCYi1<jVNCUi1;oVNCQi1:TWNDlh18ZWNGeh16_WNIbh1NgWN1Tl11O010O01O1Nj[cc2
20111216103234Ch_4,[Zed04ko12O001O1O1O100O1O002N2N1O1N1O2O000010O1O103L2N1O100O2N001O001O010O00000001O0001O01O000O2O000O010O0100O0100000O0010O0O2O10O101O3N1M2O1OVeRW3
20111216103234Ch_5,hiRf02mo12O1O1O10O0100O1O1O1O0O2N2N1N2O1O10O1K5O00100O010O1O10O1000O010N1000001O100O10001O00010O010O01000000O011O2N1O0010O1O1O0000O100O10O10O10O10000000O1000O1O2N2MdUoT3
20111216103234Ch_6,dcVa03ko18I6I4L7J4M2N2O;F3M4iQN_Nem1o1N3N1N5K3M4M5KmMlRN[1lm101O0YOSRN\Olm1>[RNAjm16[RNHgm11^RN0em1DgRN8dn1M0000O1O2N1O1O<D1N1001N1N3I7J5O1O010001O00001O0100O0O2O1L[Y[[3
20111216103234Ch_7,l[ng13lo12O001N10010O00010O00010O0010O000000O2O001O001O1O1N3M4L2O00O1O000O2N200O010000000000000010OO1000O100000010O2OO001N1O1000O100010O01O2O0O2N6K0O001O0001N2O1O1O1N2O001N2O1O1O1O1O10O100O4L2O00O101N3M1O1O1O001O0O3MYc_Q2
20111216103234Ch_8,d\gb23jo14L4M4aPNETo1i0J2N2O1O1O0O2NVOcQN4\n1KiQN2Un1OnQN0om10SRN0km10WRN0gm10[RN0dm1O^RN1`m1KfRN4Zm1IkRN6`n1O2N1O2N]bh[1
20111216103234Ch_9,XdXY14ko14M2M5L4M2M112NZOiPNc0^o1LO11O1N2O2M1O001000O0100N2O000O1O2NYZQe2
20111216174914Mh_1,dfZ_22lo13N2N001O0O101O0O2O0cMHSUN8kj1LSUN5kj1OQUN2oj1OVTNH\O;]l1OTTNI[O:al1O`SNAJ=24dl10\SN>LChl10XSN^1hl1dNUSN\1ll1eNoRN^1Rm1h00O100O100O10O01O1N2O1O1N101M3N1O3M2N3N1O3L5I6J5K6I5M4L3N3M2M4N1M4M4D\\U]1
20111216174914Mh_2,aiVh04ko11O2O0O2O0O10001N100000000000000000000000000000000000000O10O10O10O010O1O100O1O01000O1000000O01000000000001O00001O100O1O10000O10000001N10000O01000000O0100000001O0000001O1O0O1O2M3MiUUR3
20111216174914Mh_3,Z`Tc22mo13M101N100N3N1O1O101N10001O1O1N3N1N10001N100O1O100O1000O01O100O010O010O10O010O001O1O10000000001O00001O0000001O0000O10000O100O10001O0O100001O00000O100O100O2OO01001O00001O0010O01O1O010O1O100O2O0O^OXQNMhn12YQNNgn10\QNOcn10_QNObn10_QN0`n1ObQN1^n1NcQN1]n1NeQN2Zn1NfQN2[n1MfQN3Yn1MhQN2Yn1LiQN5Wn1IiQN8on11000O01000O010O10000O010O10O10O1O010O1O010O01O010O10O10O0010O010O0100O010O00010O010O0010O10O0100O001O010O0010O0100O0010O00100O01O1O2MQ^iQ1
20111216174914Mh_4,obX]16eo1:F6J6L4QN\O^TNf0Qk1TOfSN=U1`0Tk11gTN1Yk11cTN1\k11jSNh0Ul1\OfSNe0[l1_1001A?J6J7K6J=E4J6I6TOl0M3K5Kf_Ua2
20111216174914Mh_5,g\_e27ho14L2N3M2N3M2M3N2N2E;M2O1O1000O1O2K4F;K5M3M3IRdRY1
20111216174914Mh_6,Yc^b04ko13M3N1O2N100O00100O0001O00010O0001O1lPNK\n15_QN2_n1i0N3N2OcNeQNU1bn12O>B3ON4L5K1O0O102Mk0VO11N1O2O0O00O000000O2O0O1000O001O0O2O000O2O0O100O10001O0000000O10000O2O0O2O1N_YoX3
20111216174914Mh_7,YZkf05io1=E1N2O00000001O001O001O010O1O001O01O01O010O0010O0001O00001O001O000O101O0O2O0O100O10000O010O0010000000000000O100000O1O2O1M_eXU3
20111216174914Mh_8,m[dk16jo10N3O0N2O1O1O1O2N100O101O0O2O1O001O0O2OO10000O2O0O2N100O101O001O0O1000010O00001O0001O001O0010O01O3N6I3M1O1O0000000001N2O0O2N1O3M8H4M2M200O11N100O010O01O100O1O1N]cYo1
20120107063134Lh_1,Zi\>1`02d03il13^RNMg02fl16`RNJi02`l1<aRNGm0NRl1\1\SN\NN:el1m1XSNUNel1o1VSNTNhl1d2N2L5L4L4K>D3L3_OmKQUNV4lj1`0N3N1O2^OSKoUNm4Pj1UKmUNm4Rj1TKmUNn4Rj1SKkUNP5Sj1?0nNkUNYLTj1b3]VNSLbi1k3bVNTL\i1a3RWN\Loh1c3UWNZLkh1d3ZWNYLfh1f3k1N010000O0100000100O0]OUTNRMlk1l2XTNPMik1P3[TNkLek1Z2RTNYN_l1f1fSNWNZl1f1kSNXNTl1f1STNWNlk1d1\TNYNck1g1cTNSN]k1n1Y1O2O001WOXRN[Ogm1e0\RNYOcm1h0_RNVOam1j0`RNTO`m1m0bRNnNam1S1`RNiNbm1W1d0N2O0N3M2M4N1001O1N200O2O0000000O0001N2H7O2N101O1N2O001O0100O001O0001O0O2N100O2M2O2O00100O010O10O10O001O0O101O000O101O010O101No[iY3
20120107063134Lh_2,`Zek15jo12O1N3N2N4L2N1O00000001O010O01N101O2N2N2N2YQNVOTn1k0jQNZORn1g0lQNZOTn1g0jQN[OUn1e0kQNZOUn1h0jQNWOWn1j0gQNVOZn1V12O2N100O1O2N1O1O1O10O01O1N2K5M2O2O01O002O0O2N2O1L3L400O1000000O010O00L5M20O1N1I7101O1O1O1O1N1O2M3N2N2N2O1O2N1O1N2N3N1O1O1O1O1O1O100O100O00010O1O2Ncfnm1
20120107063134Lh_3,joVi12mo14L3N2N2M2O1M3N2O1N3N2N1N2O0O2NZOSQN;ln1DXQN;Un1AnQN707Qn1FiQN486nm16RRNLlm13VRN5am1JaRN7]m1HlRN0Sm1ORSNOml1NXSN0gl1O\SN1cl1M`SN3_l1KcSN6]l1GfSN:]l1^OgSNg0bN\Omn1k0100O2N1O108G3M1N101N2M3LhnPT2
20120107063134Lh_4,U^nh24ko12O1O6J1O1O1N2O001N100O10O1O1O100O2N1O100O2O001O000000O1000001N100000O2O1O1N101O1O001O1NhaWT1
20120107063134Lh_5,i[Ri14ko11O2N3^PNOPo1b0O0O1O1O1O2M3M4M2N4K:C6K5[RNTNnl1R2QSNQNjl1S2TSNnMjl1V2RSNmMkl1e2N1O2N2O1OmMkSN<Vl1]OTTN`0kk1\O\TNb0ck1]O`TNb0`k1]OgTN=Xk1CoTN7Pk1IRUN6mj1JTUN6lj1HWUN8gj1G[UN:dj1D`UN<^j1CgUNb0Pj1]ORVNd0li1[OVVNf0ii1XOYVNl0ci1RO_VNHhMm0hk1ZOkVNg0Si1YOnVNf0Ri1YOoVNg0mg1TOXVN5l1f0fg1]O[VNNo1e0eg1@ZVNKR2d0cg1EXVNFW2d0ag1ITVNC\2d0`g1JTVN_O_2f0^g1JSVN^Ob2f0\g1MRVNZOd2g0]g10WYNLmf14UYNHof17SYNDPg1;QYNBRg1>mXNATg1`0kXN_OWg1`0iXN_OXg1a0hXN]O\g1b0cXN\O`g1c0P4O2M6J2N1O2LTfeR2
20120107063134Lh_6,`e^h17ho17J2N1ePNBSo1g01M3N0O1O0O2O0O2O1N2O1O100O10000O1001O0O101O000001N2O1N01000O01O00100O2O3L7J0O0001OO10O100O100O2M2O1O1O1O1O100O1O10000O10000O011O0000001O0O[YmR2
20120107063134Lh_7,[cVV33mo12M110O1O0010O00010O0000010O00010O010O010O10O010O1O010O10O10O0010O01O010O001O0O101O0O100O100K400001000000O2O0000001O1N101N2O1N2O0O2O00001O1O1OW\Ye0
20120107063134Lh_8,a]RZ14ko12M3N2O2N0010O1O100O100O1000O100O10O01O00000001O1O010O1001N100000000010O01O000O10O010O01100O001N101N1002M3N7I10N100O101O5L1N1N2O000O0001O1O2N1O1O1O02O3L5L000111_PN0b1MWk1f0eTN^O[k1b0aTNA`k1?\TNDek1<WTNFlk1:QTNFRl1;iSNF[l18dSNCdl1;ZSNCkl1;TSNDQm1;kRNFYm1:PRNC44om1Z13N2M3M4K4E<L:F3L3M3N1O2Mb^[_2
20120111191454Bh_1,ahlQ25io12N3DLhPN6Vo1;UO^OTRNe0lm1\OPRNh0nm1ZOPRNg0al1SO_TN8nNg0al1TO_TN7nNf0cl1TO^TN7lNg0el1SO^TN`1A^NSk12[UNa1A_NSk11ZUNa1B_NSk12oTNMZOc1d0_NQk12oTNl1NTN[j1HcUN<Nl12RN[j1HcUNX30RMZj1HeUNW30RM[j1GdUNY3NSM[j1FeUNY3NSM\j1FbUN[3NRM_j1E^UN\4aj1a01O000100000eMaUN\MJ]1ej1V1fUNSMLg1]j1=_UN^Nd0U1mi1IaUNjN24b0[1ii1FgUNfN33`0c1di1@gWN`0Xh1YOoWNSORNk0oi11kXNORg11PYNOof10[YNIcf1AjUN1i3<\f1BYZN=ge1BhZNOYe10iZNMXe13jZNKVe16Y50001O01O0000O110N1001O01O100O010O100O1O010O10O10O0100O001O01000000O1010O01O00001O000O110O0001O00000001O0O2NS\mg1
20120111191454Bh_2,lk`V23mo11N2O1O2N2O0O3N3YQNCcm1h0oQN]Oom1e0lQN_OSn1b0kQNASn1a0hQNDWn1S1O0001N2M3J6M2N2@]QN_Ohn1>>01O4K101O000010O010O10001N100001N1O2N2OO010O010O01O2O0O010O10O1O1O00010O000001O001O1O3KmRYe1
20120111191454Bh_3,V_fk04jo13M6F8M3M5M3M1O006LO1O1OO2O3L1N5L1N10lNgQN`0nn1O1O001O3L3N2N1O1O001N10001O01O00O01O01O010O00010O11O2ON10O01O001O100001O1O002N0002N1N1003O0OO12N4L3NN1O1N2N3L5K4LZ]_o2
20120111191454Bh_4,^fic17ho13M2N101N1001N100000010O100O2O00O00001O000O10000O100O2N1M3M4N100O2O00010O001O01O010O001O10O1O100O000000O101O0O2O1N101O0O101N2N101N2O1N101N2N2O0O2N2NXY`W2
20120111191454Bh_5,cc\k25io14M2N1O2O010O00010O00010O101N3N0001O0O100O2O10O10O00000O1000000000O6K1O1O100000O00100O3N1N0001000O100O01O1O0101N1O001O1O10O2O2M001O00001O0100N2N2N2MfYmo0
20120111191454Bh_6,o`d^21no13M2O1O00010O01O01O0000001O00010O001O0100O01000O0010O0010O02O0O100O010O0100O100O0101O1O0O2O1O3M000O1O001O001017H1O00001O001O001N101N3M2N^]Q]1
20120111191454Bh_7,Rdb]26io13N1000O2O0000O1O2O0O2O00000O100O10002O0O1O001OO100O3M2N100O2N001O00001O01O1fPNJin15UQNNjn12UQN0jn10VQN0kn1OUQN2jn1MXQN2hn1NYQN2gn1MZQN2fn1L\QN5Xo1O01O10O0000000O2O0000000000000000O010000000000O10O110O000000000O11O0000000001O01N01000000O01000000O10O10000O10O10O100O0010O0100O0010O100O2N2N^ZQ[1
20120111191454Bh_8,]XQl14ko12EKiPN6To1<00O2OO100000001O001N3N001O1N10001N10000O1O100O01000O1000001O0O2N1OjgdQ2
20120111191454Bh_9,[[b[14ko11000OUO0hQN0Un15jQNIVn1;f03L2O1O1O000001O01mPNAcn1?\QNCdn1<[QNEen1;\QNDen1;[QNEfn1;ZQNCgn1=[QN@gn1?=1N10000O2F^OSQNc0ln1@QQNc0mn1a0F2O001N10001N100O100O100O100O10OcRNaN[l1_1dSNcN[l1]1dSNeN[l1[1eSNeN[l1[1eSNeN[l1Z1fSNgNYl1Y1gSNgNXl1Z1hSNfNXl1Z1gSNhNXl1X1hSNhNXl1W1hSNkNWl1U1hSNmNWl1S1eSNSOYl1l0fSNWOYl1j0dSNYOZl1h0fSNXOZl1i0dSNXO\l1i0cSNWO]l1j0bSNVO^l1l0_SNUOal1m0]SNTObl1n0[SNSOel1o0TSNSN2o0jl1S200001VMYSNX2hl1fM[SNY2Wm1N100O1O1O1O10O01O0010O01000000O2O001O000O100000001O00001O000O2O1O2N10O00001O001O01O1O4L3M3M1O001O2N1O2O0O01000O10RRNeNVm1\1dRNQOSm1Q1hRNTOWm1m0fRNUOYm1j1O01O0000O10000O100010O001N1K5N3N101O001O1O1O001O1N2O001N2O001O001O1O001O001O001000O010O1O1O4jQNXNmm1m1000000001O2O1O1N0101N1O2N1O1O000O101O0O1001O1O003M2PNPRNl1Rn110O010O010O1O1O1N1O3N0O2N101N1O2N2N1O2N1O2O0O2N2O0O1000001O00001O1O001O1O1O1O2O0O1O10O010O010O0001O01O01O00001O2N001O00010O01O1O1O1O1O001O2M2SQNXO`n1V1N2M3N3M3M7I01O2N2B=L3N3FXQNXOjn1<YQNATo1=8O10000O010O100O001N2O2M3NXbWQ2
20120111191454Bh_10,\ZP\22lo13N3M1O2N1O1O100O001O010000O5L1O1O001O00001N101O01O00001O1O1O1O1O100O0100O0010O0010O010000000000O10O1000010OO10000O0101N1O1O010O0001O0000010O1O101N2N2O0O100O101O1N100000O1O100O0010O1O1O1O1O0010000000O10O10O02N1O1O100O002OO110O2OO1OO10O010O000000000001N2O1N2O001O00100O100O010O10O10O1O100O001N100O100O10001O0001O001O001N2O1O1O7I100O010O010O1000O1O2O0O1O1O100O01O1O10O02O4L0001N2N2OO0100O010O0100001O0O10O10O01O1O2N2N1000005L12K2O3L4L2N1O1O1O1O1O1O10O01O01O101N2N101O103L1O00O00100O5K2N1O1O100O0010O0010O010O10O10O1000O10O10O10O10000O010O01O100O1000O0101N2O0O2O00O00100O100O0101N2O0O10O10000O100000O105J1O10O01O1O2N3M2N2O001OPOVQNi0To1M1O1O1O2O2N1O0O2O01OO0000000100O001O01N101O02N8G4M2N1O10O1VORQN`0[o1L1O3L2N1O2N1N2N2Nm\om0
20120115063134Lh_1,QnRd02lo15L3L3N1O1O1_O`0G:M2M4N1WOdN\RN36^1[m1g0N3B>N2N2OlNZSNPOcl1P1bSNnN[l1S1iSNkNUl1U1TTNdNjk1[1\TNbNWk1CQTNk1n0_Nnj1k1WUNRNgj1o1^UNmMli11QUNU2W1eMgi1;nTNP2dl1WNVSNk00fN3>hl1a1fSNUN\l1m1k00L4eHkMi`NX2X_1iMd`NY2]_1hM^`N[2c_1fMo_NX2jIhMYf11j_NV2RJcMWf18e_NT2j`1oMR_Nn1Ra1VNh^Nj1Za1XNc^Ng1^a1[N`^Nd1ca1\NV^N^O_JW2]g1[NQ^Nj1Qb1VNl]Nk1Vb1TNh]Nm1[b1QNd]Na0PK4]g1ZOa]Na0WK3Yg1\O]]Na0aKYOC2ag13Z]Nb0WLYO`f16T]Nc0^LVO^f18d\NP1PMfN^f1;^\NQ1TMcN`f1<k[ND^L_1Y1_N_f1?h[N`1me1`NQZN`1Qf1bNkYN_1Uf1dNeYN^1]f1bNlXNAdMQ2bi1^NgXNT2Zg1lMgVN[OX1j2Sh1kMbVN_OX1g2Wh1kM^VN@X1f2]h1kMVVNCNIP1k2Si1fMjUN4o0W2\i1_NaVNb1bi1\N[VNg1fi1XNXVNi1ii1XNoUNn1Sj1QNgUNT2\j1g11N1O2O0O2N100VKVUN]4lj1aKXUN[4ij1dKZUNX4[k1K3M3M3M2N3M4F=F8K8H3M3L4N2I7L4_N[RNb0im1YO^RNb0hm1WO\RNg0`n1N2O1N2N1O2I7L5KhZWU3
20120115063134Lh_2,ZZdi12lo14M2M3M3K5L4M2O2L3O1O1O1O100O100O10O010O001O0O2O0001O01000001O001O001O001O0001O01O001O0000000000001O00010O001O001O0000001O00001O0010O0100O10000O2N1O10O01O010O1O101N010O1O1O0000001O01O0O101O0100O10O010O010O01000O100001O0O100O10O1000O10O10OO2O0O1O1000O2O1N2N1O2N3LSeSn1
20120115063134Lh_3,\_Zn14ko13M2^Oc0@XOaQNm0]n1<O010O11O0000O2N100O1O11O4L3M001O001N2O001O0002O1N1O00O2N1O1O001O1O01000O1000000O100O100O002N2N:F2N1O1O1O1O10O10000O10000O100O100O10O01O001O01O010O010000O010000O010000O101O00010O01O2N1N2N010000000100O10O001O1O010O00O2O21OO10N1O11N3NOO0O1O1O01N2K6Ka]ci1
20120115063134Lh_4,ocbf16jo12M4M:F1O2N1O2N101O1OVOWQN>Wo1N0000O1O00001O001O01CgPN2Xo1NjPN1Vo1MlPN3Uo1ImPN8^o10O1O010O01O00010O0100O013L2O00O100O0010O010O01O001O01O0001O01O01O01O0010O00101N2N100O000000000O2O000O102MSZ_T2
20120115063134Lh_5,WclT14jo13N2O01O000001N1N2O010O10O100000O10O10O01O1N2O010O100O10001O01O01O010O010000O10001O000O10O100O0010O01O010O0010O000001O01O000010O010O0001O001O000010O00001O0010O001O01O01O10001O00001O0010O1O010N10O010O01000O10000O010O01O10O01O0100O1O2OO0001N100000000001N1000001O0000001N100000000010O2O0000O0000000O10001O010O01000000O100O10O1O1NT[k`2
20120115063134Lh_6,YXeR15ko12O0O1O10000O100O1O0100O1O010O1O01O001O100000O1000O010O10O00010O001O100O0010O00O10000000O01000O0010O10O010O01O0010O010O1O001O1000O100000000O10000O2N2N\gbh2
20120115063134Lh_7,ZXY`02ko14N1O1O1O1E;O1N2O1N3N2M4L3J6@jNoQN\1mm1>O1O1N3N2N000000ON2N1001J7O010000oNTNnSNl1Ql1VN_SNM0m1^l1ZN^SNKe0g0VOCfl1:VTNOYOD`l1>\TNHWOH[l1a0cTNCTOJWl1e0jTN[OQOORl1h0gUNVOXj1k0^20ON3G8K6M4N2N2M5I^k`\3
20120115063134Lh_8,liXZ34io15M2M201N1O0O2N2N1N1011O001O10O1O1O10000001O1O010N010001O002M3M3M3L;F3N0WSNdNnj1]1PUNeNoj1[1PUNfNoj1[1PUNfNPk1[1nTNfNQk1\1lTNfNTk1\1hTNfNVk1`1eTNaNVk1e1hTN\NWk1f1gTN[NXk1g1cTN]N\k1d1\TNdNdk1\1ZTNfNfk1Z1WTNhNik1Y1STNkNlk1W1RTNjNnk1V1QTNlNmk1NRTNK08nk1KVTNLJ;nk1H[TNMD=Ql1E]TN[1ck1eN^TNZ1ck1dN`TNZ1`k1RNoSN5c0g1_k1SNQTN3b0_1[OZNTl11QTN5c0\1ik1\NeSN7g0W1Sl1hNPTNV1ok1jNSTNT1nk1lNSTNS1lk1mNXTNQ1gk1nN\TNP1ek1oN\TNQ1ck1mN`TNS1ak1iNaTNX1Tm10O2O0000UO]QN8cn1DeQN9Zn1CkQN=Un1_OoQNa0hn101N1O1O1M3L4LST[`0
20120115063134Lh_9,hnZ^33ko1201N10000O100O10O10O101N100O100O1O010O0100O0100O01000O1O10O01O1O2N1O100O2O000000000000001O00O1000000000001O00001O000000100N3N1N3M2N3MbQ]=
20120218152654Bh_1,l[iT24ko12O1O1O001O001O1O1N5L3L2N3M4L5K4M1O10O01O01O001O2O3L1O2O0O001O1O1N101N2N2N2O1N101O0000001O000010O000001O001O000001OO100O1O2M4M_cVg1
20120218152654Bh_2,[eln12lo14M4M2N1N2O0O1000000001N10000O2O0O100O101O00001O001O000000001O01O0001O01O00001O00001O01O01O000001O000001O01O01O010O10O01O010O010O100O10O010000O10O01O101N001O1N100O1000000000000000010O01O2N101N101N100O2O0O1N3MgYaj1
20120218152654Bh_3,o`Ro05jo12N10000O100O100O2N1O10001O000001O00000001N100O1O1N2O001O10O010000O100O010O00O101O1O010000O10O10000O010O1O100O10O001O10000O2O00000O100000O001O1O10O1000O100O10O10O10O0100000000001O01O00O2O0O1O1O101N100O100O10O1O00001O100O1O010O100O100O1O100O1O001O1O001O1O1O100O2O1O1O1N2O1O2MSPR11lomN102N1O100O001O1O0010O01O010O01O10O01O1O0010O0DJnPN6Po1OmPN1Ro12jPN0Uo1>00O2N1O1O2N10000O10000O100O1O10O10O10O0O1N3O001O1O001O1O1O10O10O100O00O10N20O0011O00100O1000001O0000010O010O0100O100O010O10O0100O0100O010O1ChPN0Xo1NlPN1To1MnPN2Ro1MoPN3Ro1KPQN5]o1010O100O10O01O010O00100O001O0100O100O2O0O1O1O1O01O00001O1O1O100O01O10O01O01O01O0100O100O100O101O00001O1O0O102N1N1000O1000lSNDbh1<]WNFch1:ZWNHfh18mVNFXM5kk16jVN6Wi1IgVN9Yi1H^VN`0ci1_OYVNe0gi1\O_TNFFKQ1W1jj1XOYTN5?o0Xk1OTTNb0mk1h10O2O1N2M2F;L4M3N1O2_O_SN`Mbl1[2e0N2M5Fb0WNhQNQ1in1J4J5M3K6]OfPN8S]U[2
20120218152654Bh_4,X[bf13lo13N1O00001O01O000010O010O010O010O101N10001O001O1N2O1N10001N1O2O000O3N1O1O0003N000O1O0O101O1N100O10000O1000000O101O000O10O2O1O2M2N2O2M2O1O0000O101N2M3N2N1O1O1O1O2N3L^bWT2
20120218152654Bh_5,eYdT24ko12O1O1O1O1O001O0000010O0000001O01O01O001O1O010O10O02O0O100O1O1O10O01000000O101O0O10001O000000O1O2N001O1O1O1O010O1O1O010O001O1O001N4J\eUg1
20120218152654Bh_6,dY_b23lo12O001O0010O0010O1O00010O01O10O0001O01O00010O000010O01O1O01000O0100O0100O010O100O010O010O0010O01O00010O000O100O100000000000O1000000000000O1000000O010O100000O1000O01000000O100O10O10O1000000000000000000O100O100O100O1O01000O10O010O10O1O001O1O0001O000O1000O101O10O01000O1O1N2N2O1O10000O010000O0100O011N100O1000000O100O1N4Ljf`S1
20120218152654Bh_7,j^jn21lo14M3N1O1O2O00100O1O1O1O1O001O0O2O1O000O2O0000001O000000000000O100O101N1O100O2O0O10000001O000010O000010O00010O0010O01000O010O00100O01000O010O01O00100O01O1O002M3Mk`Sl0
20120218152654Bh_8,^fUS22mo13N1N101O1O1O001N101N10000000001O01O00001O001O0010O01O00100O0010O00010O000010O01O0000001O01O00000O10000O10000001N1000000O101O0000001N100000O010O100O001O010O1000000000001O010O0001O001O001O0O2O0000O100O1N3M2M3O11N2N100O2OO100000O10000001O000O2O001N2O2M^Ynd1
20120218152654Bh_9,Zga_23Uo15YQNNen16WQNKhn19SQNJln1f0O0O101O00000O2O000010O10001O2M6K1O1N2N2O1N2N100O1O1O2O1N1O1N3N1M]XT^1
20120402105814Th_1,iZkV3>]o17G;J4K4M2M4M2N3NROkQN4Sn1JSRN4km1JZRN6cm1HbRN9Zm1EjRN<Rm1CRSN>jl1BYSN?dl1A]SNd0]l1[OeSNh0Yl1SOkSNP1`m15L1OmNfQNa0Yn1]OmQN?Sn1_OSRN>mm1@URN`0gn1O0O1O7I1O1O1N2NccRg0
20120402105814Th_2,WcTi07go14H8K5J6I7_Ob0L4L3N1N2OVNTRN0:m0an1O1O7I4M3K2O1O000O100O4L2N1O01O1O010O1O1O0000O2O001N101O0001O010O1O1O3N0O000001O1O0O2O0O1000O100O100O00100O1O1000010O00001O0000O100O1O1N2O1O1000000000010O010000O100O3N4L2N2N1O2O0O01O2N1N2O2N3M1N100O100000O10000001O001O0O10O010O001000O100O2O0OSZan2
20120402105814Th_3,UTYR25do18N001OO100NGLiPN5Xo1900100O101]OhPN;_o1O2N0100O10O10O10000000000O011O000001O00000000O10O10O10O0100O10000000000100O10O1O1O1O1O1O000000000010O1O11O0000O10O0100O100O1O1O1O1O0010O0gPN2an1N\QN7an1J\QN<an1DZQNa0fn1=000O1_ObQN^O_n1a0dQN[O]n1d0a0E;M4Kikhg1
20120402105814Th_4,\c\X13lo12O0010O0001O010O1O010O0100O01O0010O0010O010O001O010O001O0O2O001O0000O10OO2O00100O01000O010O10O01000O0100000000O100000O1000000O0100000O10000O1O101O0002N1O010O00100000O010O1O001O01O0001O010O100O4M0O02O0O2O2M2N010O00001O001O0010O01O100O2Mj[U`2
20120402105814Th_5,UZUm21no12O00000O101O1O100O1UUNOfe10WZN3je1MSZN5me1LPZN6Qf1JnYN6Sf1KjYN5Xf1LeYN4]f1L`YN4bf1MkXNLbL6fj1NfXN1]L3oj1KcXNd0_g1[OaXNe0`g1[O_XNe0bg1[O]XNe0cg1\O[XNe0fg1[OXXNf0hg1ZOWXNg0jg1XORXNl0Ph1SOkWNR1Uh1mNgWNW1Zh1iNcWNZ1\h1fNbWN]1^h1cN`WN_1_h1aN^WNb1ch1^NZWNd1gh1\NVWNe1kh1\NRWNd1Qi1]NkVNb1Xi1`N\VNi1fi1WNYVNi1hi1WNVVNi1li1WNSVNh1oi1XNPVNf1Rj1ZNnUNc1Vj1]NhUNa1\j1_NbUNV1kj1jNRUN?bNDdl1MgTN?iN@cl11bTN?Rl1AkSN6al1J]SN4gl1OQSN1Tm11SRNE7;im1>mQNGVn1P12L4L5J7L3L5K4K]dnn0
20120402105814Th_6,`Veo05ko10O1O1O1O1O2N1O5K3M2N1N3N1N2O1O10BTQNHln16YQNGgn18[QNGen18^QNEbn1:b001N1001N1O2O010O10O100O100O100O1O101N2N100O010000O01O01O00001N101N11O1N2O2Ndjbl2
20120402105814Th_7,Q^ae24jo1>B5H>_O9N3M2N[OgQNFWn14SRNJkm1NaRN0]m1OgRN2Um1MnRN5nl1KTSN6il1KXSN5fl1L\SN3bl1N`SN1^l1OeSNO[l10hSNNWl1MQTN1nk1OWTNMik12YTNLgk15R200O001O0001O2N2N2N1O1O00GfPNLZo1491N1001O000O1N200O1010O001O1N101000O2MlcPW1
20120402164214Mh_1,oZY\18go13N3M1O1O001O0O101N100000O1000001O001O001O00000010O01O010O0000000000000000O1000001O0O10O100O1N200O1000O10O01O00000010O00000000001O001O001OO20O010O100O010O00100O0010O10000000000O11O0000000O010O10O10O10O100O1000000O1O10O1O1O1O100O1000O01O1O001O00101O0O1Omeh[2
20120402164214Mh_2,gSiU25io14M1O1O010N1L5O100001O1O1O100O0010O0000001O00O100O1O101O0O1000000010O01O00000001O0001O0000000010O00001O10O01O010O010O10O1O010O100O0100O1000O10O010O2\PNI\o1?O1N10O100O100O2N3L3N2M3L^kfd1
20120402164214Mh_3,\cdk07]o1JlPN9Qo1>N1O1O2O0010O2O2M5K2N1N100O1O100O1O010O1O01O01O00010O0000001O01O01O00010O00010O010O1O0010O00001O1O001N101N101O001O000O1000O1O100O10O10000000O010O1O100O1O100O1O100010O010O1O100O100O101O1O5J2O1O001O01O001O001O0O2O1N2N2O2M2O0000O100O10O010000O0100O010O1000O01000O0100000000000000O1000O100000O01000O100000O01O1O1N3NkY_j2
20120402164214Mh_4,iYom25ko12N1O2N10000001O001O0000000O100O100O010O10O0010O01O010O0010O0101N2O1O0O10O1000000O101O0O10O10O10O10000O10O10O100000001O00000010O0101N2N1O01O001O1N2O1N3M2N2LocRm0
20120402164214Mh_5,]^Wg22ko18J3L4M3L3N3L3N2N2O00DTQNEkn12`QNL`n11eQNM\n1OhQN0gm50[QL3N4L4L3M2N1N3N1O1O10O10O10O01O010O1O001O1N2N2O1N3N10000O1O1OUOaQN6^n1KfQNHcn17aQND`n1;c0O100O1000000O10000O1N3O001O0100O100000O101Neo7N]PH2O1O0000000000001O01O01O010O001O00010O010O01O010O010O0100O0010000O11N010O100N3MncZQ1
20120402164214Mh_6,T\mW31no13M1O2O001O1TOLiQN5Vn1MhQN5Wn1M^QN<an1F]QN<bn1D^QN=an1C_QN>`n1BaQN>`n1@`QNa0`n1^O`QNc0bn1ZO^QNg0mn11O1O1N2O0010O2VOTQN<^o1J2N3M3M^cXf0
20120405130014Th_1,b_To04ko12O001O001O1O1O100O10O01O0001O00000O10000010O00100O1O010O0001O0000O1O100O10001O00001N101O2N2O0O1O1O1N2N1J7N10O100O100O2N101N2O0O2O001N101O001O1O001N10O1O1O100O2N1000O1O1O100O1O100000000000O10O010O10O010O1O1O1O1O2O0O100100O1O2N010O00001O00001O001O01O001N100O2O0O10000000O01000O1000000001N2O10O01O01O00001N101N2O0O101N1000000O1000001O001N2O001O0001O0000001O01O001O010O1O100O1O100O1O10O1O010O01O1O1Nm_]d2
20120405130014Th_2,dToW35jo12O1O001N2O4L2N2N3N3L1O1O1O1O1O2N1O2N1O1O10O001O1N2N2N2N102M2N3EjPNGXo17:N2N3Mnjfe0
20120405130014Th_3,[_Vg16go15J6J6L6ZOe0I6L4K5L>C3cRNeMPm1h2McN[SNCcl17iSNDUl1:STNBkk1ZOZSNh0Q1Lck1\O_SN6NG]1d0Rk1AcSN0i1?aj1BTVN:ji1GWVN8gi1JZVN6di1L\VN7_i1JbVN7\i1HeVN:]i1@fVN`0]l1O100O1O2O1O01000O1O110OO1O0O100001N1000O010000O010O2N100O100000O010001O000000000O100O0010O010O1O10000001O0000O2O0010O01O0011N1O1O0001N100O10O2O2M2N1000O01O1O010O0001O00000000000O1000000001O0001O000O10000000O10O10O1000O10O100000000O100000O100O01000O010000O01000O100O1000O001O100O100O10O10001O00000000000000000000000000O2O001O0010O01000001O1OO10001N2O00001O0001O000000000000000000O0100O1O00100O010000000000010O1O1O1O1O001O100O10OO010000O100O101O000000O10O11O00000O1000O001N101O2O000O1000000010O00001O1N3N4L2O1N3N0O1O3M1O001O00001O10O001O0O2N1O0H9N110O3N1O010O2O0O10O1O1O02N010O1O000000O11O001N10O10O010000O1O10O010O001O001O0001O100O1N101O1O2N0O2O00000OFhPNMWo13;001O1O001O10O1O1N2O1O1O100O100O1O2MTXea1
20120405130014Th_4,Y[gY23ko13N1O1000001N1010O010O100O01O000000000001O010O00O10000O1000000O1001O0000010O000000O2N101N1O2N100O10000O1O100O100O100001O001O001O000000O100O1O1N3N1O10O100000O0101N102N3L2O1N2N1O2N100O2N1O1O001O010O010O010O1O100O10odb_1
20120405130014Th_5,RfS\12lo14M3N1O2N1O00000010O0010O01O0000000000001O01O0O1000000O10O10O01O1O010O0001O01O010000O1O2K4M201O01I7N1O2O1O10O10000000000O0100O1O1O001O1O2O2LcZ^_2
20120405130014Th_6,Q`ec14ko13N1N20O02N;E1O2O0O10001N2O0000O001O1O1O0O2O0O10000000001O1M4I7L4M`oa00`P^O2N100000O01O1O1O1O001O1O10O100000O11O0O100O001O010001N10001O01O000000O01000O010O000000O2O00O2M2O2O01000O1O1O010O01O01O10000O100N3N1O1N3N1O100O010O0O20M2_Ob0N2O1O1O1O100O101N^aVT2
20120512063234Lh_1,j^aj12lo15L9G5L3L2O1N1O0O101O0000100O02O001N2O1O001O0010O1O1O0000O100N2O1O1O10000000O100O2O01O2M3N1O00O10O01O10O10000O10O10O01O0O2N1N3K6L3N2O1N101O1N1]OjNVRN^1hm1=O20000008G5\NnQNQ1bn1M2O1N2O1N2N2O100O0000O2O1N2O001OD<N2O1OO2M3O2O00001O001N2O1O1O1O010OO1O10O01N3M201O1O101N1N3J`c`m1
20120512063234Lh_2,YX[R18go14K:F3L3N2M2I7L4O0NJ06MO51N3O2N1O1OO0O3[OmQNXOXn1f0c0K3N3O10000001O010O00O01N102O0O2O1N2M3N2M101001O002O2M6K2M10001O0O2O1O1O1O0001O0O1O100O2O001O0000000O1OO10100O01O1O0010O000000O2K4N3OO1L4N2N200O01000O101N100O1O2N2O1O10001O0O010O1O001O1O100O10O010O01O1O01O100O101O0O10001O0O1010O0010000O1000O01000O0100O1O100O010O010O1O1O1O2M[kfc2
20120512063234Lh_3,Y[ii03ko15M2M3G8L3N2N1L4LMXQNVOgn1l024L31O2O00100O1O1J6L3O1010O0O1001O100O1O1O2J[fTT3
20120512063234Lh_4,n]el21lo16L2O1O1O1N2N5K4H7K4H7O2N2K4H9N3K8I5L3M1011XO`RNlNim1;\RNTO3?fm1EURNNi0=bn1N2N10000O2O000O10O01O001O100O10O10O00000010O01O001000O01O01O000001O000O2Of`^o0
20120512063234Lh_5,Pi`S3114eo16N2N2O1O1O3N2OO1O00N2N1D=O2N2O02M6WOPQN7So1@UQN>Wo1001O1O000000O1O100000000001O00010O00001N100O11N3N1O10O00000000020O1N002N2N4K5L4LQOXQNm0kn123K5K4K4K6IjSYh0
20120512063234Lh_6,njdc24?2LM]n17`QN>^n1c0OO2N2N2N3L4K5K;DfTe[1
20120512063234Lh_7,`gRm27fo15]PNJVo1j0E8TQNoN\n1\1M2M2O10jNmQN`0Sn1]OVRNMD2Wn10gRNJ\m15X1NTYSR1
20120512063234Lh_8,^^WY27ho12O1N10001O01O10000O010O01O001O01O000O10O100O10O10001O1N10000O1000O100O001N2M2O2O0000O2N1O1001O001O00O2O001001O0O10000O1O1O1N20O010O0N3J6O100O01O001H71O0010O000K5001O1O1O101N2O1O1O1O00O10000O001O0001O01O001O0001O100O100001O001O00O1O1O1N101O1O10010O01O000000O100O1001O0000001O0000010O1O2N2N1O1O001O0001N2O1N2O0O100000000O0100O100O2O0O100O00O2L4N2O2N2NUch[1
20120512063234Lh_9,]fQS27ho13M2O101O20OO00O010O01O01O01O0O100000001O0001O1O1O01O1O1O2O1N2OO001O1N3N1N200O0101N001O01O01O1bPNEVo1c00O1O1N2N1N2N2N2O1O100O100000010OO1000010O1000000O1O01O01O1N1fPNFnn1;PQNFon1;QQNEnn1=QQNCon1>oPNDPo1f000000O2O0O1O10001O1O2N2N2N2N001O1N2O2N1O100O1O0000000001O01O001O001O1NQX`e1
20120512063234Lh_10,hkT_22mo13N1O1O100000001O1O1N10000000O1O1O01O01O0010O0100000O10O0100O100O2O5J5K1O1O01O001O7H5L4KTSQ^1
20120528063154Uh_1,Z\gV25ho14M2N1O1O1OO1O02F:O2N1M2E:K510001N2M3N3M2O1O2O0L4M2001O100N2N0O002N3N2M4N1O01O1O01N2NXOgQNMZn12j0000001O0O101O01O00001O0O2O0O20O000001O01O000000001O000001O0010O010O1M2N201O0001O0010O00010O00001O010O0010O0010O00010O01000O100O1O0010000O10O100O001O0010O10O01000O001N20O01O010O1OO2O0000100O01O010O1O100O0010O000O2OO1O2O01O2N3Jgi\_1
20120528063154Uh_2,e^]^12mo12N2O2N1O7I1O1O01O000000000O100001O01O001O1O010O1O010O1O001O1O1O1O00001O0001O000000000O2O000O2O0O100O10O1O0O2O0010O0100O0100O1O1O1O1O0O1OO10010N110O01O100N3N1O2M201N1000M4L3O2N2O000O2N2O1O1O01O0000001O010O0010O1O010O100O10001O00000000000000O2O001O001O001O001O1O010O0105J100O1O1O1O1M]bfX2
20120528063154Uh_3,addo14bo11`PN4]o1:N2N101N2O1OO010O10O1001O01O01O100001N17I0O1N1O1N3DP[cn1
20120528063154Uh_4,lTQf05jo12N101O000O2O0000000O100O101G8O10000O1000O100O0100O01000O10O100O1O1O2N100O1O1O2N1O2O0O101O010O01O10O0101O0000000000O10000O10O01O10000000001O0001O1O1OO100O101OO010000O1O100O1O1N\j\T3
20120528063154Uh_5,a[m_24io15M2L3N2O0O0001N20O110N2O0O1OO1O20N10001N10N201O0000001O1000O2M110001N1O1O01N10001O1O1001O001O1N10001O1O100O10O100O100000O010N2O1O001O100O1000O10O10O100000O10000000000O10O1000O100000000000O0100000000O100O1O2MVg`Y1
20120528063154Uh_6,mePn25jo12N1O100O10000000O010O10O1000000O02O00000001O0000O101O0000001O001N2O1MVZgo0
20120528063154Uh_7,eafP2;bo15L2N3N1O1O1000O001F9O2O0O20O010N101O001O01O10O0O01O101O1O100000O10000000001O01O0000O100O100O1000O1000001O00001O001O00000O10O1O010O1O10000O10001O0O2O00001O1O1N101O001O0O2O0O2O0000001O0001O00000O10000000O101O00000100O101O000O100O1O000010O000010O000010O01O00010O010000O100O10O1O010O01O1O001O1O1O001O1O1O1O001O10O0100O0102N3M0O1O100O1O1O2N100O2N2N1O100O0010O01O001O010O01O010O001O0010O0001O01O000001O00000000001O1N1O2O1001O1O1O1N101N2O1N101N100O001O2MQ]Wa1
20120606063154Uh_1,P^]P15jo12O1N2O1N2O2N1O0O2O0000001O000O010O1O1O0@E[QN<dn1`0L5O000010O10000O1O1O100O2N1O2M3L3M4M3M3N2O1N6J4Mcbdl2
20120606063154Uh_2,Zkj^1?^o17H9G6K5L5H6M4K3NSOQRNNlm11ZRNLbm17bRNG[m1:hRNEVm1;nRNCPm1<VSN@il1`0\SN]Ocl1b0aSN[O^l1d0eSN\OZl1b0iSN^OUl1>QTNAok1>STNBlk1=VTNCik1<XTNDgk1=ZTNCdk1=^TNB`k1`0`TN@\k1d0eTN\OVk1g0kTNYOSk1h0oTNWOmj1l0TUNTOij1n0XUNROgj1o0ZUNPOej1P1\UNoNdj1P1_UNoN`j1Q1cUNkN^j1T1W200N3M2N2L5N101O1N2O001O2NPNC_TN=ak1F\TN9ek1IYTN7hk1JWTN4kk10PTN0Ql10nSNOTl11kSNOVl11hSN0Yl10fSN0[l1OeSN2[l1NdSN2]l1McSN4]l1LbSN4_l1M_SN4al1L^SN5bl1K]SN6cl1K[SN6el1JZSN6gl1KXSN5hl1LVSN4ll1LRSN5nl1KQSN5Qm1IoRN7Qm1JnRN6Sm1InRN6Sm1JlRN6Um1IkRN7Vm1HkRN7Vm1IiRN7Wm1IiRN7Xm1HhRN7Zm1IfRN6Zm1JfRN6[m1JdRN6]m1JaRN7`m1I_RN7bm1I]RN7dm1JZRN6gm1KVRN7jm1IURN7lm1IRRN8om1HPRN7Sn1HkQN9Vn1GhQN5^n1L_QN2en11VQNNnn1?4M2M4GdWoZ2
20120606063154Uh_3,cY_n26ho13H8N101O00000hNEkRN;ll1OSSN1kl13RSNNnl13QSNMnl15PSNKQm16nRNJRm17lRNJSm19kRNGTm1;jRNEWm1=gRNCYm1?fRN_OZm1a0hRN^OXm1a0jRN]OVm1c0lRN\OTm1c0oRN[OPm1e0QSNZOol1e0TSNYOml1f0VSNVOkl1j0V1O1O1O1O1O1O1O1N101O100O10001O000001O10O0100002M3M2N1N2O1M3KWhnm0
20120622063154Uh_1,fehk14ko12N1O2M2N2N2M3N2O1O001O10O010O0M4MZODmQN<Tn1EjQN;Wn1EhQN;Zn1EeQN;[n1GaQN:`n1c0000O10001O1O00000001O01O100O1O1000O1O10O00010O01O01O0001O1O0010O000O1O1L4N2O1O10O0100O2O001O001O1O2N1O100O0010O001O00001O001O010O0100O0100O01000O01O01O10O01O0100O100O100O100O101O000O01000O0100O2O00000O0101N0010O00010N101O010O001O0100O1000O010O1O010O1O2N1O2N1O001O001O001O001O100O011N2O0O001O00100O002N1O1O00000001N1N2O2M2O2N1O2O001N2O00100O0100O0100O1O00100O1O1O010O001O001O010O3M4L2M3MiXef1
20120622063154Uh_2,[\Uf11no12O1N10001O0O2O0O100O2O00001O001O1O001O001O00010O1O010O1O00100O1O10O1000O10O10007I000000O2O1N2N2N2N3M3M2O2nPNTOjn1T1M=C1N0101fNSRN?mm1@WRN<jm1D\RN6em1H^RN6cm1I_RN5bm1IaRN6`m1GcRN7dn1O2N1Nfa`U2
20120622063154Uh_3,]ZUV37io14K4L2N100O11NgNCQSN=nl1EPSN;Qm1GmRN9Rm1IlRN8Tm1HlRN8Tm1IjRN8Um1IkRN6Vm1KiRN4Xm1LhRN3Ym1NfRN1[m12bRNM_m19[RNFfm1<QRN[OI8Wn1>nQN[OL5Xn1`0jQN\O01Xn1c0gQN[O4OWn1f0fQNXOin1g09O000000O010O01000O1O001N1SOYO`RNi0nl1UOjRN<O=Ym1ZOeRN<M;_m1]O`RN<L8em1_O\RNY1em1iNXRNW1hm1`001O001N1N10O110O2O`NjMWUNV2hj1oMTUNQ2mj1PNPUNQ2Qk1PNjTNR2Wk1QNdTNo1_k1RN^TNn1\k1[NaTNf1]k1^NaTNa1_k1bN_TN\1bk1hNZTNW1hk1mNSTNS1mk1T1kSNnLTl1m2a0O2O0O2O010O1O2M3N10100O1O001N1N11O100O10F8L401O1100M3M_OjRN_NUm1a1nRN\NRm1e1RSNUNol1k1?4000O2M3O0O2K4010O0E^NYRNc1dm1>O1O10O1I6O10O1N0102J6O1O1O2M2N2N2O1O10O01O1N2N2O2N1O1O10O01O010O010O010O0001N10O0L40O0XOTOaRNj0`m1[O\RNb0hm1_OWRN?km1CRRN;Qn1GjQN:Wn1IdQN9]n1e00O001N1M4N101OO100N2N01N111O1O2M2N3O001O1O1K5N2N3M2N3H7N4LPPo=
20120622063154Uh_4,jhne1:fo13N3M3N4MN100012ON00kPN^Oin1P1M12M4L1O12M1OVOTQN?Zo1N1O1N10000O01O100O001O2N0O100010O05K12N1N1O1O001O10O2N1O8H2M11O0O2O1O102M2N3L3M:EfP`0K^o_O4N1O1O1O101N1O10O000000O1O1O100O100O1000O10O1000000000O2O0O100N3N1O1O2O00001O001O1O^RSS2
20120622063154Uh_5,c]hd25io14M2N3N1N2O1O2M2N2O000O1000O1O2N1O2N100O2N10000O1001O00000O2OO01000O100O2O0010O010O010O001O0O1O2O000O10001N1H8O2O001O00000010O01O01O010O010O001O001O001O1O1N10001O001O01O01O000000000000001O0001O0001O0000O10O10O10O100000O10O1000000000O10000O10001O000O2O1N1O2O0O100001O0010O100O1O010O00O100O01O001O10000001O0010O000000O2M2N200O1O1O1O2O0O100O10000010O001O1O1O00001O00001O00001O1O001O1O0001O0O1O2M2O1O2O0000001O010O10O010O010O01O001O00000001N2O3L4M3M5K2N2N2O000O010O0000O2O0O1O1K6N1O100O100O1M2N300O10O10001N101N1O101O0001O001N2N2M201O100O010O0100O001O1O2N1O2N100O001N101O1O010003M1N2O1N101O1N2O1N1O010O10O100O011O1O1O4L1N1O1O2L2N2O1O10O1000010O1O001O001N1O2N101O0O101N2N1N200O2O001N2N2M2O2N2M3O1Nk`ae0
20120622063154Uh_6,`c^b02no12N8H3N6J10O1O1N101N1000000O11O000O1000009G10O1O000O101N2O001O2N2N2N1O00O1000O100O100O010000O010O1O10O010O01O010O1O1N102N100O1O1O0O101O0000O1N3N2O0O3N1N2O1O001O0010O00010O0010O0010O001O000100O101N1O010O11N2N1O2N1000O10O01O100O001O1O1O01O00100O1O001O101N001O10O00001O00001O001N101O001O0001O01O01O00001O00000001O0000001O000000001O000010O0001O01O01O00001O1O1NWY[R3
20120622063154Uh_7,[lP]14ko16I3L4M4L3N2N1O2M2N2O2O010O0101O3M7H2N2N1O2M3I7L^S]a2
20120707070914Th_1,Ydid18fo1?B4M1O01O0010O01O00010N101O1N2N100O0100O1O100O10O01O1N2K4O2O001OO2N2O2N2N2M2O100000000O10000O010010O01O001O1O0O100000O100O010O1O1O2N1O2M2O2N10O010O0010000000O1O1N2O100O1000000O2O0O2N100O0001O01O1O1M2N300O10001O0000O10O100O1O100O2O01O00000O2N1O1O1O1O1O1O1O010O010O1O100O1O2OO010O1O010O01O010O10O0010O10O100O100O2N1O2O0O1000000O2O00000000O10001O000001N1000000O10O10O1O1O1O2O1O2N100N2O001O0O010O00O1K6M2O1N1010N2N2O20O010OVObNTSN^1kl1eNRSN[1ol1fNPSNZ1Pm1gNoRNY1Qm1hNmRNX1Tm1iNjRNW1Wm1jNgRNV1Zm1lNcRNS1_m1e0101O0001O100O1N1O1M3O101O1O01O010O1O100O101O001O00000001O000010N101O000O1N1M3N201O0000M3K500000010O0D<M20100O2K4F:010O101N1N2M3N2L301O10O01O0N2N3N1O110O000000N11O020O100O1O1O1N2O1O1N1O2B>N2N3L3M2O2N1O2O0001001O001N2N4\O\QNEhn16[QNHfn17\QNGen17^QNGcn17_QNIbn15_QNJcn14_QNKbn13ZbVf1
20120707070914Th_2,nZYc11no13M101N101O000O10O10O10O10000O010000O1000000O010O10001O01O000000O001000O10O10O100O100O10O10O0100O010O101N1O100O2O1N2O1O2N000001O00000000001O0001N100000EjPNLUo14mPNKSo15nPNISo16oPNIPo18<000O1000000O1O1O1O01O1O1000000O10O1O010O1O100O1O01O100O100O100O1O1O1O01000000O1O1O10O01O01O001O010O1000N2O2O00000O0100O1O001O010O0O101O01O010O1O001O1O1O2O0O1O1M20O02N101O0010O010O1O100O1O100O10O100000000001O000O100O1O100000000001N10000O100O1O100O010O10O1O2O000O1000000O100O1000001OO1000001O0100O1O000000000O10001O001O0000O100O01O1M3O0010O10O10O1O010O100O100O1O1000000O1O1O1O100O1O0100FePNN]o1OhPNLPgbk1
20120707070914Th_3,obhV12lo15L3N1O001001N2N10O1O1O1000000001O000000O10O10O0100O0100O1aPNKRo1a0001O0O2O0O2O00001N2O1O1O0O2O001N1O1O1000O01000O010O0010O1O2NZ\]e2
20120707070914Th_4,Ri`\15io13N3M10001AHTQN9kn1ISQN8kn1LQQN6on1?O020O1OO0005K01O002N2O10O0001O1N101N2N1O1O1N2O1N1O2M2O1O1O2N1N2O0O2N2McUe`2
20120707070914Th_5,nXae04ko12O1O2N102O00O1001N1O1O100O00O2O001O00O10O1O10OO2O1O001O0000010O00001O00O10000000000O10O0100O00010O000O2O0000000000O011N2OgfbV3
20120707070914Th_6,ZgkQ22mo13L4H8M5L1O1O10O2O0001N102M10O01O001O1O1O2O0O10O2N101N1000O10O010O100O1O2N2N1O2N1O001O00000000O100O10O2O001N2O1O3M2N001O01O1O1O00000000000001O000O100000O101N1O101N1O10001O0O101O0O1000000000O10000000000O1000000001O00001O00000O1O001O1N110O1000O2O001O2O0O1O1O001O00000000000001N10000001O0000000000000000001O000000010O001O1N10001N1000O0100000O101O0O2O00000O10000O100O2N100O100O1N2K5O1J502N1K5O10000001O2N1O0O10001N101O1O1O1O1O001O2N1O10OO2O0O2O1N2O1O1O0001O00001N101O1O001O0O2F9N3O0O2O00000O10O1000O100O1O1O0100000100O2N2N2N2N3N>A6I3N0O3M2MbWZ]1
20120707070914Th_7,bVma01no12N100O10000O10000O10O010O0010O10O1000O10O100000O10000000000000000O2O00010O00100O11O000O100N2O1N`iP[3
20120707070914Th_8,Samh04jo13K4N2N1N2O10O1I6100010O100O0000O1\NK]SN7al11WSN0kl13PSNMRm14kRNLWm19YRN]OG;Sn1;nQNOWn1j05J5K5L5J4K;D``TU3
20120707070914Th_9,jkbU23lo11O2O0N2O100000000001O010O10O010O001O001O01O1O0001O000001O4KQT_h1
20120710063134Lh_1,QdhW14ko11O2O1O00000O001O1O1O1O1000000O10000O101N100O101O0O101O0O10001O0000000001O001N101O0O101O00001O00001O000O10001N1000001O00010O010O0100O1O1000O1O1O1O1O2M2O3Lg[[c2
20120710063134Lh_2,chPh09ao18L5L;E3M2L4K4L5M2O1OROPRNNmm13WRNKem16aRNF^m18hRNEWm1:PSN@Pm1`0U13K6N200O10O01O00K6N100000000010O01O0O2O1N2O0O2O1O1O1O1O010O010O01O0010O10O100O10O1000O01O1O1O1O100O100000O10001O001O1O1O1O00001O01O00001O0001O00000001O0O2N1O2O0O2O0O200O0100O010O100000O10O10000O100O1O0001N100O2ObPNKRo12PQNO_o1101O1O00100O100000O11N2O1N100O10O01O01O001O00001O010O010O101O00000001O000O1O1O100O001O0001O1O1O100001O000000100O2N2N0O1000O10O10O10O0100O001O0010O01O010O001O001O0001O00010O1O5L1N3N1O00O1O1O1N1O1J601O000100O1O101N1O2O1N2O0O011O001002L101O0001O20N5K3L2O0O101N2O1N100O1NYUkg2
20120710063134Lh_3,ok^j15io1?A5J8I5K>YO?TRNoM_m1^2K3N2MQNnRNX1kl1gNYSNZ1dl1eN_SN]1ERN`l1a0nSNc1Ql1\NUTN`1ik1aNXTN0D=Sl1CZTNMJ=kk1F[TNH1`0ck1H^TND3c0_k1I^TNB7c0Zk1K`TNA8b0Yk1AdSN1m0J`0;oj1IhSNM_27ji1LaVN2`i1N`VN1ai1NbVNMai13V30001O000001O000000001O01O01O01O001NnTgR2
20120710063134Lh_4,ScS`12mo12N101O0O100010O00001O01O01O0100O00001O000O10000O10001O00O100000O1000000000000000000O100O10OO2O0O101N101O100O1O100000000O1000O001M3N2N2O01000O100J7N`]V[2
20120710063134Lh_5,Yemo14lo12YPNM\o1=O1O1O001O01O010O01O000000010O01O010O1O010O001O011O0O100O1O001O1O00000000O10001O001O01O00000010O001O1O2N2N1O1O00O1N1O2O1O10O1000001N2O1N2O0000O01000O10O010O100001O001O1O1N5K3N2M101N2NQZVj1
20120710063134Lh_6,j`mc14ko12O0O10000O0010O01O00001O0O1L5G8J6M20100O1O1N101OH[QNWOfn1b0?O1O2N1O2N10000000O1M03O1O1O1O1O101O0O101O00000001O0001O00001O00001O10O10O1000000OjajW2
20120710063134Lh_7,aZgg13mo11O3VPNKco1;OO010O1O001N100000000O10001O00000000000000000O10000000000000O100O0010O0010O01N3Lae`U2
20120710063134Lh_8,lWU\11mo13N100O010O1000O0100000O01000000O01000O100O010O1O10000O0100O1O1000O01000O0100O1O010O010O0010O010O010O10O1O100O1OjhX`2
20120730072014Th_1,QRk[23mo1001N1O1O100000001\OLYQN5fn1MWQN5in1LUQN5kn1MRQN5mn1?0001O1N1N2O100O10000000000000001O1O002N2N00000000F]QNWOdn1g0^QNWOcn1i0^QNVOcn1h0_QNWOan1b0b0O10O100O1001O00001N10000000000001O000000000001N100000O10O10000O1M30001O01O0O0100O100O0100O10O0100O010DDSQN=mn1EPQN<Po1:0000001O00001O000O1_OlPN6Uo1HlPN7Vo1HkPN7Vo1GkPN8^o101M20010O0100001N101O1Nmn^\1
20120730072014Th_2,RUgh11no13N0O2O001O001O001O001N102L4M3M1O2O0O1O2O00001N101N1O2N2O2M2N:G1N2mQN^Nfm1c1WRN`Nhm1a1VRN`Nkm1a1RRN`Nnm1i1000O101N1O2O0O11O001O1N2O1O1O2N2NRO]RNAam1;gRNBXm1>jRN@Vm1?lRNASm1?oRN_OQm1a0PSN_OPm1a0PSN_Ool1b0PSN_OPm1a0PSN_OPm1a0oRN_ORm1`0nRNAQm1?oRNUO[O5fm1f0oRNTO]O6cm1f0QSNSO]O6bm1h0PSNRO^O7bm1f0PSNTO^O5bm1h0PSNAPm1`0mRNBSm1?jRNBWm1>eRNF[m1<_RNGbm1\10O2N1O010O001O001O001O001O001M2M4O1O2N1O01000O7J2M8IXVNmNcd1S1Y[NTOed1k0W[NYOid1k0hZN@\e1<cVNoN[3l0Rf15`VNQOZ3n0Vf13\VNQO[3P1[f18]YNbNkLY1mi11UYNCUM[Ofi1R1SYN^O`M]O_i10TVNg0l2JgM\OZi11VVNg0g2L_h13\WN0hh1NVWN1mh1ORWNMTi12cVN4`i1L^VN4ei1KYVN5ji1JUVN6ni1GQVN9Rj1FlUN:Vj1FiUN6]j1JaUN4bj1L]UN1gj10UUNOnj12oTNNTk13iTNLYk15fTNJ[k17cTNJ]k17aTNIak17]TNIek16YTNIkk17RTNIQl18kSNHYl18dSNH^l19^SNHel1`0nRNBUm1?aRNFcm1Y12L4L3M4M2N3J5O2O001O1O2RO\QN=Vo1M2DhPNMVgfm1
20120730072014Th_3,RaSb27go13M3OO010O011O00O100O1N3N1O1O101O3M1O10O010O000000O010O100000000000000O2N1O2N1O1O0001O001O1N2O100O01O1O1O1O1GRO_QNo0^n1<N2O1N1iQNbNkm1`1QRNdNmm1i1O0O1000000O1000^NURNn0km1SOVRNl0im1VOURNk0km1e0O01O2O0O1O1O10O0100O0100O10000O010O1O100O10\NWRNR1gm1nNZRNS1dm1mN]RNR1dm1nN\RNQ1dm1PO\RNo0dm1RO[RNn0fm1SOXRNg0nm1b04OO2O0000000O001N2O2O0010O1`NSRNm0mm1b02N1O2N2O1N2O1N10O0OJ701O1O100O1O1O0O101O0O2O0000O1O010O10O1O2O1O1O100O00000N1M40010O000J61O0000O001N20N102M3O2N1N2NCVQNHgn19_QNB`n18h0L4N4LhbdR1
20120730072014Th_4,jbdj23lo12N1QONoQN3om10nQN2Pn12[QNH=7mm1e0gQNVON7Zn1Y100O1O0100O1N2O1M3N2O1O1^O`QND_n1<dQNA]n1=fQNBYn1>iQN@Wn1`0kQN_OSn1c0nQN[ORn1f0PRNWOPn1i0d00000000000000000O100O1N3N1O2N2O9G2Mc^aR1
20120730072014Th_5,Slne12mo12O1O001O001N10001O001O010O1N10O1000O1000O100O100001O000O010O10O100O0100O100O1O1O100O01N2O1O100O100O100O0100000O100O100O100000O1000000O100O010000O01000O01O10O01000O100O100O100O0100O1O1000O10000O1O10001N2NbTcS2
20120730072014Th_6,Ye`Y2>_o14M2M3N1N2O10I6M4OO2N3N1M4L4O01M3J8FQ\Ye1
20120730072014Th_7,QiZo04ko13M100O10O2O000000001O001O000000O10000O1O10000O010000O0001O01O01O01O0010O00100O1O10O01O01O10000000000001N100000O100O0100000000001N1010O0000000000000000000000000000001O01O01000O010O1O010O001O010O010O1O0001O00010O00010O10O0100O1000000O2O2N2aPNFSo1T1@5LO0O2M3K;QORWgh2
20120730072014Th_8,cZW`11mo15L3O2N8H4jRN]Ogj1c0UUN_Onj1`0nTNBTk1?gTNC\k1c0nSNXOoN8Vm1l0nRNlN1`0Ym1m0cRNTOam1c16I7I8H8H8H8H5H8Fgc^^2
20120730072014Th_9,Q^[n12mo12N101O000000000000010O000001O000000O10000O100000O0100O0100O010O01000O01O0001O00000001O010O00010O001O001O0001O001O2Lhbnm1
20120730072014Th_10,\efW16io13O1N2O0O01O00N200002O2M1O1O0010O00010O001O100O0100O001O01O10O10001O00001O1O10N4L2N2OE`PN5fo1000O01000O2O00O001O0100O10O0100O0010O0010O01O1O0001O001O000100O100O1OWP:OjoE1O1O01O1O1Ooo5NRPJ3N1O1O010O0001O1O1OdXga2
20120813063134Lh_1,X\a_15fo17J5N2N1O1O1000O1O1O1O1O001OO1O2M3O1O1O00100O000O10L4O101J5N3O2N1O101N10001N100O1O2Oedh]2
20120813063134Lh_2,gdna14lo11N3N1O1O001O1O1O1N2N1N2O10O00010O1000010O00001O0001O00010O0001O010O1O001O1O001O1O010O001O01O01O0010O010O100000001O000O010O100O100O0100O2N2O0O100O1000O0100O010O10O10O10O010O1O10O0100O2OO010O010O10001N101O001O000000000000000000000O1000O01000O1000O01O10O0010O01O1O1N3MQYeU2
20120813063134Lh_3,n]UW239NZo13dPN0Yo13dPNN\o1<00O01000000000O10O10O10O101N4L2N10O01O0000000O010000O2O000O2O1O1O0O101N10001N101O001O00000001O5K3L2N1O101O0O101NZaRe1
20120813063134Lh_4,bba]26io12N10000O01O1O10O100O010O101N10000O10O100000O10O010000001O001N10O2O000O100000O1O001O1O1O1O1N3Mj]^_1
20120813063134Lh_5,P_gQ24ko12O1O1O1O100fPNHjn1:RQNJmn19nPNIRo1c00O101O2M101N100O1O101O000000001O3M10O1O101O1O0N2O00O100N3Kg_jk1
20120813063134Lh_6,ddfR31lo13O2O0O1O100O2N1000O0100O01O0001O100O1001O001N10000001O000O101O00010O00100O2N100O1O1O2O1N2OO10O000001N1O1O1O101N1001O01O010O1N101N2N1O2N1O3MZ[kh0
20120813063134Lh_7,haZX14ko12N100O0100O10O10000O10000O10O01000000O010000000000000000000000000000000000000O2O0000001O00001O00000O100O10001O1N101N2O1O0010O010O1O1O1O10O01O100O2O0O2O000O010O010O010O010O10000O2O1O001O000100N3N1N2O0O10O01O1O101N5L1OO2N1O1O1N10000O100000001O1N7IQ]m_2
20120813063134Lh_8,nYke25jo12O1O1O3M1O100cLFRWN:mh1HRWN8nh1IQWN7ch1E_TN6m25ah1;]WNEch1>ZWNAhh1b0TWN]Onh1e0oTNXO0H3<oj1e0kTNYO0K27Uk1f0fTN[O0I47Wk1f0cTN[OOK46[k1e0`TN5IiNN?jk1d0]TN6FAPl18YTNW1hk1hNXTNW1mk1fMlSNi07`1Ul1kMbSN;:i1_l1TNaSNk1fl1mM]SNR2Xm1N2O2N2O2N1jNQRN:Qn1DQRN:Qn1DQRN:Qn1XOnQN13OM:_n1EURN6nm1GURN7Po1HaffW1
20120813063134Lh_9,`]SR25go15N1N10ON1@b0O0H9NO021N2N2M3KjNVOaSNc0el1@YSN>jl1BVSN<kl1FTSN9ml1GRSN8Pm1HPSN6Rm1JnRN2Vm1OiRN0Xm10gRN0Zm10fRN0[m10cRN0^m10bRN0_m10_RN1bm1N]RN2dm1OZRN2gm1MXRN3im1NVRN2jm1NURN2mm1MRRN3om1NPRN2Qn1MoQN2Sn1NlQN2Tn1OjQN1Xn1OfQN1[n10dQN0\n10cQN0_n10_QN0bn11]QNNdn13ZQNNgn11XQNOjn11TQN0mn1ORQN1Po1OnPN1So1OlPN1bn1LhQN?Wn1EgQN:Xn1HhQN8Vn1IkQN6Tn1KmQN4Tn1KmQN5Rn1KoQN4Qn1LPRN4om1LRRN3km10VRNNfm14^RNHem16^RNHcm18^RNGbm19`RNF_m1:bRNE^m1;R1O2K5O1O101O1O1O1NmfXi1
20120930063534Lh_1,\d`j03ko13O1O1N1010O01O1O1O1O2O1N1N200O1O10O10O10000O0100O100O1O1O100O100O1000O100O1O10O01O1O100O2O1N4L3M2O4K4L2N2O0O101N2O3M0O10O1oNcQN_O1l0\n1AnQN:Sn1BRRN<om1AURN>km1@WRN?jm1_OZRN>en1O1O1O1N2O1O000000000O2O001O0O2N3M]YUP3
20120930063534Lh_2,`QU]22ko17K6J9H4K4L3M3M3M2N5_QNdNUn1f1L2N2M2O10O1O01OgNYRN=em1CaRN:[m1FjRN9Tm1FPSN9ml1HVSNd0[l1\OhSNf0Rl1ZORTNf0jk1[OZTNd0bk1]OaTNd0Yk1]OlTNa0Pk1_OTUNb0gj1^O^UNd0Zj1_OiUNa0Qj1BRVN>ii1DYVN>di1AjVN5Ri1JTWNTO`Mn0Vk1MgWNOWh1MQXN4jg1I]XN5ag1JdXN3[g1KkXN2Tg1KQYN4mf1JYYN4ff1J]YN5bf1KaYN4^f1KdYN4\f1LdYN5Zf1LgYN3Yf1MgYN4Wf1MiYN3Vf1MiYN5Wf1JiYN8Uf1FmYN;Rf1DoYN=Pf1BQZN?ne1ASZN?le1AUZN?je1AWZN?he1AZZN?de1@_ZN?`e1AdZNK\K6ni10T[NOjd11Y[NMfd13\[NMbd14_[NK`d15b[NK\d15f[NJXd18j[NFQd1?g50O1000O000010O101O00O1L5O01O000001O10000O010O0010O10O1000O10O001O00O1O101N101O10O100O1O0100O00001N1N201O001O0010O10O10000O100001O0100O010O0001J5O2O001O0O2O001O001O010O0101N101N2O001N10O100000000O10001O2N1N100O1O010O1000000000000001O0000O100O1000O100O01000O2O1O00100O10O0000000000O2O1O001O1O000000001O0100O100O4L1O1O0O2N1O2M3MmoZT1
20120930063534Lh_3,^jbc12mo14M3ZPN1To1`0N4M2M3M5L1O00O2kN^QNi0Po1L3N2N1O10O00100O00O2O0O2N1O2O001N10000O2O0O2N3LjSUZ2
20120930063534Lh_4,b`nb24ko12N2O1N100O1O01O00001O010O10O010O10O0100O01O0100O001N2O001M2N3N2M3O1O101O001N11O0ARQNLnn13UQNJmn15TQNImn16`0O1O1O1N3LY`mY1
20120930063534Lh_5,bY_Q34jo13M3N1O10000O1O1O001N101O0001O0O2O001O010OO1N3O0000001G8O11M2N201O2O1N1O2O0O1O10O010O00100000O100O2N1O1M3N1010O010H5O2O2O2O0O20O000O2O1O1O10000O01000O1O010O100O100O2O001N10000000001O1N\hfh0
20120930063534Lh_6,jXkn14ko12O2O0000000O10000O10000000000000O10000000000000000001O002N2cPNGnn1f00O1N2O2N2M3L3L5KSfdn1
20120930063534Lh_7,fSWT14ko11O2N1O100O10000001O0O10000000001O0000001O0010O00001O00100O010O010O10O11N100O100O10O100000O10O10O100hPNHgn19VQNJin18TQNHmn1:oPNHPo1e0000010O0101O11N10O1O2O0O3M2M1O2M9G3LUjVg2
20120930063534Lh_8,hfUe14jo14M3L3N3M2O2N001O1O001O100O1O00010O001O0010O010O0001O1O1O1O3M3M2N2N2N2N1O101O000002N2M2O1N3L4M3DTQN\OPo19oPNHlWhW2
20121024073354Uh_1,ie^i23lo14N1N2N10O001O000010O001O010O010O1O00001O0O2M2K6M3M3O1N2O1O2N1O2N010O0100O0100000001O7I1O3L3N1N1O01O00O01O1O2K5L4M3M3N2N3L4N2AjPNOXo1LWZ_R1
20121024073354Uh_2,[`Uc28go12N1O2N1O1O10O010O01O00O10O11O1O100O01BCYQN<fn1KSQN6ln1`0L210O1H8K40L5OUNjNoTNV1Pk1TOhTNj0Xk1[OdTN`0]k1F`TN6ak11XTN2ik13PTNNQl1=cSND_l1f0QSN^OPm1h12M4M2N3`MoRNk1Um1QNTSNb1mm1I5L9mNVQN?Yo1_OiPN2ValY1
20121024073354Uh_3,o[W]25ko1000O2O0N2O1O1J7N1000000001O0000001N100O2O001N101OO10O1000O100O10O1O100O10000000001O00001O001O00010O00000000001O0000O100O1O1L4O1O1O1O1O100O10000000000O2O0O2N1J7N1O10O2N1M3O1O1O10001N10001O1N101N10001N101O1O1O1O001O00000001O01N10000O100O2N1O2MbdT[1
20121024073354Uh_4,acb[13ko13N1O2N1O101O2_PNC[o1d0N00O000000O01N2O1O10000O1001O001O2N2O10O1O001O2N1O0100O01O10O1O1O1000O00O010O010100OO100O00101O101N1O1O001O011hPN^Onn1LUQNP1kn1O05J2N1N4MSOaQN:]n1BhQNd0Sn1oNYRNQ1\n1O1O01O1O000O1O1O1N[OYQN9an1EbQN<\n1AgQN`0Yn1[OlQNe0hn110O0O1O1N1O1O2N100O1O2L3N3LhXU^2
20121024073354Uh_5,_bam03lo12O0000001N10000O100O10000010O01O0010O0010O0000001O0001O00O101O0O10O10O01O100O100O100O10O1O00100O010O0O2I7M2100O1O101N1O3M2O1N10O100000001O0O2O0N2N200O01001O00000O10O0N2O1001O0010O010O100O10000000000O1JbPNH`o17401O0100O000000000000100O001O010O0100O1O10O1O010O0010O1000O1O010N101BKPQN5Po1=100O1O101O001N10000O1O00010O01N101N100O1O1O1001O01O001000000001O1N2L3N101O1O001O001O001O10000O0100O0M3M3E;K6L3N3O010O01PO]QNb0dn1\OaQN`0an1^ObQN?Qo1O1N2N1O0O20O01O10O01O1O0000J6O2O001O1N101O01N3Leo3EgPL3M2N1O001N1N2L50000001O1O000001O000010O1O1N2O2O0O2O0O1O2N3KfbZb2
20121024073354Uh_6,USSh12lo13N2M201O0000010O01O1O000010O01O010O0000000000O10O1000000O10O010O10O01O100O100O001N1O1O101M2G9O1000O01N2BUO`QNS1[n1631N3O1000UOjQNKXn1MR1M3O2LRolS2
20121024073354Uh_7,WQiX16co18L4N1O2L3N3N1N3N1N2N101O00O2N1ZO]QN0bn10dQNK\n14g01O1N2O10O2O0O2N2L4N_O0a03M3M2M2O1N3M2L5M2O2O0O100O2kNMVRN9fm1R1N2N1101N1N3M3SNVRN_1Qn1\NURN_1]n1hN_QNd0en1VO`QN:JMTo1OPQNOQo1ORQN0Po1LSQN2_o1NfQ_c2
20121024073354Uh_8,[_oR33ko12N2O1O1O1O0N1100000M3O1O1J6M03M3M3N1O2N2N20O00100N10000O101O001O0100O001O1O01O101OO010O1000000001O0001N10010O1O01O01O001O1O00100O1O100O10O10O0100O00100000O101N102Ldcjg0
20121024073354Uh_9,Pkfi21no12N2O0000000000000001O01O001O01O01O01O0000000010O00000O2O0000O0100000O10000000O01000001O0O1000O1000000O10000000000000000O1O00100O0100O010O1000O001O001N1H8N21O000O2G8N3O10000O100000000001O000000000010O0100O1000000001N2NbU]o0
20121125063154Uh_1,l`WV15ho15K4N1O10O1N10JFgPN;Xo16100O010O010O0100O010O1O01N1O10O1M4F9O2O00000000000000000100O1N1001O0000O100O0101OO2O1O1O1O2N1N2O1O1N2O001O001O1O1O1O1O100O1O010O1O1O2N2NTald2
20121125063154Uh_2,Q`__24jo13N001O010O1O010O000010O01000000O10O100O0100O010O0001O001O000001O001N2N2O001O1O0001N2O1O100O0010O0O2O1N101O0010000O01000O1N11O001O1N2O01O001N3O0O1O1N20O0100000O0100000O0100O0100000O0100O100O1O01000O2O0O100O1O1O1O1N101O1L4O1O101NlaZY1
20121125063154Uh_3,VodW35ko13M2O1N100100O11OO01O0001O01O000QIFW^N;ea1H[^N8da1I\^N6ca1L\^N5da1K\^N4da1M[^N3ea1OY^N1fa10Q^NIcI8\h10o]N9Qb1Go]N:Pb1FP^N:Pb1FQ^N9Pb1FP^N9Qb1GP^N8Qb1GQ^N7oa1IR^N6oa1IR^N6oa1JQ^N5Pb1JR^N4na1MR^N2oa1NP^N2Qb1No]N2Pb1Oo]N1Rb1On]N0Rb11n]NORb11m]NOUb10k]N0Ub10j]N0Vb11j]NOVb11i]NNYb12f]NNZb13^]N4cb1LS]N=mb1DQ]N=Pc1Co\N=Rc1Hh\N8Zc1Ib\N8_c1I_\N7cc1I[\N6gc1JX\N6ic1KT\N6mc1JP\N8Qd1Hm[N9Td1Gj[N9Xd1Gg[N9Zd1GmVN]O]4k0hd1IgVN@^4g0nd13Q[NMQe12nZNNSe12kZN0Ue1OiZN3Xe1MdZNJlK_Oai1g0`ZN@nKI4N_i1i0oYNWO`L<0D4O^i1j0kYNOeLVORj1k0UYN0jLSOYj1i0iXN5cg1KZXN5ig1JVXN6kg1KRXN5Qh1KlWN5Wh1MdWN4^h1K`WN_OZM8Yk18[WN@_M6Xk19XWNA`M6Zk18TWNBdM5Zk19PWNCdM4_k1<fVNCjM0dk1`0lTNWOb0o0ej1O]TNYOh0j0Pk1c0iTN@Zk1b0^TNAgk1=UTNDPl1:kSNIXl1n12N4L2O1mL_SNNL]2]m1N1O1O2M2N2G:K6K4L4C>RO\QN9^Qga0
20121125063154Uh_4,o[ml22mo12N100O2O0000001O00000O1000000O1000001N101N10001O01O0000001O000000100O000000O100O1O1O100O11O001O1O00001N1O1O1O2O0O10000000001N101N2NRdln0
20121125063154Uh_5,Y]_k15ko12N100000001O2M2O1O1O01011N0O01O0001O01O0O2O0O100O1000000O10O10O1O001O10O0001O0001O01O00100O0010O0000010O000000000O2O00001O00001O00001O00001N10000000001O010O01O100O1O1O00001O0000001O0001O00000O1000001N1000000O1O10O01O100O100000000000O100000O1000O101O1N101N100O1O100O10O10O01O10O00010O01O001O010O01O000000O1000010O01000O01000O10O01O001O1O010O10O100O100O0100O001O10001N101N1000O1O2N100O100O0100O10O01O001OO01010O0010O010000O10000O10O010O00010O00100O0L4N010O3M2K5O10O01N101M3I71N2M2O2N2OO11N1N3K4N3O01O0O0L23O1N3O1O010OO1N10100O1001O1O1O2M2O1O100N200O10O10O01O01OO10O1O10001O000001O0O10O0010O1000O1O1O1O1O1001O00000001O10O010O1O010O10O0100O010O1001N1000000000O0100O010O10000O1000O10O10000000000O01000000000000010O00010O010O0100O100O010O0001O01O0000101N2O0O11O2N3L2O0000O010O01O0000010O00000O11N100000000O1000000000000O100000000010O00000000001O00001O1OcenY1
20121125063154Uh_6,YSc]24jo15L;[O=J6oNlNeRNb1Ym1bNbRN`1^m1dN\RN^1dm1>3M2M4J6Ja0@7L?@<DhlZa1
20121125063154Uh_7,QbSg13ko14L4M2N10O1O1O1O100O010O1O010O10O1O100O1O100O1O1O1O10O000001N20O010O1O01O01000O1O101N100O10000O010O10O1000000O101O1O001O0010O001O000000O10000000001O000000000010O2N2N010O01O001O000O100O1O10O1O1000000001O6J3M1N2Oko5MWPJ2O1O00001O01O0000001O001O01O0O2O1O000O2O000100O010O00010O01O0010O10O000000001O00010O1O10O100O010O1O010O001O000O101O0OQ^Zn1
20121125063154Uh_8,Z[oo13jo14K6L2O2O00O100O100O100O100000O001O000O01O10O01N110O01O101OO10O0100O101O1O00100O00010OO2M2O1001O001O10O010O01O1O1O2N010O10O01O001O010O01O0100O10O10O0100O001000O010OIMbPN4]o1NbPN1^o10bPN0^o10bPN0]o11dPNM]o1280O010010O01O001O0100O10O10O1001N100O100O100001O001O1O0O2O00001O00000000000000O010000O100O10Vgbg1
20121125063154Uh_9,iWae23mo11O1O010O0010O01O01O0001O0000000000000O10O0100O10O0010O01O010O0001O000O101N1O1O001CHRQN9ln1=0000100N3Nb0]OSiZW1
20121125063154Uh_10,XZ]S33lo15K3OO01O00O01O001O0010MCOQQNOon15PQNHPo1::1DAVQN`0cn1JZQN3gn11XQNJin1:XQNAjn1`0;00N3J`gPk0
20121203063334Lh_1,hceo16io13N2M2N2M4M2N1O2N1O1O2N2O1YQNVOUn1m0fQNWOYn1Y1N1O1O1N2O1O1O0M4N2N2O1000O101O1O1N101O1O1N2O0O1O2N100O1O1O1O100O0010O1000O010000000O101N100000000O10000O100O10OO2N110O010O010O011M2O2N101N2N100O2O0000000O10000O100O100O100O1000O10O100O00100O001O2O0G:N2N2N2MP]lh1
20121203063334Lh_2,Pa_]23lo12O1O001O1O001O1N10000O100UOHbQN1J9an1M_QN?^n1c0N1N3O1O000O2O001O1N3M2O10001O001O10O01O10O01O00001OO100O001O000000O001001O100O101O1N101O1O1O1O1O0O1O1O100O2O000O100N2ROdQND26\n14RRNFRn19l0N2Me``]1
20121203063334Lh_3,b^[e16io12N2O0O2N1O2O0O100000O1000000O2O0000000000O010O1O0O2M3O010000O1O100O100O0010O000O11O01O100O00000001O010O100O100O1000000O1O2N2O0O2O000O1000001O0O2NTbPV2
20121203063334Lh_4,afi`13lo12N2O2N1N2O1O1O001O1O0O2O00000O2O00001O1O0O2N101N10000000O2G8O10001O00O1000O1O010O0001O00100N11000O10000O10000O11O000000000O1000O010O100000000001N1O1O1O100O2O00O010O1O10000000O10O00010O10O01O1O010O010O1N1O2N2O001O1N2]OXOlQNj0Qn1\OkQNd0Rn1ChQN`0Wn1e0N201N11O00001O001O001O001O2N1O1O1O1O1N2O1O0O2O000O1O2O0O2N2N2N2N2N2N2M3N1O2O1N2O1O1O1N3N1NcZZU2
20121203063334Lh_5,RidY26ho15E;L100O100001N1O1N3N2N100O1010O01O0001O001O00000O100000000010O010O002N1O3FUWmc1
20121203063334Lh_6,cdXe25ko12M3N100O1O1O1O1O010O01O01O0010O01O10000O101N2N2O1O001O2O08H0O2O0O2OUQNHkm19QRNLmm16oQNNom1T1N1O0010O1N7I6K5J4L3N6K2N2M2O10OO2O001N1N2O1N2MSXmV1
20121203063334Lh_7,^\cR34jo14M2N2M3N1N3O1N101O1O2N2N4L2OO0100O0000000001N001M3N2N2O1O1O1O1N2N2O1O1M4Ldo?N_P@2N3N1N2N2N2N1L5E;N2L3G:NH9O2EZQNVOln1g08O1O2M2N2N3O0O100O100O2O00000O2O1N100O2O0O2O1MbePh0
20121203063334Lh_8,ohTm0`0_o15K3M3N2M2N2N2N2O1N2N2M3M3M3N1O2N10O010O1O1SOkQNNVn1ClQNI6?Rn1BaRN3WU[Q3
20121203063334Lh_9,TdnQ16io12O1N1O1O2N1O1O2M3M3N2N3N2O00000000O100O2N10O01O1N2O1O1N2O1O6I3M3L`[mk2
20121203063334Lh_10,VkXh14ko13M2O1O100O10000000O100O0100O10O01000O100O010O10O10O10O0100O1O2N1O2LUTaU2
20121206063154Uh_1,`hTS21lo15M3M2N3N1N2O2M2N3N2M2N3N1O5J3N1N100001O1O2O2M2O1O11OO000O1O1O1O1O1O0O2N1O2N1O1N3L3O1N2O001O1O10O0001O10O0010O01OO2N3M\WSi1
20121206063154Uh_2,Pd[S12ko15L3L4K4K5O100O10000000O101O001O010O010O100O100000O101O00O100O0010O000001O001N2O1O1O1O1O001O1O001O000000000000O2OO0100O10O010O001O0100O001O1O1O1O010CCWQN=hn1FVQN:in1HVQN8jn1HVQN8jn1HWQN7jn1GWQN:hn1EYQN;Vo10000001N1O1N2O1O101N100O100O2O0000O01O01N1O1O100000010O10O10O01O1O10O011N101N10000O100000O0N3O1O001O0010O010O011O0O101N101N100O1O1ON3N100010O001000O001O1O1O1O1N2L3O2NK51O100O11O000001O001O010O100000O100O2O0O2N2O0O2O0O101O00001N101O0O2O000O100O100O001O0O101O0O11O00000O2N2O1N2O1N1D_OZQNb0en1<100O10001N10001N10001O0O102N7I2N2N1O001O00000000000000001N01000O10000000O2O001O1N2N101O00000001N2O1N100O1O100000000000000001N0100O001N2O001O10O10O10000000O1000000O1O0N3N110O01000O1000001O01O01O0000001O0O1000001O001O100O001O1O0O2O00001O0001O10O01O100O01000000O1000O100O3M2N2N001O1O1O101N3M0O2O000000001O1Nm]TU2
20121206063154Uh_3,SWii04ko11O1O0O2O0O2O000000001N110O1O1O1O1O1O1N1O2N1O1O2M201OO2O00100O10O10000O100000O10001O001N1000000O2O0000000000O10O100000001O001O01O1O1O1O001O0O1O1O2N100O1O100O1O101O001O1O1O010O00100O100O010O010O00100O1O1O1O2N2N2N0O2O00O100O1hNfQN108]n1DVRN8kn1L4N3LRiln2
20121206063154Uh_4,afTd02mo12O1N101O001N101N1O2N00100O001N1100O0100O100O100O100000O00010O1O1O001O10O01O100O10O010O010O0100O010000O1000000001O000000O1001O001O000001O0000001O001O1N2O001O0O1O2OO100O2O0O2N2N2O000000000O100000O100000O10000O10O01O10O010O0100O10O010O0100O2N3KZZWT3
20121206063154Uh_5,ajZ\3;co13M2O1O10000000001O1O1O5L000O01O1O1O01RQNZOan1f0ZQNCan1o0000001012L2M2O`0@1O0O11iPNChn1l0O0001N1000000002RQNoNin1U11M6J3L4L3L4J7J\Sa`0
20121206063154Uh_6,[Wa^14ho16M2O100000004L10O1N1O01O0000010O011O02N01O1O3M0000O1O001O001O001O01O01O010O100O100O010O1O010O010O00001O0000O10000O2O0000010O01O101N1O1O01O01O0001O0O1000000010O010O01O01O0000000001O1O001O00000000000000000000001O0001O01O01O000000000O10O11O0010O00001O000000000000O1000000O1000O100O100O1000O010O1O001O1O01O00100O1O010O00O2O01O01O100O1O100O2N2NgghV2
20121206063154Uh_7,^h`R13lo12O001N101O00000000001O0010000O10O10O0010O01O1O0100O1O1O1O0010O0100O10O10O1O1O2MRWmj2
20121206063154Uh_8,eeXf22lo15M1O1O2O1O1O1O000001O01O01O100O1O1O0010O1O00O1O1O3L`P6NaoI4M2N1O2O0O2O1O1O2N2O000O10O1O1O001O1N2O001O0O2O00000010O0000000000000001O01O01O0100O1O100O1O10O01O10O10O10O1O10O01O100O1O1O1O100O1O01000O100O1NSXYS1
20121206063154Uh_9,d^og01no12N1O100O10000000000O1000000O100O100O100O10O010O0100O10O010O0001O000010O0100O010O001O01O00O100N2OO2O00010O1O2M3N2Neb\T3
20121216154954Bh_1,Q`jU26io12N1O2N100O2O0O100N3N1N2N2O1N3M2O1O101N1O1O101N101N2N3N1N2O1O001O1O1O001O1O001O0O101O001O0O2O000000O01O01O000O2O1O1O1O1O100O1O100N201O00000001O001O0O10001O1O000O100O100000000000O100O10000001N101O01O0001O00001O01O01O00100O0010O00010O1O1O01O0000001O00001O001O001O010O1O0010000N20O02N10O0100O0110N02O1N2N100O1O1O1O10O01O00010O001O1O1O1O1O1O1O001O001N100010O0010O001000000O2OO10O10000000eMiRNJO86l0Rm1lNnSNS1`m100010O0O10O1O1O01O01N101N1N3N1O2ATQNGmn18?O1N101O001O0010O01O01O010O01O00001O0000010O000O10001O0O2NP^S[1
20121216154954Bh_2,[eaP25jo12O1N2O1N2O1N1O2N2O0N3M2N3M2O2N1O2O1O0O2O1O2N1O1O1N2O001O001000O20O0=C:F001O00000O01O0000001O010O00001O1O01O01O10O00101N3N0O1O1O1O1O10O01O00010O001O010O010O0100O001O1O1O100O1O010O1O0001O00011N1O1O1N101O1O010O1N101O001O1O001N3MnXZh1
20121216154954Bh_3,ef\U14jo13N2O1N10001O001O00000000000O10O2O0O10001O00000001N1010O01O00100O100O01001O001O001O000000000O100O2O0O101N10000O10000O100O10000O1O10000O1000O01000O010O01O01O10O0100O0010O01000O11N100O2O0O10O10000O2O2M10000O10O100O2O1N9H1N10001N1000000O01000000O0100O10O10O100000O0100O010O100O010O1O1O010O010O10O10O1000001O001O000O1O100NPVc`2
20121216154954Bh_4,Wo`R14ko13N1O1O2N1O1O0010O01O001O001O1O001O010O10O011O2N2N000001O001N2N7J000O10O1O1O1O1O2N1O1O1O1O001N101N2N2N4KhoTj2
20121216154954Bh_5,Qh\R12mo12N2O1O1O1O1O1O1O001O1O001O001000O01000O10000002N1O00O101O0000001O0O100001O1O2aPNBWo1f0M101O001O0O11O1N101O1N2O1O1O001O2N3M1O1O000O100O1O10O010O0100O10O0100O10O10O0100O01O01O01O01O01O00100O001O1O1O_Ucg2
20121216154954Bh_6,hlPc25jo13M3N001O1O2O1N2O2RQNCSn1Y1M0000O2O0O1O2N2N2N1N2O1N2O1M2N4G8N7FaRU[1
20121216154954Bh_7,`[ig06io16K2N1O2O00O1000O00010O000001O01O01O000000001O0000001O001O0O2O00001O0000000001O00000000000O1000O010000000O01000O0100O10O10O10000O100000001O01O010O0001O01O0000001O01O000000010O01O0O2O00001N101O000O100000O11O0O1001O0001O1O1Nko;3QPD3N2N100O10001O00000001O0010O01O1O1000O010000O1O1O1O1NocRo2
20121216154954Bh_8,S_`T13ko14M2O010O1O001O0000001N100000O1000O10001OO1000000000O10000O001O1O100O10O1000000O1O100O100O1000001O001N101O0000000000001O01O00000000001O0000001O00000O1001O0000001O00000001O00001O0O101N10000O1O2N1O100O100O10000O1001O000001O001N101O00100O1O001O0000O2N1N2N3M2M3N2O1O100O10001O001O00001O0010O0001O001O00000001O01O01O0000001O00001O000001O0000000O01000001O000000010O00000000001O000000001O0000000000010O00000000001O00001O0O101O0O100O1000O1O1O2N101N2O001N101Nn`[]2
20121216154954Bh_9,Qln`35jo14L4N>A3M3N1N2O00000O2O002N1O30:GNO1N01O00001N2O3M1O1O1O1O2O0000000002N1O7H4L10000O3N1O00O1O3N1N1O6I6K1O2M;F1N3N2M3M2N3M3LPPU;
20121220110614Th_1,a_Vk2:`o19J7K1N2N2N10EUQNBln1=VQNBjn1=YQN_Ohn1`0=N1O2O1O0O2O1O100O100O10000000O10001O001O000001O6Jm`aR1
20121220110614Th_2,iT_^21no12N2O001O00001O0O10001O000O101O000O101O000O100O1O2O000nPND`n1<_QNF`n1:_QNI_n18^QNL`n15^QNMan1i0000O10O01O1O2N2N2N3N1O2N1O1O1O1O1N3M2N2N1O1O1O100O1O1O1O1O1O2Noj`]1
20121220110614Th_3,[`kh04ko11O100O1O100O1O10O0100O01000O100000000000000O100O1000000O1000000001O0000001O1O00001O01O0000000000000O10O010000O1000000000O010001N100O10000000O01000O100O10000O1O2O000O2O00001O00001O0000O101O00000O10000001O0000O100000000O100000000000001N2M3N2N2O0010O1O2N1O2N1O1O1O00O1000000000000001O1O0O2O1O0O100000000000O100O1000001N10001OO1000O10000O100O2O2N1N2O001O010O2O0O2mPNYOjn1Q1M101N11O3L5L1O2N8G2O0O1O1O001O2N2N1N2Ngoo01XPPO100O10000O100O10000O101O000000100O1O01O00000O10O10000O100O1000000O100O1O1O10000000O3N3M2N1O0O100000000O10O10O10O10000O010O100O1O10O100000000000O10O100O010O01O010O100O1000O101O001O1O000000000O100O01O100O1O1O0010O0010O01000O11O0000000O10O1K4O1010O0O2O1N200O1ODOiPN3Uo1<O2O1O010O000O100O01L4H8O2O1O000O10001O00010OO1O2O1N2O10000100O00000O1O1O000001O0010O010O00O0010000001O001O001O1O0O2N10000001O00000000000001O01O0O2K5N101N1J7O0O1000O10001N1O2O001O1O001O1O010O10O10O1000001O001O00000001O0000O100000000000001O00010O001O001O1O00000000000000O10000O10O0100000000001O0000000000001N100O100000O01000O1O01O01O010O010O01000O0100O0100O001O000001O00001O01O001000O0100O01000000O010O100O1000O10O0100O1O10O010O010O010O10O01000O10000O100O100O01O001O1N10100O1O0010O00010O0O20O0001O001N1M300002O000O101O001N10001O0O1000000000000000O010O10O10000O10000000000000O01000000O100O2N3MSP60loI4M3N2M2N1O1O1O1O1O1O001O0O2M2N3O0100O2O1O100O102N3M0O1O0O2O001O1N101O1O1O001O0O2O000001O0000000001O001N_d\k1
20121220110614Th_4,kZ[U1=co15J;E3N9F8H2N2NlNhQNc0Un1]OoQNC0e0om1H^RN7Um1ZOaRN?a03jl1D_RN:k01bl1;aSND\l1>fSNBUl1`0mSN@ok1c0QTN_Olk1b0TTN@ik1a0WTN@hk1?YTNCek1=[TNDdk1;]TNFbk1:^TNGak18`TNI_k17bTNI]k17dTNI[k16oTNBPk1>RUN@oj1>SUNBlj1<WUNCij1:[UNEej1M_SNKo18aj1LcSNHV25Uj12iSNFU27Qj11^VN0_i1OdVN0[i1OgVN2Wi1NkVN0Vi1OlVNOUi10mVNMVi10hiRh2
20121220110614Th_5,efVd21no11O2N1O1O1O1N2O1000O10O010O01O010O1000O01000000O10000O10000000000001O00001O01O00000001O001O1O10O01O10000O10O1O001O2L4K`YQX1
20121220110614Th_6,]Qkh14lo11N20O01O10O10O100000O010O010O0100O10001O0001O0O2N2MQn^U2
20121229085414Th_1,a\ia26io1101O01O00000001O0`PNLTo16hPNLWo1?00O1O00O2O00000001N200O1O1OO10N102O0202M2O0O001O0O2O001O01O01N0100000O1N2M3000O2N0O2O0O10O1O2O00O100O1N1N30001N2N200O010OO2O1N1O2N2O002N101N1O1O001O1O2N1O2O2Lfd`X1
20121229085414Th_2,d^mo05io12N2N1O1O1O10000000O101O1O10O1O1O00000O1O1L4O1N1N2O0101O2N2N2O1O1N2O0100O1000O2N1O100O010O00001O1O100O10O1K4O11O10O010O1O0OO11]OG`QN:_n1NWQN4jn1a01N101O0O2O1N3N2M2O0010O100000O2N2N2M5L2MZcdj2
20121229085414Th_3,iXii22mo13M101O2O3N01N10O001\PNLXo1`0OO1O1N1O2M3M2N20O1O1O1O1L4O1O10O010O1O010O0100000O1O1O001M101001O0O2N2O00100N1000O10eNAVSN?kl1BSSN>nl1DlRN?Vm1CoQN36;mm18kQNGXn1o02EiQNiNZn1T1;M3N2O0O2N1N3M2O2M2N2M3M3N2N3N1N3N1OhhVQ1
20121229085414Th_4,kam^26io110001O0O2\PNJXo1c0M8I3M2OO001N1ATQNImn17TQNGmn1:QQNFQo1d0001N2N2N2O1N1N3M3N101O0000O1O0O0001O001N3M3N]^d^1
20121229085414Th_5,UWef03jo14M2L4M2O1M3N001O101OL4N201O0O201N2N2M3NTjPX3
20121229085414Th_6,VdeW24lo11O8G2O1N2N2N2O1M2O2L3N200O10O1N3N:F2N3N002M2O1O001O1Mf[bf1
20130104104234Ch_1,^`ek15io12O2O0N3O0O2M2N2N2N3J6H8N1O2N2N2N1010O001N2N3M4L2N2O001O010O01O0O101N11O002N3L2N100O10000O01O1O010O1001OO100O0100O1O2N10001O001O001O00000000000000O1000000O100O00O1O2O01O100O10000O00100O1000O101O1N2M2O101O0000001O1N1O100O100O100O100O101N10U`jl1
20130104104234Ch_2,PW_m14ko12N101O00001N1000000000000000001O000O100O10001O0O2N2N2O1O1O@iPN8Xo1CmPN=[o1000O10000O1000000O001O0O2O1O1O00100001O3M0001O0001O2N0O10O10O1O1O0100O0100O1O00001O0100O100O2N1O1N2O1O001O1O10O0000000001O0O101O00000O10001O001000YOSQN9[o100O100O100O01O2N101N100O00010O02N7I1O1O1O002Nff^j1
20130104104234Ch_3,lc[W18eo17J2N2O00O1N3N2O1N2O1O2O0N4Lkok03RPTO3L3O1O1O1O101O100O2O0O001O000100O10O00000000010O001O000000O100O010O01N1O1K5O1O1O2O0001O1O1O1O1O0O1N3N2O1O2N100O10O10O01O1O1N2M2N2N1O101O1O200O0101M3M3M2L4M2000O2M20001000O10O101O00O10O01O10O01O01O000O2N1N3O0100O1N2N1O1O02N101N101000O0100000O10000O0100O101N2N2M3N101O02O2M01O0O2O002N2N2O0O10O000O2N1O2M2O2N1O1000001O001O00001O0001O0001O001O0000O2O0O100001O00000001O010O01O00001O0O101O0O10001O001O1O1O1O000O101O001O1N2O0000001N100O2O000O2O1N\^PY2
20130104104234Ch_4,SgZo25io13O1N1010O01O100O1O100000000O1O1O2N3M8F2L4N1100O2O2N;F2N3O4KO100O1O1O4M0O01N100O01O;FO00001O1O1N100N2O1O2O002N3N2N1N11O001O001O=D00O10O0000O2N8H2N2N1O1N4LYVik0
20130104104234Ch_5,hdbP14io15H7A`0F=H6K5L2MSOnQN1om1J]RN3_m1EnRN=jl1A_SN>\l1BhSN=Vl1BoSN:Rl1EPTN9Ql1ESTN7ok1GUTN6nk1EVTN:im1O001O1N2N4JeZmm2
20130104104234Ch_6,\]ej27fo17K4L3M4M3M6K1N1O001N3M2M3K5M2OTOmQNN_m1@fRNa0OLYm1HdRN<;FPm1OdRN:>Gml1OgRN7>Ill1OPSNL75jl1MRTN2Ql1IQTN8lm1000O2O0kLJ^VN6_i10^VN0ai14]VNKbi19\VNGci1;[VNFci1;^VNF`i1:`VNG_i18bVNI]i16eVNKYi13jVN1Qi1KTWN5kh1IZWN4fh1K`WNOah11bWNK_h14fWNE]h1;c300000O10000100O001O10O10O0100O1O1O2N1O1O000000O2O001N2O1O001O001O0010O0100O01O1O1O2N2O0010O0000O001O10O001O1N1N3N2O0O3LQfjn0
20130104104234Ch_7,jeRZ25io14H8L>C3M3N100O0100O10000O2N2O2M2N2O1001N000000O010O10O1N1N4G8M3N2N2OSOmQNOSn1C[RN<dn12O1O2O20NO101N4MO2N7I2N2N10O2NO001N3MeP>MZoA8K4M5L2N2O10VOSQNb0Vo1N1O0O2N2M4KhVSa1
20130104104234Ch_8,PR[[16ho15L6J5oPN_O[n1e0\QNBbn1n001BiNSRNU1^m1iN`RN82m0\m1@gRN>Xm1CkRN;Sm1EPSN<ml1DTSN?il1@\SN;el1EZSN:nl1@QSN`0Qm1]OoRNb0Rm1_OnRN?Sm1A[SN0fl10e10100O3N2M1N3LYnnb2
20130104104234Ch_9,Vc`T1:fo12N0001O0O2O1O00010O01O001O00101`PNHTo1d0OO01O01M3M4L3O2N1O10O00001O001O1O1O1O100O10O2O1N010O00100O1000O10000O0010O01O01O1O10O0100O1O1O2Lf[[g2
20130104104234Ch_10,^d`Z22ko14N2N001O1O010O1O1O001O0100O01000O0100O1O10O100O100O100O2O000001O001O001N2O00O10O0100000000000O10O01M3N2N2O1O100O10O1000001O3M3M1O1O000000100O0010O00000001N2O1O0010O0O10000001O1O1N100000001N1OVPj0OjoUO3N2N2O2M2O2N1N3OO105J2O0O0100N2O2N3M2N2O0003N4K100O0000O100O02O1N3M2N01O001O1O100O02N1O1N5J`P47YoK4M2O1O2O001O0001O1O1N1O1O100O0010O1O2O0O10O110N2O1O1N2N1O2N1NTYaY1
20130104104234Ch_11,jVcR33jo15M2N01O0O10O001M3H8L5L2000O1N2L4M40O010N2L4O1ON10O1001O1M4N2L5M3M3MdkVk0
20130110085614Th_1,iXXV22ko19oPNGnm1?jQNFTn1=`QNM_n1k0O1O001O00DdQNTO[n1j0jQNTOUn1l0?1N2O001N1O1000001000O100O1O1N2O1O1000N102N1000O100O2N2UOTQN>Zo1L3L4M4L]gof1
20130110085614Th_2,[jnm01lo15lN5mQNNPn19hQNLRn1T1K8F8J7L3M2N3LYOdRNoNVm15SSNEM5ml10_SNHG9gl1MhSN\OMg0Zl1KdTN5[k1JgTN5Yk1JiTN6Xk1GjTN9Vk1ElTN;Uk1CQUN9nj1FTUN9kj1GVUN9jj1FXUN9hj1FZUN9ej1G]UN7dj1H]UN8bj1H_UN8aj1G`UN9_j1GcUN8\j1HfUN7Yj1IhUN8^MGbl11RVN=oi1_OTVNa0fl101O0001O00O1000000000000O10O100O001O1O100O00100O0100O001O100O001O1O2N3N1N1O1O100O000001O0000000O100000N1O2O01O010O10O10O010000000000000000000O1O1O0000001N1O0002O01O01OO2N101O1O1O1000000001N100O1O1O1000000O100O001O001O00100O100O2N1O_Teh2
20130110085614Th_3,_adT24jo12nNNTRN4jm10aQNJ78Vn1<dQNGUm1HXSN0]O]1Ym1mNkRNa1Sm1g0L5L4M3M5KRO]SNgN8VObk1T1UTNSO3M7R1^k1]OoTN\OC1;m0Qk1GdVN6Zi1KiVN5Ri1OPWN0lh12WWNLgh15ZWNKdh17[WNJch1EmTNK`2a0`h1DSUNJ]2GgM;hj13WUNI[2FjM>aj14[UNGn24eg1NeUNMi24`g1LkUNNi24Zg1MoUNOh2<Pg1DYVN0i2<mf1B\VN1h2=kf1A^VN3g2<kf1^O`VN6g2;jg1DVXN<jg1EUXN<kg1CUXN>kg1BTXN?lg1ASXN?mg1ATXN?lg1@TXN`0mg1^OVXNa0fk1O1N100000O10000O0101O0O1O001O1O1O1N2O00100O100000000000000000O02O0N2O2LP\cf1
20130110085614Th_4,a\_d25jo12O1O1O1O2M2O1N3N1O2M2O1O102M2N3M=B2O1OjNcQNi0]n1SOjQNj0Vn1SOnQNl0Qn1SORRNm0jm1UOXRNj0fm1XO[RNh0dm1XO]RNh0am1XOaRNg0_m1YObRNf0]m1[OdRNe0[m1[OfRNd0Zm1[OjRNb0Wm1]OlRNa0Um1[OnRNd0Xn1O101N2O0O2N1O1O1O6IRbhX1
20130110085614Th_5,fcn`21no13N1N3N1O1O2N100003M1O001O00000O0100O10000000001O3L5L1O1O1O12M1O01N1O2O0O4O0O0O1O01O6K0O01O0O10O1O1O1O2N1O1O100O00001O01000O2O14K0O010001001N2N3N3M00O10110N2M1O1000O1O3M1011N001N5K3M1N2O00000000001O001N11O0O100O01O2N1O00000000001O00fWgW1
20130110085614Th_6,[PQc13ko12O1O0100O10O00100O00001O010O1O00100001O000000O2N1O1O1N2O1O100O1O00000O11N010O101M2N2O01O010N101O001M3O0FDRQN=mn1:101O1O2N2M3N2N10RN@]TN>dk1FaRN0_1:Pl10nSNOTl12hSN0Yl16^SNLcl15VSN1jl11RSN0Pm1OmRN3Tm1NcRN8im1>=M4L8H4M3M2N3HfRoW2
20130110085614Th_7,`cRR3253]o1?J1N3M4L5K8I3L2O1M2L4G900O2OSOYRNBfm11RRND<:am1MYRNF8=_m1L\RND7?]m1LRSN5ll1KVSN4jl1K[SN1el1JcSN5[l1JiSN4Vl1LkSN5Sl1KoSN4ok1LSTN4lk1LWTN3gk1M[TN3ck1M_TN4^k1LcTN5[k1KfTN6Xk1JjTN5Uk1KlTN5Sk1KnTN4Rk1LoTN4Pk1MPUN2Pk1ORUNOmj12WUNKhj15XUNKgj15ZUNJfj16[UNKcj15^UNKaj15`UNK`j14aUNL^j14cUNL\j14eUNK[j14gUNLXj14iUNLVj13lUNMSj13nUNMQj13PVNMPj13PVNMPj12QVNNni12SVNMni13RVNLni14o210O010O00010O1O0001O1O001O1O1000000O01000O011N1O3N0O10O1O010O10O1001O0000002N2N10O0000O100O1O100O10O10O010000O10000000O100O001O0100O100O10O010O1O2M^[ge0
20130110085614Th_8,QRYW13lo12N110O0000001O001O1O010O000000000100O100O0010O01O10O01O01O00010O001O001O01O010O10O1O2N1O1O0100O0010O010O10O00001O0O101O000001O0001O001O01O01O01O1[PNI`o1<O10O0O2N101O000O100000000000010O002O0O001O01O01O01O01O00001O00O100O1O1001O0000000O100000001O010O00010O0000001O0000000000001O1NjlR`2
20130110085614Th_9,Rdam15jo12AMnPN5Po1NmPN3So1NkPN5So1>N1O1O001O0001O1O1O1O1O0O2O1O00001O001O0010O0010O00001N010O10O01O100O100O10000001O0O001O01O1O1O010O100O0100O001O2M2M3O1O100O1000O0O2OO1000000100O2O0O10O000010O0001O1O1O10000O0100000000001O0O2O0O2O0O2O00O010O1O1O001O10O01O1000001O001O00001O001O000000001O001O01O1O1O1O0O10000O010O010O2N1O1O10O1000O100O100N2O1M4N1O1O2O10O103L2N1O1N1O2N101O001WOTQN;[o1N1O1O10O000O2O00001O1O1N1N2O1O01O0010O1N2O1O1000O1000100O1O001O00001O00000O101O1O1O001O001O1N101O001O0001O0000001O0000000000010O0001O001O000000O100GIhPN8Vo1KhPN6Uo1<L5N10000100O2O10OO010O100O1O001O1O00mPN^Ojn1LSQN`03Enn1;PQNGPo19nPNHRo1d00O0010O0100O01O0O1O2O0001O4L5J5L3M2M4Hn[R`1
20130110085614Th_10,XhRW13mo12N10O01O01O0001O01O01O001000O001O1Ono91QPF1O1O001O0001O01O00000010O0010O0100O0010O0001O0O100000O01000O10000000O010000000O1000000000000001O00000000000000000010O00000010O001O10O010O100O1O1OWWib2
20130110085614Th_11,RZ[a14ko12N0010O10O0100O01O1O000001O100000O1O1000O1000000O010O101O000001O01O01O010O001O010O01000O010001N1NPf`[2
20130206063154Uh_1,da`n13lo12O1O2N2N2N2N3M2N1O10O0000001O0000001O01O010O010O010O000010O001O01O01O000001N100010O01O10O01000O1O100O1O1O001O1O001O001000O100000001N6K1O000001ORQN]O^n1d0^QN_Ocn1b0YQN@gn1l010O011^QNQOom1Q1mQNYOlm1`1N313J0O3VRN_Nnl1[2O0001O6I3N1fMiRNg1Zm1SNVSN`1ml1ZNXSNd1dm1N1O3M`0@2TOPQNd0Yo1M3N1N10001O1O01O0O2N2O2M?A:G1O1fQN`NRn1h13M2M2O0O2O1N5L2N000jN_QNj0on1M2O8G1O1O001O0O01000O^QNI[m18aRN6KDZl16hSN:@_OI4ol13dSN?_OMll1DcSNa1\l1_NaSNf1]l1ZN`SNl1]l1TN`SNP2_l1PN]SNT2bl1mM[SNU2fl1c0O01O1O1SN\SNmN0R1dl1OmSNTO^O:fl1=RTNUOE2[l1d0UTNWOjl1f0Y1O2N1O1M4M2O2O1N3MnVWg1
20130206063154Uh_2,i]]b29eo13N10000O10001O0O1O1O1O100O100O0100N2O0N3N2O00100O01O010O001O0001O0001N101O0O2O00OJ511001O000000O0N2N2N201000O1O01L3N3O100N2L5O000ZOmN_RNa0CGlm11XRN85Adm1S1aRNjN_m1T1g0M3O1O100O100O0001OIZQNWOfn1h090O2O0001O1N101O1O0O2N1O100O101O0000100O101N107H2N101M_fjV1
20130206063154Uh_3,n`ol22lo13M2O1O1N2N2K6N110O1O1O1000O0100O000O20O00001O00100O0010O1O3M1O1O01O1O1O2N1O3L3N1O1O2M2O1O01O0000000000O100O1O101N100O1Oi^Vo0
20130206063154Uh_4,_hln04ko1=D6K3L1010O103L3N10O00O0001O3M3M1O1O02M3N2M3M7I1O0000000O100000001O001O010O010O0101O000000O10O10O010O01O100O10000O101O0O010O001O001O1O000O2N1O2N1O3N1N2O001O001O00WOQQNb0nn1]OUQNb0To1000010OO10001O00_OnPN4So1JnPN7Ro1GPQN8]o1O1O10O002O0O00000O0100O10000O102N1N2NgToi2
20130206063154Uh_5,`aPQ11no12O1O1O1O6J3M4L2O0O01O1N101O00000000000000O100000010O101N2O0015J2OO10O010O00001O100O101O1N10O0000001O001O000aPNGVo1b0000002O\OjPN=]o1N10O10O0010000O2O011N2M100O10O0001O001O0000010O00010O10O10O11O100hPNJcn17YQNKhn16TQNLmn14QQNM51Vn13aQNN74Un1:kQNHUn17kQNKSn14oQNLQn13PRNLQn13PRNMQn10RRNOTn1HoQN7nn1O100O10O010O01O0010O01O001O0010O01000O010000O0100O010O1O010O01O010O00000000000000000001O0010O00100O1O1O10O01O10O010000000O11N1OVY_d2
20130206063154Uh_6,V\Xe13ko14L3N2N2O2N2N11O2NYQNEhm1<SRNIlm18PRNKPn1R1100O010O1O100O1O1_O^QNBcn1OmQN0Sn1MPRN3Pn1KRRN6ln100000O010O1O2O3_PNDVo1d04K2O0O1O101N101OO10010O11O1N1O2N1N3N1MUa]W2
20130206063154Uh_7,Wbb_15eo19J5K3N3N2N=CYO]QN3bn1FiQN7Vn1HmQN7Sn1GRRN5nm1KVRN1jm1OT10O01O010O101O0O10hQN1`l1N`SN4_l1JbSN7Tn11O0001O00000O10O01O0001O00O1000O1000O10O10O010O01O0010O0001O00001O001O00O0100000O101O000001O0O1O1O10O1O2O1N3N^]_[2
20130206063154Uh_8,Zf\h21no13N001O001O001O001O1000O010O100O001O1O1ORP:N[PD4To1`0M2N2N3N101=B1N100O101O0O100001O1O00002N00010N3N2O00O0110N200O1OO001O003M2N1N101O01N0001O0111M1OO101N2MdP4GdoK5M000001N3LSUSR1
20130206063154Uh_9,b^]T12mo13M2O2N1O0O2O0O010O1O001O0O1001N1N3N101O010000O01000O10O10O01000O010000O100000O1000001O00000000000O10001N10O0100000000001O001N10000O1000O010O01O010O00010O00O2O01N102M]bZf2
20130206063154Uh_10,lXW^23lo13M2O001O0O1000001O000O01O001O00001O000O101O0000N110001OO200N110N11O000O1O110O01CMkPN5To1<O100000O1N2O1O1O2M2O1N2O100O010O100000O10001O0O1000000000O2KdhV]1
20130208063134Lh_1,P^cT35jo13M2N100O100O10O1O0010N2O1N2N1K6K4D<0N3O00O1L4MJcQNnN_n1Q19O0O2O1N1O2M3M2M3O1O02N2M3N2N3L3N2O10O01N0O00100N3O01O002O0O1O10O1MK800K5O2M3M3N2N2O1O1O2M2O2N1O3MVeff0
20130208063134Lh_2,U^gd12no11O0O100000000O10O10O100O100000000O1O100O101N100O1O10O010000O100000001O01O000000000000000000O100000O2O00001O000O100000001O00000000000000000000000000O10000O10O0100O100O10000O100O01000O100O10O0100O100O00100O1O10O1000O01N2M3O1O100O10O10O1000O010O100O01000O010O010N1O2O001O00001N100O2N1O101N001OO1010O1N100001O00O2XMYOUVNi0li1YORVNg0oi1YOPVNf0Rj1[OlUNe0Uj1\OjUNa0Yj1_OfUN`0\j1AbUN<cj1D[UN;gj1FWUN9lj1HQUN8Pk1LSTNI[O;el1MbSN8DJml1O[SN=ADXm10RSNQ1Rm1l04L3L4N3L4L4L4L4L4@dQNWO_n1d0fQNYO_n14Qglo1
20130208063134Lh_3,`i^k15ko12N1O010O01O000010O00010O1O2\PNLXo1a0M2O0O1O1O1N2O1O1O1O0O10000000XOSQNI4<in1I^QN5dn1H_QN7cn1F^QN:Uo1O00000O2O0000001O000000001O01O00000000000O100001O000000O2O00000O2O001N10001O0000000000010O0002N101N010000O000000O001O10O001O100O01000O10O2O001O00001O000O10000O101O001O1N`USm1
20130208063134Lh_4,a`lc12mo12O0O101O0000000000001O000O101N100O1O1O100O10000000001O0001O01O100O10O01O010O0010O01O1O100O010O01N101N101N10001O0010O00101O2M4M2N1N10000O1000000O01000O1001N2O0O2N101N100O100O2O001001OO10O01O0O2O000O10O0101N100O10O1000O10O010O01O10O0100O10O010O010O00010N8I2N001O001O100OBgPN7Xo1HjPN7Uo1HmPN:Qo1EPQN<Zo11O0001O012L200O0001O001O00O10000O10O01O10O10000O3N2M101N100O10001O1O2N2N3M2N05K1O00000O10100O7J0OO01000O100O101O0O10O10O1O100O0000010O0100O001O001N2M3M201O1O00100O10O0100O10O1O010O0010O0000010O0001O01O00010O00100O010O010O010O001O0000001O0100O1O01000O10O010O010O1O2NaYSk1
20130208063134Lh_5,dZgP34jo13N2N1O1O1O1O0000000O1O100000000O00001O10O2O10O01O001O0000N20010O010O01O1O1O1O0010O100N2O1O1O2O0O101N1O1O0OG:0000O10000OO200000001O001N2O1O1O1O1N101O10O0KkPN_OVo1`06O1N11O0000010O010O1OO101OO01N3O0010O010O1000O10O1000O1O010O1O00100O010O001O010O010O01L4O01O1O100O10000O10001O00001O1O1Nbhbf0
20130208063134Lh_6,TbVe25jo12O1N20O01O01O001O00010O01O010O1O10O010O1O001O00001O0000010O0000O100O2N101O100O1O1O2`PNB[o1d0M1000O010O00001O001O001O1O001O01O0000001O010O1O1O001O00001N100O1001O100O1O001O010O10O02O1O0O10O100O2UQN@Tn1?hQNJ:Gnl1=eRN:O\O_m17`RNQ1am1POXRNV1gm1a0001N1M4M2O2O1mNSRN2lm1MWRN1om1HTRN7mm1FVRN9jm1EYRN:M]OVm16PSN>F@Ym1OSSNc0@A]m1IUSNZ1kl1cNWSN^1em110O0100000bNcQNX1dn1O2NcQNkNPn1e1NO00000O010000011N0010O00100N1000003iQN\Njm1n10O101N3M002N1O2OXTN\NXi1^1eVNfN\i1X1bVNlNoMGQk1\1nVNoNnMHUk1W1kVNBXi1;_VNObi1N]VN5bi1K\VN7di1I[VN7gi1HRVNjN`N`1_k1FlUNb0Vj1_OfUNb0`j1^OXUNe0hj1]OoTNi0Sk1XOhTNj0Yk1YO_TNl0bk1i1002O6J1cNlSNlNRl1n0XTNnNhk1n0[TNROgk1e0`TN[Ock1=cTNCak11hTNM`k1EhTN9[k1oN\SN<[1e0dk1UO`TNj0`k1SOcTNl0Ym11O001O1O10lNXQNn0nn101N6K5J4L1O10O010O010O1000O01O0004M0000O10O000O100O10O02O0O101N1O1O1O1NTRol0
20130208063134Lh_7,baok05io14L3N2DGlPN=So19N3N3M6J1O00O1O010O1O1N1O10N2O0O1L40O0O12O2O1O1NFaQNWOXn1n0lQNPOSn1o0PRNPOom1o0SRNQOlm1o0VRNQOhm1o0YRNQOfm1o0\RNPOcm1m0aRNRO_m1m0dRNRO[m1n0fRNQOZm1o0k001FWQN[Ojn1e0800N2O2N101N1O2N2O0000001N2O1O1O100O1O1Nj`RP3
20130208063134Lh_8,chRo04ko1100O2O0000000010O00001O01O01O01O000010O0100O10O01000O0100O10O0100O00100O0100O010O01O101O1N2O2N4L3M1N101N1O10O1O4L7I9F5KPVSm2
20130208063134Lh_9,\c]X24jo14M1N2O2N11O00001O001O1O1O2OO01O0000O10000O1000000000000000O10O2O000O100O101N10000000010O0100O001O10O00001O001O0100000000O0100O010O10O0000001O00001O00000O2O01O00001O00000O2N100O101N100O010O01O1O100O100O10000O2O001O0O1O100O100O100O100O2Nmo=OTPB2N1O101OO1000001N101Nb\n^1
20130208063134Lh_10,aPQP25jo12N2O1O2N4L4L1O101N100O0010O1O001O1N2O1N2O1FaPN0bo1LbPN1dn`n1
20130208063134Lh_11,ecPY23lo12O0O1000000000000000000O10000O100O1O1O010O1O1O001N101N101O0O2L3WO@gQNl0Yn1=1N2N2M3N3J7L3@mPNL\o1MS^Yd1
20130208063134Lh_12,ViV^36ho15M2N3M2N2O11O01fPN\OTo1k01N0N1O101N3N5LO2L8I4L4L30N3M00000UOPQNd0Yo101OON1O1O0O10001O2N2N1O0010OO10000O10O000010O00000001O00O2O000O1N3NhSo=
20130213063454Uh_1,eZaT23lo11O2N10000O10000O100O100O00100O1O010O0010O01O001O0100O010O0100O00100000O01O100O001O0O1O10001O001O001O001O0O2N101N1O2M20001O01O010O000O2O100O001O001O1O1O2N1O1O101N100O1O1O2N1O1O100O1O011N1O2MSg^e1
20130213063454Uh_2,Q^`^13lo14M3M1O2N5K3L2N2O1O0001O10000001O0O1O010O101O1O1O7H10O1O100O001O0O2O001O001O1O2N1O1O1N2O1O010O1O001O10O01O1O1O1O1N2O1N2N3M2Mj`a]2
20130310063154Uh_1,j[Ud13lo12O1O000O100000O10O101N101O2N3L2O1O00010O00000010O01O1O1O1O100O1O1O2N1O1O3M2O1N001O1O2NoNYQNj0fn1UO[QNk0nn1O102M2O0000000000001N2O0O010O1001O0000000O100O00^OnPN7Ro1GQQN7on1ISQN6mn1HUQN7ln1GVQN9Yo1O100O100O0100O1O01O010O100O010O0001O01O000000000001O00000000000O101O000O100O100O100O10000001O0010O0O10001OO1000000O1000000000O100O1O1O1M3O1O1O2O000001O1O000O0100O100O2N1O1O1000N2O1O001O100O100O100000C@ZQN?en1DYQN=gn1EVQN;jn1;2M3M3O2O00010N0O00O11N1O102K6M3L5MRdbo1
20130310063154Uh_2,UXhP23ko13M2O1O2N1N2N200O2N6J2O0O2WQNUO[n1l0bQNWO]n1j0aQNWO^n1n0\QNUOcn1U1O1O001O0OO2N2N2M4N1@ZQNDin1:ZQNCgn1<]QN_Ofn1`0=O101N10000O1O101N101O001O001O0001O00O2O0N3NShmk1
20130310063154Uh_3,kfdm243Nco1:M2O1O001O1O1O001O00100O4M1O1kPN[Omn1n0O11OO0O1O2N7K10ON11O4L1O1N7J1N3N6J1N122M03K1OO2O1O1N102M2O3M2N0000000000O01O1O10O0100O02OO010O00000000010O001O010O00001O01O0001O01O001O01O01O1000001O00:E3M01O1O1N]UWl0
20130310063154Uh_4,fSYS13lo1100O101O0O1000O1000000O1000O100O1O01000O01000000O0100O100O100O10O01O2O0N2O1O2M20001O1O14K3NO001O000O100O01O1M3N3N3M2Ndlnh2
20130310063154Uh_5,n[Yo09fo12N1O2K4O2N1O1F:01O000000000000GVQN\Ojn1c0;O0O2O00001N10000O1O10O010OO010O101O1O100O1O1N2000000001O1N101O0O100O001O00010O10O100N3M2O1O10O2N101O1000O1O1O000O101N102Mkdhk2
20130310063154Uh_6,b`\U16eo17mPNKUn18hQN1Pn11nQN7im1LTRN:fm1Q1MaNWRNn0em1RO`RN8ND`m14fRNO4JTm18kRNIQn17TRNCnm1<k001O0O1N2O010010O000000O1O101N1O110O0010N2O01000O01000O01000000O1000O001N110O01000O1000O1000O10000O10000O1O2O0O101O0001N2N3M2O1O001O10O1000000O10O100000O100O101N1O100O11OgPNFln19RQNHon18oPNJQo1b00O2O001O001O1O1O001O001O1N101O00010OXSNDli1=QVNGni19PVNIPj18mUNIUj18gUNJYj1:bUNF`j1;VTN@16jk1<PTNA45lk1\1oSNjNRl1U1kSNoNTl1R1ZSNZN7l0Yl1S1eSNQOXl1o0fSNUOYl1j0dSNYO6iNhk1]3TTNSM`k1h30O0YNdTNhN^k1jNaTNj17YOik1a0aTNWOck1a0dTNoNWOB]l1T1eTNQOSl12fRN7[1DSl10i`ia2
20130310063154Uh_7,YbPf09`o1>G4L4M2N3M2M3N2N2O3MhNcQN20b0Yn1[OjQNO0g0Un1YOlQNN1i0Tn1UOZRNk0^n1O1O10O01O1O0001VQNYOZn1g0cQN[O]n1U1O0dQNkNnm1T1QRNnNnm1R1RRNoNmm1Q1SRNoNmm1Q1SRNPOlm1o0VRNQOhm1P1YRNPOfm1o0[RNSOcm1l0_RNSObm1j0`RNWO_m1h0bRNXO^m17QRNMb0K_m15URNI?2\m14TSNKml14TSNKml14TSNKml14TSNLll13USNMkl12VSNNil13WSNMil13WSNMjl12VSNNjl12WSNMjl12VSNMll11USNOll1OVSNOnYkV3
20130315063154Uh_1,Q_nl25io15L3M3N1O0O2O10O0000000000000010O010O0010O01O010O0010O00001O0000100O001O1O01O01O01O001N110O10O0100O100O1O2N1O1O2N1O1O2O0O10001N011O1O1O4L1O00O1O1O1O001O0010O0001000O100O3N2M2O0000gNaQNP1hn100001O1O0001N10000O10O010001N100001000012L3N00O3M1O01O10O[QNROWn1n0gQNSOZn1n0cQNTO]n1X110eQNfNmm1h10O0O1O1O1O1O1O1O1bNjQNP1Wn1nNmQNP1Sn1nNPRNQ1Pn1mNRRNS1jn1E1N2O1N2M3N3L3M4LS\mi0
20130315063154Uh_2,UY^j17ho14M3L2O1O1O1N100001O000000000000000000000000001O100O10O01O10O010O101O00O010001O1O0000000O10000000O2OO0100O10O2O001XQN^Onm1c0oQN@Qn1`0mQNATn1ObQN470Wn1IeQN810gn11QQN5Po1=1000O10000O010O100O1O1O001O001O001O1O2N001O1O001O000001O0O10000O100O1000000000O101O001O010O1O0010O0000010O0000001O000000102M2O0O1O001O10O01O001O01O10O01O100O10O100000O101N100O010O2N100O2N7J1O1O02OSRNdNTm1[1iRNQOnl1o0oRNUOPm1k0nRNVOSm1l0gRNWOZm1g10O2N1N3M2O2N101N2O2M3L4K4J6M3N101O1N10100O0010O01O1O2N100O1O1O2O00O100[QNTOTn1n0hQNUOXn1Z1O1N2O2URN[NWm1h1cRN\N[m1U201O000001O1N8I2M3M4K9H4K4M2N2O1N3N1O002M2O1O1N101O001O100O01000O10000OgQN^OVm1a0gRNCXm1=fRNFYm19gRNJVm16jRNORm10nRN0Rm10nRN1Rm1NmRN3Sm1NkRN4Tm1LkRN6Sm1LkRN5Um1LiRN7Tm1LaRNYOLn0bm1L[RN`0cm1T1K2M2O001O0001O001O001N2J5N3N1O2N2N2N3N3L3N2N1O100001N4M2M1000000O2O0O2O1N2O1O0OTN[RN]1fm1aN\RN_1em1]N`RN`1Rn1BfQNSO[n1j0iQNSOYn1k0hQNSO]n1i0?N2N2O1N1O1O1O010O00100000000100O001N1O10O010O7I2M2N2Lk^k`1
20130315063154Uh_3,ij\l14lo11O1O10O010000O10000000000O01000O010000000O100000O010O10O0100O00010O001O01O00001O00001O01O01N101O001O1O0O101O00000000O001N2O001O1O010O0001O0O101O0O2N2I7M2L4YO]OQRNd0mm1CjQN`0Wn1d0000N101O100N3N2M2O1O1O001O0I8N1001000O2I7H8L4M4MQWol1
20130315063154Uh_4,[ghl13mo11O0O2O1O010O10O01O1O001O101N:F1O01O0O1N3N1O100O2N100O2O001O010O1O01O00010O001O01O00100O001O1O1O1O2LTXQP2
20130315063154Uh_5,_gPf18go13O3M5L2N00O100O0010O3N5J1O00O2O1O1O100O102N00001O1N1O3N0O10O2N100O1O2N0001O0000001O1O5K1O0000000000O100O100O1O1O1O1O100O1O11N2O1N100O101O01O0001O0010O0001N1O3M2MlTkT2
20130315063154Uh_6,RaRl21no13N1O1O1O010O001O0010O01O010O01O1000000O1000000001O0001O01O00001O00001O0010O01O00000001O010O02N2O000O01O1O01000001O5J3N1gPN\ORo1j01N2M6J4I7I_\go0
20130315063154Uh_7,P]oT34jo14M2N2O2M2O1mPNE^n1Q1N1O0O3M2O2M2O4L4K3M3M4L\OVRNWOfm1h0_RNVO^m1k0hRNQOWm1o0mRNoNQm1P1QSNPOol1o0SSNQOZm1HTRN>f0Gbm16`RNIhm1MZRN3jn1O1N2N3LTaPi0
20130328063154Uh_1,RZWe13Po11fQN7Sn12_QN7^n1g0M2YOlN`RNW1^m1nN[RNV1dm1d0O00001O01O0O101O1gN_RN1am1NdRNN]m10fRN^OGNdm1c0ZSNYOgl1g0Y1O1N3N1M3L5L3N201M3NagjX2
20130328063154Uh_2,Q\ln04ko12N2O0O1O2N100O2O1N101N2O000O2O00000O2O001O001O00001O000O101O0O10O1O0001O01O001O000100000O0100O001O001O1O010O0100O010000O1000000000001N10001O00001O001O01O0010O0000010O00000000000000O1O100O101N1000000000001O0O101O001O0O2O0O2O0O2N2O1O1O001O1N101O001O00001O001O01O010O100O1000O0100O101N1O100O1O2N101N10O001O0O2N1N3N101N1O2O1N2N2Nickf2
20130328063154Uh_3,`eVe05io17J7H6K5K3M2N2N2M3N2L3O2M2O2M3N1N3N1N1O10AURNiNlm1o0f0N2N2O100O1O1M3M3O01N2O1N0200000000O1O0O2000001O00000O11OO2O00000000NO2O01100010O010O010O100N101O0O101O001O1O000000O1M3O101O0O1OO10O2O01001O0O1O10O100010O1O001O1O100O010O01O1O0100000O10O100001O000O2O0O101N10O01O01N1O10OO1O20O11O001000O101O001O001N1O1N2N11O000O2N1O10010O000010O01O001O1N200O10O010000O10001O0000O10000001O0000000O10O01O1O000100O100O101N10001O00000000010O001O00100O100O0100O001O01O001O10O01O00010O0001O1O100O001O1O010O1O1O0010O000100000O0010O01O10O0100O10000O0100O100O010O2N4M1N2N100O10O10O10O010O001O010O1O01000O3M3N0O1O001O01O010O10000000O2OO10O010O1ePNEPo1h0N2M100000O1O1O100O1O1CmPNKTo14lPNLUo1?100O1O1O100O2N1O2N1O1O010O001O00010O00100O1O001O1O1O001O1O000O2O000000001O001O1O]\Yd2
20130521063134Lh_1,l^mV14ko13N2N2N1O1O2^PND]o1b0M2O00O1000001O00001O1N2N10O0100O00001O00001O00001O1O1O0010O001O100O1O010O1O001N2O00000O1O1O1O2N1O1O1O1O2N1O1O101OYOVQN8jn1EZQN:fn1D]QN;Uo10O01O01O00O1000000O100000O2O010O1O1O2N1O1N2O00O10001N101N1O1O100O1O100O10O1O1N200O101N10000000000010O0000000O010O10O10O100000000O2O1O1O1O001O0O2O001N101N10000O2O000O2OP`d_2
20130521063134Lh_2,mel\23lo12N10000O1N2N2O0100O10O0100000O10001O000O100O10000O1O010O100O100O1O100O001O0010O1O10000O1O1K5N2O1O1O100O1O2NiZe_1
20130521063134Lh_3,dYef15io13K5N2N2O010O01O1O1O1O00000001O001O0O10000O100000O100O100O100O1O010O00010O01000O1O1O2N2Ndf`V2
20130521063134Lh_4,dYc]24lo11O1O001O00001O000000000O10O100000O010O01O01000O01O10O010O01O00100O00100O0100O100O100O10000000O01001O000000001N1000001O0000001O000000O01000O100O010O10000O0100000O100O101O0O10000O101N1Omfb\1
20130521063134Lh_5,ijfg21no13M101N101O1O0O2O2N5J3N00O010O0O0M40010O0100010O2O1N1000000O10000O100000000000O103L2O0O1O1O100O1O100O7J0000O9G4L2N2N2Mnn3IYQL2N2N101N1bPNJRo17lPNKRo17kPNKUo1a0O001O0010O104L1O000O2O0O2N102M10000000O11O_PNLY1MZl1c0dSN@[l1`0SSN[OE6Xm1>QSN@D3\m1=nRNCC1am1;jRN8[m1EbRN<am1LSRN4om1n01N2O1O1O1N2O0O1M4M2N3M2N3M3M2O2N2N2N2N2N100O2O0O1000001O010O1O1O2M3N2N001O000O010000000O10000O100O2O[Smn0
20130526063134Lh_1,`aRb0342]o1<K6K6K3M2N101N2O2M3N2M3M2N2NhNhQNj0Vn1WOlQNh0Sn1XOoQNg0Pn1YOQRNg0om1WOTRNh0lm1WOURNj0jm1TOXRNm0gm1ROZRNo0fm1nN]RNR1Yn1lNYQNn0nn1O01O0O1\QNTORn1n0iQNUOVn1\1N1K410O100001N2O?A1O0O2O1O1N2O001O1O010O1O1O100O1O01O1O1O2M3OO010O5L0O100O0101N2O2N02N1N10O11O000O100O1O01O1O010O08I00O010O100O1O10O01O1O1O2O0O10O001O0010O0010O00100O000100O1O001O2O1N2N00000000O1O2N1O100O101O001O00010O001O008H3M1O1O001O0000000010O001O1O100O00001O0000001O000O1000000010O1000O10O01O1O2N2N000001O0O100O10000000O100O101N101RQNWObn1U1N2O000O100000O100000O1000000000O0100000O0100000001N100000000O0100O100N2O1N2O1N2I7O010O1O10O01N2M3O001O2N1000000000000000000000000000000000O11N100O100O100O2O00001O0000010O01O01O01O00000001O01O0000000010O01O000O2O1O1N3N1N2O1O0O2O001N101O10O0100000O100O100O2N010O1O10O01O000O2O0000000001O01O01O00010O1O0O2O1O0000000000O1O1O2N1O1O2N100O100O100O10001N10000O0100000O010O1O1N2N2O1OQ[ge2
20130526063134Lh_2,bPUR14ko12M2O2M2N2O0O2M201O00010O000O2N100010O10O000O01J6O1O001O100O11O010O001FDmPN>Qo1:O010O01O10OO2M2O1O1O0N3N2O02L300000010O00010O1O001N2N2O010O1000001O0O100000O0100O2O0O1O2OO10000O101N101O1N2O001N10O01O10O010O010000O010O10001O1O5J10001O000O1000O10O1O100O1O01O0100O00100O00100O001O2MURYe2
20130526063134Lh_3,g_ih22mo12O1O1O000010O01N1hPNMcn15ZQNLgn15WQNKin17TQNJln17RQNJnn1d01O00001O1O00100O001O010O103L3N0O10O10O00001O0000O01O100O2N1N3M3Ne_XT1
20130526063134Lh_4,fWQS17go14M1O2ePNCQo1=mPNH312Mkm1i0lQNB4Hnm1f1O2M;E3N1N3bRNeMRm1f2O1N101N1O2O6J1NeNcSNVO\l1h0iSNUOWl1j0mSNSOSl1j0QTNVOnk1g0WTN\NZOe0^l1o0aTNoN_k1C`SNT1S1WO]k1CfSNQ1P1[OZk1BhSNR1P1ZOfk1e0\TN[Odk1d0]TN[Ock1e0]TN\Obk1c0`TN]O_k1c0aTN]O^k10[SNLX14\k1McSNJS19Xk1M_UN4`j1KbUN5\j1IiUN6Vj1HnUN7Rj1FQVN9kl10100O01O2O000000000O00101N3M2OO2O2NO1000O1O001O0O2O001O1O0O2O0000010O0000100O100O01O0000000000000001O010O000001O001O1O0O10000O1000O10O10000O10001O001O000O101O000O100O100O2N101N2O1N1000ZOQQN<Po1@SQN?Xo1O001O1O001O1N101O0O1000O10O100000O10O10O1O100O1O100O1O1O001N2N11O010O1O1O100O1O1O10O01O10O0100O10O0010O0010O01O01OO1O01O1O101O01O0O2O000001O010000O100O1000000O0100000000000O101O0O2Maej^2
20130526063134Lh_5,`dna1222do17O000O10000000001O010O1O10O00001O0000000000001O0001O00001O00001O0000000000000001O1O001N1000000000O010O010O010O01O1O001O010O010O10O010000O10O10O1O1000O010000O1001O00100O0000000000000000O1O3Le[QX2
20130526063134Lh_6,[_QP33ko13@NoPN3Qo1OlPN2To1OjPN2Vo10gPN1Yo1;0O100000O2O5J2O0O100O01O101N2N101N1O1O10001O0O2O0O10000O1000000O001N101O001O10O001O000O2I6M3O2O1000000001O1O3M4M2M2N1N2O0O2O0O2O0O2NZa\k0
20130526063134Lh_7,iidW14lo11O0O10000O1000001N101O001N2O001N2O1O10O010O010O100O4M1N010O001O001O010O00001O01O01O0000000001O0000000000O10000000000000O01000000000O1000O10O100000000O101O001O001O1O1O2N010O010O010ZQNAjm1>URNEjm1;TRNGkm1;SRNFmm1;PRNGom1;oQNFQn1=kQNCVn1=iQNCXn1>fQNC[n1;fQND[n1<dQNE\n1;cQNF]n1:bQNG]n19dQNG\n17fQNH\n16dQNK]n12dQNNan1KaQN5Vo10O00O101O1O1O001O0000010O0000000000001O00O1000O100000000O01000O0100O10O010000O010O10O10O10O010O010O10O010O0010O01O010O0100O010O01O01O01O01O010O010O001O010O1O01O01O01O01O01O00001O001O00000000O1010O00001O00000001N1000001O001O2MoUaZ2
20130526063134Lh_8,fWci14jo13N1O1O0O2H700001O01O001O1O001O001O0001O0HlPNEUo1:8O2O000O20O01O0100O0100O100O2N\iPT2
20130526063134Lh_9,aj\Q21mo14XPN2Uo1a0K4O5K3VRNTO[l1P1_SNROcl1n0XSNUO3Hdk1Z2XTNjMhk1X2QTNlMPl1U2eSNTN\l1j2O05J4L4M16JN7I5dMPSN\1Wm1[NQSN_1Qm1]NTSN_1ol1]NaSN5POc0To1^Ob0JZRQm1
20130526063134Lh_10,jUmU24ko13N1O1O001O1O2N100O4L3N1N1O0010O00001O3M4L3L3M3Mfi`h1
20130530133654Bh_1,ZbQZ14ko12N2N1O2N102M3M2M2N3M200O100010O01O1O1O9H0O10O1O1O2O1N000O2OO01O100O2O001N2O0000000001O000001O0O0100O1N2M3O2N10000001N2O1N102N1O001OO010O1O000N3K4M4L3O2O000N3M2O2O1G9N2O100001N3N7H2O0O2N2N1O1O1O010O100O1O1N2N2O1O1O001O1O1N100001O010N1000O100001O010000O01O00N2O2N200O10001O1N1000O1O1O01000000O10000O10000000000O1O1O1O00001N2O1O1O2O1O1O1O0O2O001N101NX_P[2
20130530133654Bh_2,kcVW25io14M3N1O1O1O1O1N2O1N4F:I5N2N1000O1O100000001O000001N0100O1O1N201O0O1O1L4N201O001N10001N3N2N10O0001O010O0010001O001O00000012N10N1O1N2N4L4J_[_d1
20130530133654Bh_3,\jlY13lo15L3L2O2N001N2O1Oa0@1N1O00001O1\QNnNYn14hQNi0Xn1TOmQNj0Un1POoQNP1an10O1N3N1O2N001O000000N2N2N3N3M4M4K3M2O0O1000O1O1O100100001O1O2M2N2N1O2O0O3QQNVObn1T110OPO`QN`0`n1_OdQN?[n1_OiQN`0Vn1^OoQNa0Pn1[OURNf0cn10O010001N1000O11O00O00O10O01O000O10O1N2N2O2O0O100001O1N2O1O2N2N1O000001O1N2O1O1O1O1O01O0O2N101O001O0O2O010O01O100O10O01OO2N1M3O101N100010O001O1O1O100O000001N1O2O00001O01O10O01O100O001O00000001O001O001O0010O01000O2N101N1O102M3N1N1O2N1O1O1O001O01O000010O000010O0100O0100O00010O01O10O01O1N2O0O2O10O1O1O1O1\OYQNKjn12c0N4MfQ_X2
20130530133654Bh_4,Ted`24ko13N2M1O2O0N2O1N100001000O10OFCSQN=ln1<O1O10O1000O1O101N101N1N3O1N2O@^QNCbn1:aQNE`n19bQNF^n19dQNG\n18eQNG\n18eQNF\n19gQNDZn1<f0O001O001N10001N10001O1O010O1O00100O1O1N][e[1
20130530133654Bh_5,foRi21lo17L1O2OO01O001O0000O00O11O0100O001O1O1O1N1O2M2O10000O100O11O1O1O01O00000O2O001O1O100O0O100001O1O1O1O2N101N2O1N1O2O0O1O1O01O010O100000O2O000000O1000000O010000O10O010O010O10O10O01O10O10O01O1O1O1O100O1O1O1O10001O00000O2O0O010O01N2O1O001O10OO2O001O001N100O2N1O2N101N2O1O]Ran0
20130530133654Bh_6,TYoh2<co12N2N2O0O1N2O1N201N1O2M2N3HSOYQNo0en1701N2dKhNnYNZ1oe1iNoYNZ1le1jNQZNZ1ke1oNlYNU1ee1]NgVNa0a3T1fe1[OUZNh0ke1XOnYNn0Rf1TOhYNP1Yf1QOdYNo0^f1UO\YNk0ff1[NhVN6X2S1gMXN[i18nVN?h1S1gh1POYUNYOV1g1hi1QOmTN\OV1d1Vj1ZOfUNe0aj1XO]UNc0kj1]OPUNc0[k1XO[TNi0Pl1YOaSN82ROal1S2cSNjMbl1l1fSNQN^l1g1iSNVN[l1ORSNZ1]n1L5YO^QNHgn11XjXT1
20130530133654Bh_7,QZTb15io14M2O001000O00100O10O01O00000000O100000001N101O000O100O10O1O1O100O1000O10000010O001O0000O01000000001O00010O010O001O01O000O10O100000000010O000000010O00100000O100O0010O010O0000000001O001O0001O000000001N101O000O10000000000001O01O01O1O010O01O00001O0001O000000000000000O1000O101O001O1O0010O01O1N2OYeeT2
20130530133654Bh_8,\dXR1811\o1?K204L00O3M1N2O3M7I1N11O01O01O00100O00001O0000O2O1O0O01O00001N1N2gPNDnn1=oPNFPo1f0O0100O1O01O001O001O0000O1000O100O1O10^OPQNG25Po10d0O2MjP:0XoE2M2O1O100O010O100O1O1O0100O1000000O10N2O2N1010O2M2O0O1O1O2M2NiXig2
20130530133654Bh_9,SdVQ34ko13M110O00001O01O00000000000000O10001O001O1O1000O001O1O010O01O101N1O1O010O01O100O10O0100O101O000000O2M101OO101M][Yk0
20130530133654Bh_10,nWiR14jo18I3oPNIBOYn1<lQN7Rn1m001O1O2N01O3M6oNgQNOVn1OoQN0nm10TRN1jm1NXRN1gm1OZRN1em1O\RN1dm1O\RN1dm1O_RNO_m12eRNJ[m17fRNGZm19gRNF]m15eRNK\m12eRNN]m1LgRN4cn101OO010O1O00100O10O1000001OO011O000O1000O001O001O010O1O010O10O010O010O00100O100O1O1O10O000O101O01O0001O001O00100O010O100000O10O10O01O0100O0001N1O101N2OUdlf2
20130530133654Bh_11,k]d_11no12O10O1OQP40ooK2M3M2N2N2N2N2M3M3M4K9E7M3M3M5J5J6L2O1O01O0M5J5N3N1O1O1O0O2N101O1O1O001O01O10O010O010O100O101N1O1O1O1O1O010O0010O00100O001O010O011O0010000O001O1O1003L1O100O001O0O1O100O2O1O00000O1O1O1O1N2N3N3L2O1O1O00000O100001O0001O01O1O1N2O001O0001O2M200O1O1O10O01O000000O2O000O1O101N2O1O001O2N1O001O0000000O10001O1O1N2N2M3O1N2O100O010O1O2N1O1O0O200O100O101O2N3M1O0O10N101O1N1001O001N2N2N2N2N2N2O1O10O01O00001O01N10001N2O1O1O1O1O1O100O100O0000010O01O1O001O000001O0N1N3O1O100O00100O10O10O01000O2N2N2N2N2O0O2O000010O0001O1O001O001O001O001O1O1O0010O001O2O1N1O0O2O01N1O1N201N101N3TORQNb0Zo1L1O1O1O1O1O001O1O001O010O01001O0000000001OO10O01O1N3MX^cl1
20130530133654Bh_12,i\Sh17io13L4M3M7H6hQN\Oil1o1M2iNPN\TNR2ck1oM[TNR2ij1eMYUN9LS2kj1kMSUN20n1Tk1RNjTN01l1Yk1UNdTN02l0Zl1XO\SN16e0dl1]1<K6J4L6J5hNRRN7\n1[OWRN0fbbV2
20130530133654Bh_13,k_gP11mo15M2M2O4L3N0O1N2O000O1000010OAiPN6Wo1GmPN8]o1100000000O10O1O010O1O00100000O1000O10000O1O010O001O1O2LX_^l2
20130530133654Bh_14,aVW\14lo12N1O10000O0100O1O001O01O001O100O2N2O001N1000O1000O2O00001O010O000010O0000000001N100001O5K2M2N2N2MPhd`2
20130530133654Bh_15,Yeoh14lo11O1O001O0001O00O101N101N101O0010O001000O01O010O001O00O10000O10000O2O0O2O0O1O2O0001O1O2N1O1O000010O0001O10O000000001O000010O0001O0001O10O0001O010O0000010O01O001O1O1O2N2M2O0000O1O1J6L4O1O10001O0O11O0O100000000000O10000000000O1O1O\Zjo1
20130603063154Uh_1,[^[P22lo14N1O1N3N2M4L6J5L4L3M3L2O2N1O2M3N1O1O1OhNiQNh0Vn1VOPRNh0nm1WO[RNb0em1]O]RNb0bm1]ObRNb0\m1]OgRNc0Wm1]OkRNd0Sm1ZOoRNg0Pm1WOQSNj0Sn10O1O010oPNXOhn1Q10O1O2O2M4L3N1OjPN[OQo1j00O100O10001O1N10O1O01O01O000000O10000O1O001O1N2J6O1O1O1O1O1O1O2N10g_nj1
20130603063154Uh_2,ned^23lo13N001O001O001O00001O010O10O01O100O1O100O10O10O01O001O001O00000000000000000000000000001O00001O0001O000010O00001O00001O1O1MeY_]1
20130603063154Uh_3,^^TP14ko12N2O0O2N2N101N101O010O10001O1N2O3M000O105K1O11O0O1O0001O0O2OO01O001O010O1O010O0001O0M3K5M3N3M201N2O1N2O2N0O2N3Mg`Yl2
20130606133454Bh_1,i]kd05jo12L4N2N2aNEWSN<al1OZSN2[l1;VSN2hl12lRN8Rm1KjRN8Tm1\1N0N3L3M3N1G9OVNcSN7Vl1DYTN9bk1JbTN4]k1LfTN1Zk10hTNPOTO=Tl1b0jTNnNWO=ok1c0nTNnNBO_k1T1RUNjNDMYk1R1^UNoN`k1o0dTNPO\k1h0Q2O0N3O02O1N3K4O1OGVQN]Okn1<?010O0101N100O010000000O2O1O1O0O10000000O1O10OO11O0010000O2O00000000O1O1O1M3L40N2N2O0O2O01O0000010O000000O1O1010O0O100O2N1N3J41N3N2O1O101N100O1000001O001O01O1O001O01O1O2Mfg^S3
20130606133454Bh_2,V\YZ16ho13N2O00000001N10O10O2O0000000000O1O1O101N100O1000000O10000001O00000001O0001O1O3M2N001O0000000000O1000O100000O10O10N1O2M2O1010O001N100O101N1000O1O1N201O01O010O1O1O00100O010O100O000010N1N3N1O1O1L3O20N1O2O1O1000O1ON2N3O2O001N1O101O1Noe^^2
20130606133454Bh_3,i`go23ko15L4A>YQNYOgm1R1WRNPOgm1S1WRNmNhm1T1WRNnNgm1T1XRNlNhm1U1WRNkNhm1j0PRNYO7Ohm1b0XRN@K1lm1>\RN1bm1O`RN1]m11cRN0Xm13jRNMTm14mRNLPm16PSNKnl16SSNKjl17USNNel13\SNNUl1QO`SNR1;MUl1TO[SNe04YO<o0Sl11eSNoN6R1Tl1KlSNSONR1Vl1IoSNVOIQ1Yl1ERTNZODQ1Zl1CTTN^OAn0\l1AUTNBK`0Rl1JVTNFL;\l1_OkSN5N7[m1JmRNMTm13nRNIUm15[111N1O1OS_nm0
20130606133454Bh_4,TcZg09do15J6M3N2N103L4L3M4HQOeQNd0Vn1]OmQNc0Pn1^ORRNa0lm1_OWRN`0gm1AZRN`0dm1@]RN`0am1@bRNb0Xm1]OlRNd0Rm1YOSSNf0kl1YOYSNf0fl1XO_SNe0cl1WOcSNd0om1M3L5K4Lh[QW3
20130606133454Bh_5,Q_]U15jo13N1O100010O0O2OO01O1O1O010000O001O001O1O3M3M1O1O100O10O10O0001O0001O0001O00010O01O0001O000001O002N1O2OO100O2N1O010O1O010O0O2N2O001O1N10O001K4O200O010O1O00000001O1O1O1O2J5N2O10O1O1O1EOfPN2Yo1:2O001O1N100000001O0010O01O01O001cPNCUo1>hPNEWo1c0O000O010O10000O100O2N1N200O2O0O2O100O1010O001O1O1O2M2N1O0N2N3N100000010O001O1N2N1N3N1O1OGIkPN6Uo1MhPN4Xo191O1N4M101N10O1O010O01O0O1001O1O0100O001O10O0101O0O101O00001O1N3Mf`d^2
20130606133454Bh_6,Pe``23jo15L20000O1000O1000O1000000001O001O1O000010O0010O01O10O010O01O00000000000001O010O01O01O010O10O100O10O100O01O01O000001O01O01000O010O1001N10001N101O001O100O4M0003L3L2O0O1N101O001O2McYkY1
20130609133454Bh_1,U\W^23lo12N2O001O01O000000O1000000O100O1O00100N101O1O1O10O01N2O1N101O10000O2O001O1O00001O0001O0O10000O100O011O0O10001N100O100O100000000O01000O010O00100O1O001N2M3N2O2N3Ladf\1
20130609133454Bh_2,[P_b06io12N2O1O1O1O1O1O2N1N1O2O0O1O100O1O100O1O2N101O1O100001UORQNa0Wo1O01N1000000O1001N10000O10O0N2O101O0100O101O1O2O1N2OO0100O1O1O1O8GWofY3
20130609133454Bh_3,g^]Z14ko11O2J5N2O2N1O2O1O2N1O2N00000000O101N101O001O001O00001O000000O010O100O1O1O001O01O00100O10001O001O001O1N101O0000000000O10000O101N1O1O1O2O00000001O001N100O1O1O001O100O10O001O0O2@HWQN9hn1?0O2O2M3N1N3N0O2O01H^OoPNe0gn1?N1O1F54N2O2O1O1O1O1ZO\QN1dn1LjQNIVn16mQNGTn19i0O100O1000000O10000000000000O0010000O10000000O20O000010O000001O00001O010O0000010O01O10O0O2M2000O1O2N1O2N1O1NN3O110O2M3M3N1010000O2O0001O00001O000O2O001O0O2O001O000010N100000O100O0100000O1000O0101N100000000O100O10O10O01O1O1O00000010O10O01000000O10O10O10O01O01O01O010O01O00001O1O001O010O1O01000O0100000000O010O0001O1N2O001O1O10O1000000O1000001N2O2O1N1O010OO10000O01O1O001O1O01O010O01O10O010O1O10O001O01N101O10O1O100O0100O100O1O010O10O10O0100O1O0010O01O0100O1O1O101N101N1000O10000O101N10O01O10O010O010O1O1O1O001O001O010N1001N2N2N1010O00000O100O1O0100000001O1O001O0100O010O0O2M3O1O1O1N1J7N10N2O2N1M3O100O1N1O3OO1000N3N1N3N2N3MiiPk1
20130609133454Bh_4,omlQ1567Qo1j0ZO9L4N00N2O0OL42O2M4J5lN`QNe0fn1XO`QN;[o1F\m30gRL5dQNNdl16USN0gl14VSNNhl14TSN0jl13TSNNkl13SSNOkl14SSNLil19TSNIjl1<dRNSONh0\m1a1O2N2000O01O010M20001001N2O1O1N2lMdRN]1em1_NcRNX1bm1dNbRNm0FUO`n1f0n0^O5K_UQk2
20130609133454Bh_5,_alf2;do13M101N11O00100O100O010000O10000O100O0010O00001O1O1O2N1O1O10O01000O10O010O0100O001O100O1O2O4L1O00O10O010O101N4M001OO100O010O000O2O001O0O101O1O001O1O010O2O0O2N100O2N1O010O1N2O1N3Mh\_S1
20130609133454Bh_6,j^ei02lo13O1O0O2O000000000O101O0010O000000000O10000O1001O000O2O0000001N10000000O10O1O001O0010001O01O1O010O1O001O1O1O1O000O10O1O001O1O1O0100O01000O10O01O01O000010O1O01O00010O01O1O1O1O2NhahP3
20130609133454Bh_7,RdPX31no13M1O1EOfPN2Yo1;0000010O1O010O0100O01000O01O100O001O001O1O010O1O010O1O010O0010O01O010O0010O0000100O1O2N1O1O1O1O001O100O1002N2N000O01O01O00001O001O1O1O001O1O001O01O001O001O1O1O1O2N2N2N100O2N1O1O0010O0000100O1O101O00001O0100000O1O1O000000O100O1O1O1O1N2O1N2N1O2O1N1010O010O100O3N2M101O1O001O4K4M2M1O100O10002M4LUY_>
20130609133454Bh_8,_`gW22mo12N1O2N1L4N200001O001O001O01O00000000000000001O000000O0101N10000O101O0001O100O001N101O1O001O0000000001O000001O00000001O00001O0O2O1O1O1O0000O101O001O0010O01N2O0O2O0O00100O10000O2O0O__bb1
20130609133454Bh_9,efZd05ko15K5K:F22M1006KO5J001N100O1000001O001001O0O1O2N1O1010O2OO009G;MMK2N3MO1nNgQN;To1K2N21N1OO002L5K4KcUiX3
20130609133454Bh_10,QWeV1:eo18I4L3N01O0O1000O100O100O001O_OoPN3Qo1LSQN1mn1OVQNNkn10c000O2Nghng2
20130609133454Bh_11,iid]12lo13O1N201N0102N10O001O001O1O000O10001O001O3M2OO001N1000001O02O0O11O001O1N10000O0100O1O1O000001O0O2N2N4KUTS_2
20130627063134Lh_1,nYmW2550[o1=L4jPNAen1c0WQNBdn1P1M2N5K8H4L3LhN[RN:bm1BkRN9Pm1HUSN6hl1K[SN5bl1JbSN5\l1KgSN4Wl1JnSN5Pl1KRTN5lk1@PSNG[1h0ck1AgTN>Wk1ClTN:Tk1EoTN:oj1FUUN7kj1IVUN7ij1HYUN7fj1I[UN8cj1I^UN6bj1I_UN7`j1JaUN5_j1JbUN6]j1KdUN5[j1JfUN6Yj1KgUN5Xj1KjUN4Vj1KkUN6Tj1ImUN7Rj1IoUN7Qj1HPVN9ni1HRVN8ni1GRVN:ni1FRVN:mi1GRVN:ni1ESVN<li1DSVN=mi1CRVN?li1ATVN`0li1@TVN`0li1_OTVNb0ki1_OTVNb0li1]OUVNc0ki1]OTVNd0ki1]OUVNc0ki1]OUVNc0ki1\OVVNd0ji1\OUVNe0ji1[OWVNe0ii1[OWVNe0ii1[OWVNe0ii1[OWVNe0ii1[OVVNf0ji1YOWVNf0ji1ZOVVNf0ki1XOVVNh0`l11000O10O100O10O10000000O010O10O010O01O0010O010O002O0O100O10O10O1O10O00001O01OO1O2O001O010O1O01O001M4N1O1000O1000O01O0O100O01000100O1N3K4N3K7Ggef_1
20130627063134Lh_2,_WaP34ko12O1O1O1O001000O10O101\PNF_o1?OO10O01O010O0000001O0O1000O1000000000001O001O001O1O2N5K1O1O0O0000N2O1N3N1N3N2N3M3M3M^hPl0
20130627063134Lh_3,Re^R11no12N10001O0000000000000O2O0000000O10O10O1O1N20O01000000001000O101O0O0100O00010O001O001O001O00010O0001O1O1O1O000001O2N1O0001O001O001O1O100O1010N5L[PNK^o1<00000O100O0100O100O10O100O100O100O11O2O0O10O1O3M0002N1N100O010O01O0O101O0O10001N100O101O001N1000001O01O000001O01O01O00001O000000001O1O0O2ORYcd2
20130627063134Lh_4,^dRR23lo12O0O2N100O100000000001O00000000000000O101O002N0O2O00000O01O1O1O001O1000O011N100O1O100O100O10000O000001N2N1N3O010O010O10O0010O1O001O100O10000O2O1MX\Yi1
20130627063134Lh_5,eedV33mo1001O0000000O2O000O2O001O0010O00000010O001O010O01O01O01O00010O01O10O0100O010O01000O00100O1O1O010O001O010O1O010000000011M2O1O000000O101N100O1O1O1N2O2M200O2007I2N1N001O001O10O001N1O2N1O2O1N1O10000O010O1O2N\OTQN4mn1JVQN4jn1KZQN2gn1LTYgb0
20130627063134Lh_6,jeam12lo13M2O1O1O100O02O00000000001O001O001O2N2MQP`01oo_O1N2O000001O2MVP:1ioE2N101O00000000O001O00O200O1O10001N100000001O00001O1O100O2O1O0000006J1O0000O010O0100O1O1O00001N1000000001O00001O1O010O1O1O00001O001O001O00000001O001O0O2O0O101N100O100000DQQNGon18SQNGmn19SQNGRo14nPNLTo12lPNNUo11kPNOUo11kPN0Uo1OlPNOUo11kPNOVo10jPN0Xo1LkPN3bo1NPYhi1
20130627063134Lh_7,j[QV12mo110001N100000000000001O00O1000O010O10O010000O100O010O1O1O001O1O001O01O0001O01O01O001O1O00010O001O0O11OO10001O00O1O1O1O1ON3M3O1N200L4HZOUQNf0ln16100N3M3^OQQNKYo1OifZe2
20130627063134Lh_8,lUU\13lo12N1O2N10O01O01O10O0100O10O10O100O01000O0100O01000O1000O0100000000O0100O1O10O0100O1O1OdjRa2
20130627063134Lh_9,dWe]23lo12O0O2O001O001O00100O2O0O2O0O100O10000O10O11O03M1O1N4KcPNMao110NWg^`1
20130627063134Lh_10,akjo06io12O1N3\PNF^o1`0N010O010O0100O3M3M100O000001O000O100O1000O10O10O1O1N2O1O1O1000O10O10001O0O2NXT_m2
20130627063134Lh_11,ae]f13lo12N101O1O1O2O00000O10O00010O001O0010O0001O0000000000O01000O10000000O2O00000000000010O0000000001O0000001O0O10O100O1O1O1000000O1000001O0001O001O1O1O1O00001O1O0O2NUZ`T2
20130702070714Th_1,Wb^k06io12O1N101O0O10O10000O10000000000000000O10000001O1O1O1O001N101O00000O2O002N1O1O1O1O1O001N100000O2N1O2O0000000000000O100O1O1O1O2O0O100O100O2O001O1O1O001O0010O00100O1000O100O3L_]So2
20130702070714Th_2,hciT27go13N2M3N3L3N2N2N2N1M4N1O2O1N10000N10J41O11N3L3L5N2N1N3N2M3N2O101N2NU]Ri1
20130702070714Th_3,lXYf0e0Wo16L3M5K4K5M4WObNfRNd1Vm1`NeRNf1Wm1]NaRNm1Zm1`0L5K4M2M3M3N1NmM\SNUON\1fl1fNZSN;c0EAe0al1ZO]SN:U1:]k1]O_SN7X1:Xk1^ObSN7^14oj1EeSN4`15jj1GhSN2_1:ej1DQTNL]1a0_j1BWTNK]1a0\j1CXTNJ^1c0Yj1B_VN>ai1@aVN?_i1AbVN?^i1_OdVNa0\i1^OdVNc0\l11O100O1O]OjPN>Uo1_OPQNb0Xo1N1N1O1O1O011N100O1O1000O1O10O000O1O1M3O2NbdPV3
20130702070714Th_4,eUmd25jo13M4L6J1O1O1F]OVQNc0jn1@SQN`0mn1BRQN=on191M4GmPNAUo1=9N1O10O0M4N100000010N1I7I8O01O001000100O101N2BQQNGPo16TQNHmn16?O100O1N101O10001O001N`knW1
20130702070714Th_5,jenb14ko12O1O010O000O10001O0010O0001O001O001O0O101OO010O1O0100001O01O1O1O0O2N1O100O0100000O100O10010O01O1M3K4O2O000O101O000O1000010O000001O0O10000001O0000001O0010O0000000000010O00000000000000001O0000000000O1000O1000O1001O000O100000O0100000O100000000000000O100000000000010O0000O1000000001O00001N11O00010O001O00010O00001O00000001O00000100O002N00000000O1O1O00100000O01000000000000001O00001000O01O0000O10O01O01O100000100000000O01O1O1O1O1O10O000010O002MhYWo1
20130702070714Th_6,f^SQ25ko12_OOnPN5nn10mPN3Po1a0TQNSOan1n0[QNXO7Nkm1X1QRNkNlm1f1N2K6M2NfN^RNa0Ym1^OjRNa0Um1mNkRNN2V1Rm1kNPSNJ0\1ol1hNbSN^1Xl1aNiSN5WOk0Rn1SOURNj0jm1UOXRNk0fm1TO_RNKGb0im1BPSN=ol1BTSN?il1@ZSN?el1@^SN`0al1]OcSNb0om10O01000O1O001N1O10O01001N5L6J1O001O000000O0100O1O1O010O1O1O1O1O1OP^Xk1
20130702070714Th_7,haol22lo12O1N2O000000001N101O1O1O002N10O10O10O01]OLXQN5hn1b0O01OmNTOTSNk0kl1XOTSNg0ll1[OSSNc0nl1_OPSN`0Qm1ClRN=Um1FfRN:[m1I`RN0jm16mQNKVn1k0:I3M4L6J4L4L3@fPN4go1K3Ng_ZP1
20130702070714Th_8,fihf23lo12O1O001O10O10O01O01O01O0100O010O00100O10O01O10O10O010O0100O001O10O001O001O1O1O1O1O1O10O1O0O101O001O00001O0O10000000O101O00000O101O001N101OO100N1010O0J7N1O10M3O2N2L4M\VoS1
20130702070714Th_9,VZog14ko12N10000000O11O0O10010O01O000001O000001O00O100O10000O2O000O1000O010O001O0010O01O1000O010O1000O01O01O1O000010O000O1O11O00M4N11O000000N11O1N200O2M3M3NQgZS2
20130702070714Th_10,QZWT34ko11N2N2N1M3O1O01000000O000001N2O1hN@oRNa0il1KRSN5Pm1LmRN4Um1MiRN2Xm1OgRN0[m1ORRNC:>fm1KRRNK58km1KSRNNO7om1JTRN0K6Pn1JWRN1G6Qn1IZRN2A6Tn1I]RN`0dm1A^RN<bm1EaRN8^m1IdRN5[m1LfRN3Zm1MhRN2Vm1OkRN0Tm11mRNORm11oRNNQm12PSNLQm13QSNLnl15SSNInl16TSNFPm19[1O100O10O1N2O1001O1O1O01O001O01O1N2N10000000OO10N4N1100O1O00001O1O1N3M`jnf0
20130702070714Th_11,XfnQ24lo11O0010O0O2O^PNNao15N0O110O000010O010O00000000O0101O01O0O10001O00000000000000O100000000000001O000010O10O0101N10O01000O100O010O01O101N001O1O1N1000000001N2O1N3M4LiXUi1
20130811121434Ch_1,gba_13lo12N2O1O001O000O2O1O0O2O1O0O2O00001O001O00010O000001O00001O001O00001O000000000O1000000001O00000O101O00001O000O2O001O000O01N2M300O100O10O10000000O10000000O100O1M3N3N101N11O002N3M1O1O1O0001N10001N1000000O100O100000O010O1000O1001O001O1O01O00010O001O00000O10000O1000000010O000O10O100000000O10O10O00100O001O1O00100O010O10001N1O2O1N200O100000O1O2N0O1N2K5O1O1000O100O01O2O0O1000O001O0B_O^QNb0an1BZQN?gn1=0O2O100O10000O1O1O1O0M3M2010O100N2O1O1O1N101N1O10O1O2O2O001O1O1O1O1O010O01N10O10O000001O1O100O1000000O0001O0M4N1O2O001N2N2O1N1O2O00000O2N1O2N200O100000O10O100O1N2N2N2M3N2@YNdRNj1Zm1]N]RNg1cm1;0O2O1O2`NYRNd0Sn1lNSRNQ1Qn1gNTRNX1[n1O00001O0O100O100O10000O1O100O1000O00100O001N1O2O0010N2O1O00010OO20OO101O1N1N20000001O10O001N2L4I7O001O1O1O1O100O100001O1O1N2O1N2N101M2O10O1O002M2O101N2O0000L4M300O001O010O10O001M3L4M200O01OO1N3M3N10011O1O01O1O002N2N2M3O1N2N101N1O1000000000001O0O1O2N1O1O2N1N2O2N1O100O010O100O10O1O1O100O000000N2000O2N1N20O1O1N2O00O2O1O01001^OPOSRNP1mm1a01O1N3N1O2N2N1\OkQN\OVn1a0g0N1DePN2^o1JgPN1^bfc1
20130811121434Ch_2,Ya[R15jo13M101N0O2O100O100O2O1O001O0001O0O1O1N1100O001O10O001000000O10O1N1O2O001O10O100000000O1O100O10O010O1O1O1O1O1O01O0010000000001N2N2N1O100O10000O2O0O10O10O010O0100O010O00001O02N1O100O0010O1O1O1O10000001O1N2N2Nh_Tg2
20130811121434Ch_3,alPW35ko13L5L3L3L2N3N3N100O10O1O2O1O1O00010O00O2O0000001O0O10O100O1O1O100O011O008IO1O000000O011O002O0OO10O1O1N3L2M310O01O1O2O0O100O2N4L3M1O10001O1O00O10O010O0000@iPN7Wo1GmPN7So1GQQN6_o1MVQmc0
20130811121434Ch_4,bTSk13mo11O1O1O0010O01O001O001O000010O00010O00010O01O010O0000001O000010O0100O001O1O0010O000O2O0010O01O1O00100O010O0100O0010O000000O10O1000001O00001O000000000001O1O1O1N101O000000000000000001O001O1O010O1O1O001O010O0001O00001O010O100O010000O10O01O1O011M3NYjVm1
20130811121434Ch_5,fdVT22mo12O10O01O00000O1O101O00000010O00O100O10000000010O010O100000O100O010O000010N101O001O10O1000000O0101O000000000000O1O100001N2O0O0100O010O0100000000000O001O001O1O000000O2O0010O100O10O01O000000000001OO101O001N10000O10001O1OoYmd1
20130811121434Ch_6,WZgb28eo18ePN3Un1Q1H7H7H8M3N[OiRNbNWm1Z1j0WOi0]Oc0N202Mef\\1
20130811121434Ch_7,a^Wn07do1=mPN=Vm1J`RNc0Xm1V1J7J5L3MeMWSNc1gl1XNcSNi0G[Ofl1FmSNJ^O`0;IZl1H`TN;ZOKjm11[RNMem11]RNOcm1NaRN0am1KcRN4gn1M2Nd^fP3
20130811121434Ch_8,[gZ\26io13N3M101OO10001O0001O1O3L101O01O1O2N02N4L1O1OO001O2M2N2O1O1N101O01O100O2N10001N2N10000O0100001O01O001O1N2O0O1O1O1O1O010O01O100O101O001O0000O1O1N101O1O1O00001O010000O100000O100O010O01O000000O2O001N102MVV[]1
20130825141154Bh_1,efiQ17eo15N1N2O0O2M3M201O1N2I7O1O10000O0100O0OYOQO_RNo0am1UOZRNl0fm1WOQRNP1om1SOmQNm0Tn1`0O0001O1O2N1M3N2N2O000O10N11L4O1O100O2M201O1O1O1O0O1O1O1O10N1L310100O11N1O1001000O0100001N1O1O1O0100O01N1N2OO1O200010O010O01O1O1O010O001N2M3O1O1O100O1O1O1O1O1O01N101N1010O010O1O001N11N2N101N100O2N1000001O001O1O010O000O100000O2O1O2N2N2O1N2O0O101N1O10O01O00001O01O00001O000000001O1O0O2N2M2O2O01O000001O01O01O0O2M2001N2O1N2O001O1O2N1O1N3N1O2N101N2O1O2M2O1N101N2Nk^^a2
20130825141154Bh_2,gWgi22mo12O0O100O001O1O10O10O010O010000000O010O100O1N20O01O1O100O1N2L3000010O0AD[QN;dn1JXQN7dn1c001O1O02O0O1O1O1OYOnNdRNP1\m1UO_RNk0cm1YOXRNf0jm1_OoQNa0Sn1d02O1M4L3N2N2N2O1N2M2N3N2N2N2N2K5M4M3M3LPkjQ1
20130825141154Bh_3,ZaTh27io12N3M2N101O001O000000000010O01O1O2N1OO010O0001O0010O010001O1O100O3N1TQN[OYn1e0cQN_O]n1S13L1N4M1O1O001O105J2O0O102OO000O1000O1N2N2L5DX\UT1
20130825141154Bh_4,Pi`i04fo18L4K3M4M2N200O1O0001O101N1000001O01N101N2N2N3N@UQNMmn1LXQN4jn1D[QN=To10000000000002N2N000O10O1O01000001O1N2OO010O0O2O0O2O001N2O001O1O0O2M3M4LUVaR3
20130825141154Bh_5,R_]h03lo110001O00001O0010O01O010O01O010O01O100O2O0000000O2N2O0O1N10001O000100O1O001O1N1O1O100O0100N2N2O0O2O0FCRQN>kn1<O1O2O000100O1O100O1O0O1ON3M3@ROmQNQ1Qn1SOiQNP1Wn1<0001NnNQRN6Wm1CiRN841fl1_OUSN<M59Lel1JnRNS1?POdl1]1^SNaNbl1_1_SN_Ncl1`1`SN[Ncl1d1Z1B9G8I2M3M5K9EebTR3
20130825141154Bh_6,b\cm23lo12O0O100O10O10O1O1O1O001N1O1O101N1O1O100O1O1M3POB]RN`0bm1DYRN>fm1GURN9km1k02N2O01N2100O1ROhQN]O1`0Wn11YRNFim18o001N1N30O100O1O010000000O10O1O100000010O001O00000O1O2O001O1N20O001O010O0100O10000O100000000000O2O000O1000001O0001O00000001O010O1004MO1O0000O010O010O01O100O1O001O000O0100O2N1O2O1N2N101O01N100O100O1001N1000000001O001O4L1O10N2N2MgfPi0
20130825141154Bh_7,Ukjo14lo10O2O001O001O001O010O001O0010O100O010O01000000URNIkk17TTNKlk15STNLmk15QTNKPl16nSNJSl16lSNKUl15iSNKXl15hSNKYl14fSNNYl13eSNN[l13dSNM\l14bSNM^l13aSNMal13^SNLcl14\SNLel14ZSNLhl13XSNLil14VSNLkl13USNNkl12USNMkl14TSNLml13SSNMol12QSNMPm12PSNNRm10oRN0Qm10oRNORm10oRNOQm12nRNNSm11mRNOTm11kRNNVm12jRNNWm12hRNMYm13fRNM\m13bRNM_m13_RNNbm13\RNNdm12[RNNfm12YRNOgm12WRNNkm11TRN0lm10TRNOmm11RRN0nm10QRN0om11PRNNRn12mQNNTn12lQNMUn13jQNMWn13hQNMYn13gQNLZn14eQNL\n14cQNM]n13cQNL^n14aQNL`n14_QNLan15^QNKcn15\QNLen14YQNLhn14WQNLkn13SQNOmn13PQNMRo14iPNOWo1<1O2N1O2N3AcPN5ho1LTS_j1
20131027185354Bh_1,SaQh244O_o1?J6J3L3L3N3YQNmNSn1a1hQNdNSn1g1L3M3N3M101O0O1O1B=O102N1O20O001O001O001O0O2O1O2M3N2N2O1N2O1O000010O01O00001O000000000000000000001O00O1O010O100O010O1N100O101N2N2N2O2N1O1N3PMZMcXNg2\g1ZMcXNg2\g1ZMbXNh2\g1ZMcXNf2]g1[MbXNf2]g1[MbXNe2]g1\McXNe2\g1\McXNd2]g1\MfVNGg02kNk2hi1]M[VN3o0l2gh1QMYVN6n0i2ih1PMZVN8k0i2kh1nL[VN;c0\ORO^3hi1RMcVN6?m2mh1nLcVNLJKa0[3Ri1mLcVNLOL8\3Vi1lLcVNK2O2X3Zi1mLcVNL30MP2FgNgi1]OdVNL40Im16_NYi1GeVNM5S2@kMa0;Ui1IfVNN6Q2@jMb0<Si1IfVNO9o1_OhMb0<Ui1LbVN0;n1;QNlh10^VNOb0k16SNkh12]VN0h0f12UNih16]VNNk0e1Vj1]NPUNMn0c1Rj1`NPUNLQ1b1ni1cNRUNJQ1Y1`i1gN[UN77FQ1Y1]i1mNSUN:Z2g0ch1QOoTN:`2c0ah1JaWN3_h1NcWN0Yh14hWNIXh18jWNEWh1;kWNCUh1:QXNDog19UXNEkg1LUUNDU35og14cXNJof1M[UN6l3Jjf1b0Z4O100N100O2N1N2OO1110N3M3M3KZh`o0
20131027185354Bh_2,baXZ24lo11N10001O00001OO100000000O1001O0001O01O010O0010O01O001O0000001O011O0O10O1000O0000010O00010O010N100O2O0010O10O010O010O0101O2M10O001O010O0100O01O0O2O001000O001O0O01000O101O00001N10000O10O100O010001O001O00000010O0001O0001O010O00001O001N2O001O01O100O00001O01O001O001O101N1O10O001N1O1O1000000001O0100O1O010O000106I1O1O1O1O1O010O1O1O1O00O1N3M2N2O1O2O101O01O1O0000020O0O0O01O0O3JaP<L]oC;O0000O2O0000O10000O201N1000O100O111N2N0002N2M2O001O0O2N5L1N2N\OQQN8nn1GTQN9kn1FWQN;hn1B[QNP1cn1O0O00000O2O0O2M2M4L5K4N2O1O10000000O100O1000006J0O1O00100O01O2N001O1O1O1O00O100O2O001O0101O0000O1O2O1N3N3MO10O01O1N2O1N2O01O001N2O100O1000OQQN[Odn1e0YQNCan1?\QNCdn1m00O1N2M3N2N1O101O001O00100O1O010O10O0101N2O0O100O10000O2N2N1O1N4M100O1O10O01O001O2MkXYP1
20131027185354Bh_3,UUQP32mo13M2O2PQNLom17mQNKRn17kQNKUn15iQNLWn16fQNJ[n17bQNK]n18]QNLbn1h0001O1O001N11N1O1L31G:N2M4H8M4LPlZn0
20131027185354Bh_4,Wdjb04ko13M2O001O1O2O2N2N1N100O2N000000O0O2O1O2N10010O2O2N000O00100O100O1000O100O0001ObPNOmn11PQN3on1a0O1N101O001O000O10000O02N1O000O010000001O2N3M2N0000L30101O0000000001O1O0O1000001O001O1O001O00010O00001O000O0100O2O0O1O2O0O101OBQQNMmn10WQN0in1MZQN4fn1I[QN9Vo100O100O10O1O01O0010O1O2N1O0O3N1N4M2N5K3L3NO10O10O01O10O1N2N2O2O1N2O1N1010O001O001N100O1O1O00N3O0O2N101L4O0100000000000000010O01OBhPN4bo11O000O10000001O010O2N1O1O01O0O010000O2O001O01O0000000000O2MdY_P3
20131027185354Bh_5,`bif27io11O0000100O4`PNETo1<gPNIXo1`00O1O1N10O10O02O01O0100017I0OO00000000O1000O100000000000000000000000000O2O1O001O0006J000O010O1O1O101N2NZPh0NhoWO3N1N2O001N1O1O2N1O1O1O2M4K9H4H7N1O2O0011mNbQNa0dn1UO`QNk0ln1O1N1O1N1O010000000@kPN5To1JnPN6So1GoPN9\o100O2O001N2O1O1N2No[nQ1
20131027185354Bh_6,Wb[d14`07an1KQQNN4:in1c001O00000O2N1O1MD[QNDbn19fQNCYn1<oQN\OSn1c0d00O11O1N2L5N100O01000O1000O000110O001OO10OO3N1000O2N1OJ61IcPNL]o12:O2N2N__fX2
20131027185354Bh_7,ePiU24lo11O1N2O2N1N2O0OO1O1O010O1O2N2N3NWP>5cP@IYn1;cQNI[n17dQNK[n16dQNJ\n16bQNM^n13YQNHM5kn14VQN2mn1>200O1000N@RQN1nn10SQNNmn13SQNLmn1d0O1O10O2O001O1N2O001N100O2O00000000001O1O1O2O0O6L0OO1O000000O100O1O1O1O1O1O00100O1000O100O001001O000001O0001O001O0O2OPoRd1
20131027185354Bh_8,TeVY33lo12O001N2N1O2N2N1O10000000000O10001O101O1O4L1OO10O0100O010O1O1O100O100000O2O0O100O000001O015K0000010O02N4L2N00O2M3M5E9L3NgYob0
20131027185354Bh_9,[Ug\34ko12O00100O001O0000001N100010O001O1O1O000000O100O1O0010O010O10O1N101O1O1O1N2O010001N101O0O2000O100O01N2O001O001N101N3Lgjb?
20131027185354Bh_10,`Vgf23io14N2N2O000001O0O1O100O10000010O01O010O10O0100000000000000000000O3NSjTW1
20131027223034Lh_1,Waei21io18J5L5L3L4K5WO\OPRNi0lm1g0I8L4N2O1O0O2O001N2N2M2O1O1O1O1N101O100001O1O002M2O001O1N10001O00000O10000000000001O001N101O00000000000O10O1O000010O00O010001N1N3N2O0010O0L3O20O1OQOhRNYOXm1d0QSNVOol1i0TSNQOVl1EoSNY11kNmk13PTNo0:eNjk1?jSNl0Sm1VOlRNh0gl1gNWSNd0Oe0jl1jNTSNc00b0ml1oNnRNf0NG1ZO67Pm1l1e0M2O1O2M202M3M5L2M2O1N2O1N3M2N2M4M2M3M3N1N3M3M3M3L4M`bnn0
20131027223034Lh_2,fdbi23lo12N2O0O2\PNLZo1`0M3N1N1O1O1O01O01OO2O1EmPNFTo19;O100O0100001O00O010O10O01O100O00100O1000O0100O01O010O01O01O01O10O0100O10001O000O01O10O0100O010O100O010O01000003M2N1kPN\Okn1o0N000O010O010OO1000001O0O2O001N3N1O1O1O1O2O0O010O2N1O2O0O1O1O2O0O2O1N100O2N1NoXWo0
20131027223034Lh_3,bPaV23lo1101O0O10001O000000001O0000001O00010O0000010O0001O001O0000000000000000000000000O0100000000ePNNhn13VQNOin11WQN0hn10WQN1in1NVQN4_n1H_QN407_n1H^QN218an13_QNMan14]QNMcn13\QNNen1f0001N2O1O0O2O1O1N2O2N1O1O1O1O1O2N1O2N1O00000O2O000000001O000000O10O100O010O2N100O101O0000000000000000O100O1O1000O10000O1O101N1O2O1MTola1
20131027223034Lh_4,ibee14jo13N2M2N3M3M5J7J=C3M2N2N2O0000M300ZOhQN]ONLZn1f0g001N1O2N1O2M3M3N3L3O2NW^^X2
20131027223034Lh_5,[gdW22mo12N101O0010O01O001O010O001O00001O00001O0O10001O01O01O0001O001O1O000000000000010O01O10O0010O01O1O001O10O01000O1000O10O10O100O100N3MPXWd1
20131027223034Lh_6,bdPd05io16K3M2O00001O0000O10000000001O010O1000O02O00001O1O1N100O10O010O001O101N2OO1O1O1N2O0O3KcPN2^o11N2O00100O1N2O00001O1O1N3N9G2M3N3L4M2M2N2N100O010O01@cQN[O_n1d0?O100O1O100O101N10001O0000000000000000O11O0O10O01O1L5M2O1O100O1O100O2N1O_ZWU3
20131027223034Lh_7,d\k]17go14K3L5M3M2O100O000010OO01L4N2O00F:1O1O10010O001O0GmPNFTo15=O2O2N1O2MgdT`2
20131027223034Lh_8,^Ym`12mo12M3O000O100O10000O10001N2O001O00000O100O000O100010O010O000000O11O0O010OH90O10001M3K4O2O001O1O100O101N1O2Nhgf[2
20131110185354Bh_1,WidV33ko13M3O0O1O10000O01O0O10CKPQN5Po1MoPN2Ro1NnPN2Ro1OlPN1Uo10jPN0Vo11hPNOYo1:kNAmRN?Rm1EkRN:Um1JhRN6Xm1LfRN4Zm12lQNC;<im1:URNGkm1:TRNFlm1<QRNEom1=mQNESn1T10O100O1N2K5M3M2O2O001O0O1OHmNeQNT1Zn1810[OdNhRN[1Wm1hNhRNW1Xm1lNeRNS1]m1oNaRNP1_m1SO_RNl0bm1VO\RNi0em1XOYRNi0fm1ZOWRNe0km1d03OZOXNXSNf1il1\NVSNb1kl1`NSSN_1nl1bNQSN^1Pm1bNoRN^1Qm1dNlRN]1Tm1dNjRN^1Um1dNiRN\1Vm1gNgRNY1Zm1c030000O2O0O2O0O2J5N2O2O0001O0001O10O01G9N2N2N2N2N2O1O1O0D]QN\Odn1a0`0M3N2N3L5J6J][Sc0
20131110185354Bh_2,[c[V12do1`0H3N2O0O100000001O0010O1[OkPN=^o1O0O1O010O010O001O1O00000000O100000O10000O010O0010O010O01000O1O1N2N200O1O1O001OO1L5N1000001N10O1O1N2O1O10000000000000O1000N1K5O1I9N1J7N100001N2M2M3M3O1O0N3O1O01K6M11J5O2N11QOZOcRNg0]m1_O]RNa0em1MjQN4Xn1h01O2M3N2O2N2iN_QNl0Qo1J0OO2M3M1O2L4N2A`0M201bNYNaTNj1\k1ZNjSN3Lf1Yl1XNjSN^2Vl1cMhSN^2Wl1dMfSN^2ck1_MaTN6Ho1NoMfk13]TN3Nf15SNVk1a0aTNK0Z12SN:7nj1]3ZUNcLaj1`3`UN`L^j1b2QUNZM09c0J[j1b2cUN_M30Wj1a2jUN[M23Rj1c2oVN]Mnh1c0ZUNP1k1\Nih1c0TVN;T1ROeh1e0ZVN6S1SObh1i0\VN^OoN8S2Abh1h0_VNZOQO:P2C_h1i0cVNTOSO?l1C]h1k0QWN@d0C\h1k0SWNAVk1?kTN@oj1G[SNi0h1_Olj1<^SN_Og15jj19eSN^Oc19hj17gUNIYj16iUNIWj16kUNIVj15mUNIUj14nUNIUj15l2N2O1NUel_2
20131110185354Bh_3,laTT22mo13_PNNon13PQNOon12oPN0on12nPN0Ro11lPN1So1=10000O2N1O1O101O0O1000O001O1O011N1O1O1O1OIkPNDVo1:8010O0010O1O001O10O010O00100O2N10000O2O0O2O0O2N2N2N1O1O10O001O1O1O2N1O1O1O100O010O010O100O01O1000O100O010OO1O100100O0001O00100O1O1000O100O2N1O100O1000000O100O00100O0100O100O100O101N2O1O1O1O1O1O1O2N1N2O0O3N0O2O0O10O1O1D<O1O1000O01O100O1N2O100000000000000000000000000000001O00010O1O1O1O0010O00010O001O0010O00001O0000001O0000001O001N2O001O010O001O1000O0100001O0O100O10O001O010O000100O1O2O0000001N101N1010000O01N100O103M10O008H2N1O1O10O00000000001O00001OO10001O1N2O01O001N1O100O100O10000O10O00010O1O0100000O2O0O10O1O1O0J7N1O101O000000000010O01O1O001O0100O010O10O100O100O010O01000O0100O1000O10000O10000O01O10O1O1NP\QW1
20131110185354Bh_4,Y_mk12go18M2O100001N101O1O0O1000O010O10O01O1O100O00100000O10O10O10O10O1O10O0100O10O010O100O1000O01O1O1O1N2N1N3M2O10O10001N1O2K4O2O100O100O01000O001O010O0010O010O001O010O01O000001O0O101O1O0000000000000010O00010O000000001O01O0000001O000001O01000O0100O0100O100O010O100O01000O2O0000000O01000O01000O2O000O01000O10000000O0100000O100O001O1O01O0O0100O100001O1NmcXi1
20131110185354Bh_5,e[aj04jo13N1O2N1O1O100O010O10O10001O000O1O1N1O20O001O1O1O00100O1000O001O010O1O00010N11O000O1N2O1O100000O2O1O1O101O001O01O001O2[PNI]o1=O1000O1000000O2O1O001O1O00001O0000001O1O1O0000000000O1O1CFSQN;kn1JPQN8nn1>0N101M2O1OO10O011O0010O10J6N3M201N4L\fbn2
20131110185354Bh_6,a`Yo24ko11O2M2L4K5N101N2M201O1N101N1N3N1H70O2O10001O101N1N2N2O1N2N101O00000000@^OcQNc0\n1`00O2O1O101N101N100O1O1O0O2L4N2O1O2N10000O100O1O001O1O1O10O1O1O101N2oPN\Ocn1f0YQN^Ofn1d0UQN_Ojn1k01000O10O2O000O2N1N200O1O100O01O0O1O1M4O0100O1N3L4N1O100O100N2N1O3N1O1O1O10O0100O01000O100000001O1O00000000O1O1O1O100O10O1000000001O1O010O00001O00001O2N1N2O1O1O0000010O100O1O1O000O2O000000O10001O0000000000000000001O00001O001O1O1O1O1O001O010O001O001O001N2O1O1O1O0000O10O010O1O101N1O2N2NeaVc0
20131110185354Bh_7,QaYU24ko11O2L3M3M3N20000O1000000000O10001N100O2N10000O1000O100000O0100001N100O10O0100O10001N2O1N[_lg1
20131110185354Bh_8,XXWc017:So1?L3M2O1O101;E2M3M0O3M1O10O100O00O010O2O0O2O000O1O1O001O00010O01N101O1O0000000O1000000O10000001O00000O010O0001O00000O100O100N2N2L4N101O0N2O0O2K5N03N2O1N4DWhlW3
20131110185354Bh_9,gWac12mo12N2N100O10001O0O1O1O2M3N2O001O0104K4L1O1O1O000001O0001O0010O001O00100O0010O01O0001O000001O001O1O1O001O1O0101N3N000O1O1O1O2Meg`X2
20131110185354Bh_10,Vl^g2:do1:F4L7I5K5M3LQOeQN=Xn1BmQN>mm1C^RN5_m1KhRN2Vm1IRSN6ll1HXSN8gl1F[SN:Wn1O3M1O001O0000001O00001O00000000O10O01O010O0100O010O01O100O01O2MiQeU1
20131110185354Bh_11,`Qki2:ao18G=H7I6J4L5J4L3L4MbNWSNHhl18^SN@el1?^1O00HEnPN;Ro1FmPN:So1GmPN7To1JmPN3To1MoPNOSo10`0MmohT1
20131110185354Bh_12,VWoe22lo13O1N101M2O1O100O1O00001N1000001O01O001M2N3O001O0010O0100O010O010O0100O1O101N2O0O10O1O000O2O01O01O1O1O2NkifV1
20131217192134Ch_1,XbVe22mo13N1N3N1N1CFSQN;ln1IPQN8Po1JmPN7So1:2O2N1N2O1N3N1N101O000O100000000000000010O001O010O10O01O00001O001O001O1O001000O010O00001O0O10001O00001O001O01O001O1N2O1O1O00100O01000O010O1O01O01O1O010O0O1O100O11N10101N010O0001N2O1O1O1N2N1O2O1O1O1O010O010O2O0O100O10O101N100O10O01O2N1O1O1N2O1N2N2N1010O00001O0000001O00000O2N100O2O2O1O0100O00000O101O1O001O11N1O1N1024K1N1N1O3^OX\QP1
20131217192134Ch_2,fbZ^13ko13O1N3N1O1O2M2N3N1N2O1N2O0001O1O0O3L3O1N101O000001O001O002N0O2O0O10001O1O101N100O10OO1O1O10O100O1O3M3N2M2O1O010O00100O1O10O00100O0010O01O0010O0001O001O100O101N101O2N1O00001N100O1O2O001O1O1O2N1O0O1O01O00001N2M2N3N2N101N2N2M2K50000O10O01O002O00010O100O2N2MfP>O\oA2M2N2O2_PNJSo1d0N2N1O2O1O02N5J4M2M10000O100O0010O00O2O001O00100O11N10001O0000000O1O0010O001O001O1O00001O00001O000100O100O101N3N1O01N10001N100O100001O00O001O001O0010O010O10O01O1000O2O1O0O100O010O000001O01000000O100000O01O10O00000000000010O0001O001O00010O01O010O0010O001O0010O1O001O0O0100O010000000001O1N2O1N`Xio1
20131217192134Ch_3,haZm02lo15M2M2N2O1O0O10O10O010O1O100O10O0100000O0100O10O0100O000100O100O2O1O1N1000000O1000001O001O1O00100O010O00000100O1O1O100O1O1O00O001O1N2O1O2O0N3M]^Un2
20131217192134Ch_4,YeZa27ho12O1N2O00001O1O1N2O00000O10O1N3M2O101O0000001O000001O0001O0001O0000000000000001O01O01O0001O00000001N10000000000000000O100010O10000001O02N1N2O000002M20OO010000O101O0O1000O1000O1000000O1000001O0000O2O001O04L10N1O2N1N2NUYkW1
20131217192134Ch_5,nil_23mo12N3M2N2O0001O3OO1N0O2O1O4M00001N5K9HO0000001O2N1N1O2N001O001N201N3N1O2N100002N1O2O0O1O6J0000O1O1O1O1O1N1O2O1O0O2O001O001N10000O10O01O100O100O1000O010O010O100O1O1O1000O2O0O10O0100000O010O10O10O0010O0010O0100O0010O010O010O010O0010O0001O01O000000O101O0O1O10000O10000O010O1O010O1O1O00O1O1010O02N2M5KYRiV1
20131217192134Ch_6,[^[R33jo13N2O1N101OO10O10001O0010OO1O1O1O101N101N2O00NO111M3O2N2O2C=N8RNgNgSNJ=c1`k1CZTN>ck1KUTN6kk11jSN4Tl1g0mSN^NRl1Z1^TN_Nak1a1oTNoMQk1P2`1N2N1^OhRN\NZm1o0hRNTOim1i0g0M41N101O0ODWQNEgn1;^QNAan1??010N3J4000N012O1O1O2M2L5M2O2O0000010O01000O0100O100O0010O100N2N2O2NdgVh0
20131217192134Ch_7,kjjS27io12O1_RNNQk13kTN2XNG\l18YUNb0gj1_OUUNc0mj1\OoTNg0Rk1YOjTNi0Yk1VOeTNj0^k1UO_TNk0ek1SOZTNl0ik1TOTTNl0ok1ZOnRNE;U1jl1CPSN?Qm1V12N2O1O2N3M4WNeRNe0lQmj1
20131217192134Ch_8,mVQi13lo12O1^QNLVm15hRNLXm15fRNMYm14eRNM\m13bRNN^m13aRNLam14]RNMdm14YRNLhm18SRNHom1;kQNGUn1;eQNH]n1m00O2N3M2N1N4M2M4L5L4Lah^U2
20131217192134Ch_9,lUke14ko11O1O1J6O100O010000O1000000O1000010O00000100O1O1O1O1O001OKdPNF\o19601O0010O00100O3O01N2N0001OO1O1O1O1O1MliPW2
20131230192154Bh_1,aXmm27ho14L2N3L3L3M4N1O1OGQQNBon1=:O0O3N01J7M3M3L4N2N3N1N1N2OM3L400110000O1O2N1O1O1L4O1O0100O1O1O1O01N1I8N3N1O1N3M2O2MZihn0
20131230192154Bh_2,W`cf14ko14L2O1O0000001N0010N00O200O1O2O00010O000N2OM4010O010O01O0K5O02FHjPN9To1MgPN4Xo1;O0O2O0O00O2O0O10O1011M201O100O100O1O001O1O001O01O01O0O2N1001O010O01O001N1000O100N3K4N2M2N4N01000L4O2O1O1O0OMUQNUOjn1j07N2O2M3M4L3N0O2O000O2N2N4LZcnR2
20131230192154Bh_3,[RkU15io14K5M1O1O2O0N2O1M3N2O0O11G8N2O010OO200O2O0010O1O1O1N3N101N100O0100O0010O0O20O00100O00101OO011O000O2O1O00000O10O100O1O1O100O1O10O100O010O1000O01000O100O010000O1000000O100O10O10O2O001O1O2N1NonVd2
20131230192154Bh_4,WkfQ14io14M200O100O010O1O1O0010N1O1000N3O001000O100O1O010O1000O010000O1000001O001O00001O001O010O1O01O1O010O0010O01O001O010O000100O100O10O100O100O1O1O1O3M3M2N1O001O1O1O010O0010O3N0000OAjPN6Uo1HnPN9Po1DSQN<Zo1O01000O0100O100O001O00000012M01N10O10O01001O00001O001N2O001011OO1OOO2N1O3L5L6J2N3\QNiNYn1`10O2lNeQN`0[n1^OkQN=Vn1BmQN;Un1CPRN=lm1CURN<km1CVRNe0bm1YO`RNh0_m1WObRNi0_m1TObRNm0Yn10001QORQNh0Wo1M4L00011O0O1N2O1M:F^Pad2
20131230192154Bh_5,`[Qg06ho19bPNDjn1>SQNJfn17WQNLhn1f0010O]QNQOVn1o0gQNUOYn1j0dQNZO\n1V10OO2O001OO010`NhQNW1Xn1gNkQNW1ln1D2M10000001O1O002N5K01O1O0O10000000O2N1O2N101N2N1O2N001O100O1O2N1O1O4L1O1O1O001oSN[Nei1e1YVN^Nfi1c1eUNROZj1n0eUNUOYj1l0eUNVOZj1j0eUNZOXj1f0hUNARj1>nUNDQj1;oUNFQj19PVNFQj19PVNFQj1:oUNESj1:lUNEZj17fUNH\j17cUNJ]j16bUNJ`j16_UNIej1[OXTN0P1e0ij1XOYTN4l0d0mj1UOYTN7j0c0nj1SOZTN<f0b0Rk1hN_TNh0<`0lk1CQTN=ok1FmSN;Sl1JgSN7Xl1LeSN5[l1N\SN8cl1c100O1O`M`SNb1`l1\NgSN^1Yl1bNkSNZ1Ul1fNmSNX1Tl1gNoSNU1Sl1kNPTNQ1Ql1`N\SNJN2h0b1nk1aNbTN]1`k1aNcTN\1_k1aNeTN\1[m1@:J3L5J;Dk^bR3
20131230192154Bh_6,UeP\24ko12N2O001O001000O1000O10O10O1O10O10O010O00001O010O1O100O1O1O010O01O2N4M2M0100O2N1O01001O01O001O000000O100O100O1O10O010O001O00000000001O1O010O01O10OO2O00000000O2O00001O01O010O0010O00000010O01O1N]Ym]1
20131230192154Bh_7,kVae11no12N2O00000000000O010000000O10000O010O1O001N1O20O01N1M4O10O1N3N1O1O2O000O100000000000000000000000O2O001O0O2O001O00J_PNM`o137O1000O01000O0100000O10O0100O0010000O010000O0100000O1000O010000O01000O010O010O010O0100O010O1O01O01O001O01O001O1O0010O010O10O01O10O01000O1O001O010O1000O0010O010O1O2NkjdQ2
20131230192154Bh_8,U\hl14ko15K6K2N2N1N2N101N01O001O100O10O10O00100O01000002N1O1O0O10O1N3M2O1O2N10010O0100001N1O1O1O1O001O001N101O0100O2O0O10000O10000000000000O2O00000O1O1N3Mco;3[PD1O100O010O100O10O01O01N2O1N4Lho33UPL9G3N2N2N2N100O1O010O000000O2N1M4M3N100O1O10O01O1O100O100O101O000001O0000O100000000000000001N1000010O0000001O0O10000000000001O01O01O00001N2M\ceh1
20131230192154Bh_9,]Tmb1:bo1:H5L3M3M3MXO[QN9cn1EaQN:]n1EkQN6Sn1JQRN4mm1LWRN2hm1NZRN1dm1O^RN1`m1ObRN2\m1NfRN1Xm10iRN0Vm1OmRNOSm11nRNNRm12PSNKQm15]1O1000O0100O1000000000000000000000000001O0000000001O01O0000000001O010O01O1O100O10000001N100O100O010O0100O0100O1MdkZX2
20140118180214Mh_1,_Xc_12lo12L5M2O2N1O1O2O001N2O1O1O100O01O001N101N1O100O1O10O0O2N1O100O2B=O1O2O0O1010O101N2N3M2O2M3N4K3N1N2O001O0O110O00000001O000001O0O1O1O1N3N2MVhR\2
20140118180214Mh_2,Pf`a252Mbo1=ePNG10Vn1=dQNH2OWn1Z1M2O2N2N101`RNZNel1e1oRN\NJ8Pm1^1RSNPOnl1Q27H6K2M1O2kM]RNj1nm1N100O1XNZRN6KFM>nm1C^RN446Po1O0O2O001N100O010O1O010O1O001O010O1O1ORWm[1
20140118180214Mh_3,kW]i06jo16J4L6J2O2N3Ma0_O7I1O0001O3N2M106I3M1N2N3L3Na0^O]fTU3
20140118180214Mh_4,_afm22ko14N1O1O1O10000O10O01L4O100O1000000001O00010O001O000O2O0000001O01O00010O000000O100O1O10000000O2O00100O010O01O010O1O1O1O002Mc^]n0
20140118180214Mh_5,a\[S35io13L3O2N1O1N2O100O0100O100O2O000O01000000O100O010O0O2N1010O001N100O100001N110O001O000000O00N202N1O2O1N2O10O01OO2M20O1001L301O100O010O1O0001M3N10100O000N2N1IYOWQNg0jn171O000001O00001H7O01K5N3M3M3N10001O0O1H8OO2M3N20OK5100O1000OJ7N3N2N2O1N3Mdg\e0
20140118180214Mh_6,SofS16go14N2N2O001O1O10000WQNBnm1?PRNDPn1<nQNFRn19mQNIDIUn1>WRNJ@KYn1;VRN2lm1NSRN1om1NPRN3Qn1LoQN3Sn1LmQN3Tn1LmQN3Tn1MlQN2Un1MkQN3Vn1LkQN3Vn1LkQN3Un1MlQN3BD\n18SRN4^OH]n14VRN;im1EWRN<im1CXRN>fm1BZRN?em1A\RN?dm1@\RN`0dm1@\RNa0dm1]O]RNc0cm1]O]RNd0cm1[O]RNe0cm1ZO^RNf0^n110O1O2N:G3L3M1Ngn^i2
20140118180214Mh_7,fSen25io1:G2O0O1O1N2N2M3[OZOnQNg0Rn1\OeQNk0mk1ROVVN[1ei1lNYVNT1hi1mNSVNS1Rj1lNlUNR1Yj1mNaUNV1cj1iNZUNW1jj1hNSUNn0Zk1ROkSN=\O`0kl1SOaSNm1al1SN]SNm1el1TNYSNj1jl1VNRSNd1Wm1]NgRNc1[m1^NcRNa1_m1_N`RN_1cm1<2L5hN^RNOem1O`RN_Oom1`0i0O1O2N101N101N2N2N4Jiohn0
20140118180214Mh_8,d_iQ21lo15M2O0O1O1O001O0O1O1O100O1O0N3000O2O0N1O110000001O0O1O110O0000O1O1O2O1N200O1O1O100O001OI70000O2O00001O01O0010O01O1O1O00O2N10001O10O0010O010O010O10O010O010O01O1O10000000000O1O100O100O100O10001NhbTh1
20140118180214Mh_9,`ViZ36io13M3M2L3M3H7N1N2L3100001NE=N1O10O2OO2K6O0O2O0O1O11O01O001O010O100O10000000O101O001O001O1O01N2O0O2N101N2N3MTkja0
20140309170314Mh_1,]]YR33ko13N2N1N2N2I7M3O10000000O2O1O1O0010O10O01O1N1O1O1O01O00O2O100O10O10O1O1O101N1O1O2N1O100O10O10O010O01000O010O001O0001O01N101N1O101OO100O20O0100TO^QN9bn1DdQN:\n1EfQN9]n1CfQN;Po1N3N1O100O2N2O1M_c`h0
20140309170314Mh_2,PR_h07ho1d0]O3M4K6J3N1N3N1bWNbNXb1`1c]NcN^b1^1^]NdNSc1m0i\NUO[c1j0a\NWObc1j0ZWNPO\47\d1m0mVNUOc4Ncd1]1Z[NcNhd1^1V[NbNTe1U1jZNlNWe1T1gZNnNYe1R1fZNnNZe1S1dZNnN]e1R1aZNoN`e1R1^ZNoNde1Q1XZNPOoe1R1gYNoN^f1o0\YNTOgf1k0UYNVOnf1i0nXNZOUg1d0[XNJmg11mWN2Yh1KiVNQOkNW1dj1F\VNUOlNV1kj1FkTNmNV19oNU1Tk1KjUNSOkNP1ck1LaUN`0dj1@YUNL^k13`TNJik13`SNPO5k0_l1:TSNoN:g0el1f0VSN[Oml1i13N2N2N1O2N2N2N2N2EaRNPNdm1m1:[NQRNT1dn1eNZQNP1Wo1D4K3J6HXinS3
20140309170314Mh_3,U[Yi12lo14M2N2N2O1N2N3N1O1O0000O1O10O01O1O1N101O010O10000000000000001O0001O0010O01O000O2O1O2O0O1O1O00000001N1O2N101O0O10000000000000000O10O100O10000O010000000000001N101N101O001N100O2M2O10O01O1O10O10001O1O2M4M1O1O1O1O0O100000000O0100O100O2O000000O2O0O10001N10000O010000O10O10O100000O00100O00100O10O010O0100O0100O100O10O010O01O1000O1000001N2O1M_eVl1
20140309170314Mh_4,Y]ea15jo12N1O2N1O1O1O1O2O0O01000000O2N1000000O10N200O010N1O2N1N3N10001N10010O010O010O000O100O1O2O000010O1000000O10O10O1000000001O0000O10000O10O2O0O1000O2N2L6K5L2M3N2N2NhcXY2
20140309170314Mh_5,[o`W34ko12N1O10000O1000001O000O2O0O100N3N1O010O010O1N1010000001O1O1O1O1O001O010O1OiPNFin19UQNIkn17TQNKln15QQNMon13PQNNPo14lPNNTo1?1O1N3M2N2O1N101O00000001O001O0010O00000O1O100O10000000001O01O000010O000001O010O1O10O010O0000DAWQN`0gn1CWQN=hn1EWQN;hn1FXQN9in1GWQN9in1GWQN9in1HVQN7ln1IRQN8nn1IQQN7on1=00O10O2O0000001O1O2N1N3N1O001O00000O01O1N20O01000O1N2M4N100000001O010O001N2O001O0O2O0O2N_P_?
20140309170314Mh_6,]ZgU24ko12N2M2N2O10O010O1O0O2O00010O0O2O100O1Olo?OTP@3N100O1O1O00000010O0001O01000nIKY\N5fc1OW\N1hc12U\NOic14U\NMjc15U\NKkc16T\NJlc18R\NHnc19Q\NFQd1;m[NESd1;m[NESd1<k[NDWd1<h[NDYd1;f[NFbd13][NMed12Y[NOhd10W[N1id10V[N0kd10T[N0ld11S[NOnd11Q[NOQe1OoZN1Se1NlZN2We1KhZN6Ze1HfZN8[e1GeZN9[e1HdZN8]e1GcZN9]e1HbZN7_e1J`ZN6`e1M^ZN2ce1O[ZN1ee11YZNNie12WZNMie15UZNKle15SZNJne18PZNHQf18nYNFUf1;iYNDYf1=eYNB^f1=bYN@af1`0_41001O1O100O\TNDdg1<YXNEig1:UXNGlg1:RXNFPh1:nWNFVh18hWNG[h18dWNG^h1:`WNFah1;\WNEfh1<XWNDjh1;UWNDnh1;QWNDQi1<nVNBUi1>W3001XSNAli1`0oUNFoi1;nUNGRj19lUNHUj19iUNGXj19fUNH\j17bUNJ_j16^UNLcj14ZUNMij13TUNMoj13nTNMTk13jTNMXk13gTNMZk13eTNL^k13`TNMbk13\TNLhk13VTNMmk13PTNMRl13lSNMVl13hSNMZl14cSNM^l13_SNNcl14XSNMil14SSNNol13cRN6`m1L\RN4gm1MURN4lm1o02N2K5M2O2N2N3N2M3M4K7J3L4G8L7KihPa1
20140309170314Mh_7,lS_i13ko1200O1O001N1O10001O0O2O000O100O1O0001O000O1100O1000O1O1000000O1O10000O2N2O1MemRT2
20140309170314Mh_8,iVo]32lo14N001O00000000000000000000O10O1O010O10O010000O10001O00000001O000O1001O0O10001O1N101O010O0001O001O01O00001O000000000000O1000000O10O01O1O1O2N1M_i`=
20140309170314Mh_9,gWoU32lo12O1O101N1O1O1000O10O1000O1000O0100O01000000000000000001N10000000O2O1O2Mkog0OWPXO1O1O1O1O1O2O2M3NO010O0010O01O100O101O0O00100O1O1O0010O000001N1O2NUhjd0
20140309170314Mh_10,_ehQ24ko12O2N2N1O1O1O101O2N0000011N1O0000O1O002N4FVZkl1
20140309170314Mh_11,fQe`12mo12N100O1000001O000O100000000O10000000000000O010O01000O01O000010O010O0100001O001O01O01O00001O010O01O100O01O0010O0001O01O01O010O1O1O1O1MZnR[2
20140322200714Mh_1,]XkP35jo12O1N101O1O001O001O010O001O0000000000O1O010000O10000O10O01O1O100O0O2O1O1O1O100O1N2M3O0100O2O3L4M2N1O001O00001O000O100O100000000O10O1O1O1O001O10O0010O010O1O1O100O0010N1O2O1O0001O000O1O100000O100001N1O1O1O2O0001O0O1O2N11O001O1O1O0O2O001N01N1010O10O10O1O1O1OO20000100O1O0000000N200100O100O2O001O1O1O1O001O1O0001O000O100001O00001OO0100O1O1O100O100O1O1O01000O100O0100O00100O10000001O00001N0100000000000000O100O1O10001O01O0000000O2O0O10000O1000000O2OO2O0001O01O00001O0000000O10O10O01O1O100O01O0O2N11O101N2N4L]j\?
20140322200714Mh_2,XZce24ko13M3N1O0O2O0O2O0O1O2O0O101O0001O1O1O100O1O01O00000000000O0100O1000O1O1O1N2N2O1O100000001O01O0010O0100O1O001O1O1O0000000O10O100O00001O0L4N3O010O001OO1N3OO101M3O1N10GVQN]Ojn1`0<O2O101N3M6JbfhT1
20140322200714Mh_3,f\Y]16jo11O1iPNJcn16YQNOen12XQN1gn10VQN2kn1a0100O1O001O2N1O1N2O000O2OO100010O00001O001O0O10001O000010O0001O0010O00000000000000O010000000001O000O2O0O2O3L4L2O00O1O1O1O1O10001N10100O010O01O000001M2M4L5Jib^]2
20140322200714Mh_4,]PYW25ko10O001O1O2M2O100O2O0O2N100O2N2O4K3N2N000000O1N2N2N101O100O1O1O1000O2O00001O000O1O1000O1O2N101N2O0O1O100O0010O01000O01O01O010O0010O010O00001O01O0100O100O100O1O100O10O10000O100O100O100O100O2O000000O1O0O2O000001O01O1O1O101O1N10O10O10O010000000O100000O1000001O0010O1O01N1OgPY`1
20140322200714Mh_5,cobV1:co16M3L4M4L4M;E105ML2N2M3N1O2N2N2N2N2N3N2M3N3K\ong2
20140322200714Mh_6,hZcn13lo12N2O1O001O0000001O001O1O100O010O01O001O1O00001O0000O100O2O000O1000100O0000O100O100O1010O1O10O010O001O0001O001O1O1O2N1O1O0001O00101N2O1N2N001O1O1N101O0O2N2Ncd^l1
20140322200714Mh_7,RfnU33lo13N100O10000O0010O0100O100O1O10O01O100O1O0010O00010O010O1O10O01O10O010O1O1000O2O1O0O1O1O10O001O1O001O10O0100001O000O1001O0O100000000001O000001O001O1O2O00001O1O01O0O1O1N3L4KfWcd0
20140322200714Mh_8,dRUn14ko11000001O0O10O10O1O100N201N1O010O0000010O0010N101O1000O1000000UWNIma17R^NJna16Q^NLna14R^NKoa15o]NMRb11j]N3Wb1Mg]N3[b1Md]N4\b1Mb]N3_b1M`]N4`b1L`]N3ab1N]]N2eb1NZ]N1hb1NW]N2kb1NP]N5Rc1Jl\N8Tc1Ii\N8Yc1Hc\N:^c1G`\N9bc1G]\N8ec1HY\N8ic1HV\N7lc1IR\N7Pd1In[N7Td1Ii[N8Yd1Hb[N;`d1E\[N=fd1BY[N>id1BU[N=nd1CP[N=Re1ClZN=We1BhZN=Ze1CeZN;^e1E`ZN;be1E]ZN9ee1HZZN6ie1JVZN5ke1LTZN4me1KSZN5ne1KPZN6Pf1JnYN7Sf1JjYN8Vf1HiYN9Wf1H[YNKVL=aj1GWYNf0kf1ZOSYNf0nf1ZOQYNf0Qg1ZOPXNIYM75g0cj1YOmWNc1Uh1]NjWNc1Xh1]NfWNb1\h1^NcWNb1_h1]N`WNb1bh1^N]WNb1dh1^NYWN;kM9nj1[OTWN=VN2fj1AQWN=_NCZO0Vk10lVN`0UO\OPj15gVNa0ij1_OVUN`0lj1@SUN=Rk1CgTN`0\k1@aTNb0ak1^O\TNc0ek1]OXTNe0jk1[OQTNg0Rl1YOjSNh0Yl1XOdSNi0^l1WO^SN<VOB`m13VSN:Zm1GdRN8_m1J]RN6em1LURN5nm1m02M3M4M3K5G9^OkPNObknj1
20140322200714Mh_9,fbV`26io12O1O001000001N101_PNKSo1f0L1N1000O01O102M2O1N1O1O001OQObQN<^n1CfQN;Yn1DjQN:Wn1EjQN:Vn1ElQN;Sn1DoQN;Qn1DPRN=Pn1ARRN>in1O1N4L3MP\a]1
20140322200714Mh_10,TRee11b12bl18WSNMcl1:WSNIil1;hRN1Wm11dRN2^m1O\RN4km1l06E:H7J5H8J6J_m`Y2
20140322200714Mh_11,XdVW14ko11O1O1O010O0001O000001O001O0001O0001O10O10O0100O0100O10000000O100O100O1O100O010000000001O00010O0100O0101O1N3OO010O1O2N1NVPP1NkooN1O1O10O0100O01000000000O1000O010000000001O0001O01O000010O01O010O00001O010O010O0100O100O1000O100O0100O010O10O01001O0001O02N1O1O0001N1O101N1O2MiZ__2
20140403081714Th_1,T[cS32mo12N100000001OO10O1000001O000O100O1O1N2O1O1O10O100O2N1O100O10O010O1O1O001O10O100O2O1O1O0001O0O2O000O001O1O010O10ON3N200O1O0O2O01000O2N1N2O1O101N2N101N0010O0O101O0001O001N2O1M3O1N1O10O1N2O01L4N2O1O1O1O0100000O100O1O1O010N2L4H710001O001O00O010O11N1O2M2O1N3N2N2N3G8M3N2N2N1O1O1O1O2O1O2N4^OkPN2hg`c0
20140403081714Th_2,RdVR35ko12N100O100O1O011O00001O0O1O2N1M3N3N1O2N1O1O100O1O2N2O10O10O100O002N1O1O0O3M2O1O000001N4L2O0O1O1O001O100O1O100000000000000000O101O1O2N6J10000_QNlNTn1a1OO0100O101QRN\Nam1R21O10OO1O1M3N1L5G9N2N2N2M>VOTQNEnn1:=O1N2O2MdXig0
20140403081714Th_3,b]Uh04jo13M2O10000010O001O001N1000000000O2O000O2O0000010O001O0BJQQN7ln1`0O100100O3M?B0O00000000O100001O001O0000O100O01O1O0010000O01O01O01O0O1O100O2O00O100000O101O01000000O1O1O1O00000010O01O01O1O0O2L3O200O1001O00000O100O1O00001O0000010000O010000O01O1O0000001N101O01000002N000001O001O1O1O10OO10010N1000001N100O1000001O01O2M3N001O0O110O1O1O000O10O10O101O00O10O10O10000001N101N1000000O01000O010O1O0001O000100O10O010O01O0010O10O10O1N2O0O2N2K4M301O01O1O2O1O001O001O1O001O0000001O1O001O000O100O0100O0O2N1O101O01O010O100O10000O2O1O0O10O010O0010O0O10000O2N1O2MRePg2
20140403081714Th_4,__ad24jo13AOkPN3So1>0O01002N2N100OO1O10O1N2O1O10001O0000000001N10001O0O10O01O1O1N2[Oe0N1100O101N2N1O101O000O2O001O1O000O10000000000O100O1N2O100O1000O2M2G:M3O000O010O0O0O2O1N20001000O2M3N1O000OK410002O001OgMhNkUNX1Tj1jNlUNU1Uj1kNjUNV1Uj1kNjUNU1Wj1jNTUNOPOX1mk1iNRUN2nNS1Tl1kNlTN5mNQ1Wl1jNjTN9lNn0[l1hNaTNU2^k1lM^TNX2ak1hM_TNX2`k1jM^TNX2ak1iM^TNW2bk1iM^TNX2ak1iM]TNX2ck1hM]TNX2ck1hM\TNZ2dk1eMZTN\2hk1cMXTN]2ik1cMVTN\2lk1dMSTNY2Ql1gMkSNY2Xl1iMdSNX2^l1hM]SNZ2el1gMZSNY2fl1gMZSNY2el1iM[SN>2e0al1QO\SN97a0]l1XO]SNMb0J]O=el1O\SNHf0G^O<cl16YSNA]1O_k1b0USN]Odn1d0<1O0000O01N2N2N1O1O100O11N10001M3M3N3L4M2N2O1000O1O100O1O0O01M3O1O2O00101N102MPgPQ1
20140403081714Th_5,WaZe2<do12N1O2O0001O00006J000000O100O2O002N1O1O3M02M2OO1001O000O10000O10001OO11O10O00100O1O100O3M3kPN_Odn1o00017IO2N10OO2O4L3L4L2O0O1O3N3M1O1N1001N2O000000O3N2M2O0O0100O1O10000O1000001O1O00O10O01O001O1O1O2N10O01000000O10000O10O1O10O010003M1O0001O10O00100O1O1O3L4O02L02O2M32M01M07I2M2O5I4LeXSR1
20140403081714Th_6,nXoW25jo13N2OO010O0000000O2M2N2O00O1VO4_QNNan14[QNNen14TQN1mn1a00O1N2O1O01O00000001OO1O1N2O2O1001O01O0O1M3M2N1OH8001O01CVQNFln16`0O1M4L\ijd1
20140403081714Th_7,kaPe14lo11N1O100O1000000001O001O000001O1O1O2N1O01O1O1O100O10000000O1O001O1O001O10O10001OO010O0001O0O1010O01O000001O01O010O0001O0001O1O010O01O010O010O00010O000000000001O001O01O0001O00000001O001O1O100O01O00001O00000O100O101O00000001O1O001O001O0000001O0001O0100O101N100O10O10O2N100O1kPNHan1:\QNHbn19^QNHan18_QNH`n18cQNG_n1FZQN:9Oen1M]QN2dn1K^QN5Xo1O0000O100O010000O1O010O10O010O01000O10O010O01O001O1O0O2O001N1000000001O001O2N3N0O00001O00000000000000000O10O100O1O1O010O00010O010O01O10O0010O00000001O01O001O010O1O10b[il1
20140403081714Th_8,\SgZ23io17J4N2kMKhRN9k0OZl1e0lRNmN:b0il1m0RSNXOll1n1011_OlRNRNYm1f1mRNVNUm1b0hRNMSn1IfRND^m16Z1M2O2MjnVd1
20140403081714Th_9,\f\i03lo11N2O1O001O000010O010O10O100O10O100000]QNJ\m16bRNN]m11_RN5_m1K^RN;_m1E_RN?`m1@^RNd0`m1\O^RNh0`m1XO_RNk0`m1UO_RNQ1[m1POcRNS1\m1lNbRN5M;`m1@`RN568Zm1EYRN5a05Vm16oRNHRm15TSNGll16YSNGhl15]SNIdl13`SNL[n1O1O1NhWST3
20140403081714Th_10,YnjV13mo11N20O01[PNL\o15aPNN^o1<O0000001O1O11N3N1O00O1PQNA]n1?^QNGcn17XQNMin1e01M2M3K6L4L7HbP_g2
20140410195814Mh_1,WV[g06ho14M1O2N010O001O001N10O2O1O010O01O001N1O2K5L3N3N2O0O2I7N2nMnN]TN5XOP1Yl1QOYTNf1fk1_NUTNb1kk1aNRTN_1mk1fNnSN[1ok1lNlSNU1Pl1_1O2O001O1OPOXTNjMfk1V2^TNiM`k1U2gTNgMXk1X2mTNeMSk1Y2TUNbMkj1]2YUN`Mhj1^2^1\NgRN`0Zm1\OnRN`0Rm1]OTSN`0ml1]O[SN>el1]ObSNa0^l1YOiSN2jN7]m1BnSN1kN<Zo1N1N1O1N3L4L_klT3
20140410195814Mh_2,ZXgc12mo13N1O1O0010O010O00010O000010O0O101O00001N101O010O010O01O0010O1O100O010O10O1O01O01O0000O100O0100O1000O10O10000O10O1000000O100000000000O10O1000000O1000001O000000O1000O01O0100O010O0100O100000000O0100000000000O100O01000O1000O0100O1N2O1O1O2N10ighT2
20140410195814Mh_3,[Zgg03mo10O2N100O2N100O2O00O10O10O10O0100000000001OO10O10000O010O10O01000O1000O10O2OlLMZVN4ei1OYVN1gi11WVNOji11TVNOni11QVNOQj10nUN0Tj1NlUN2Vj1MjUN2Yj1KgUN5[j1IeUN7Rm10O1YNIeSN7ak1JYSN;Q1Kfk1n0STNSOlk1Q1PTNPOok1T1mSNlNSl1Z1bSNlN^l1Z1WSNjNil1V21O1QNmRNP1Sm1gN_SNP1al1oNcSNn0^l1oNgSNo0Xl1POlSNn0Tl1POPTNm0Pl1SOTTNj0lk1UOVTNLhNc0Rm1AYTNGlNb0ml1GeTNObk11`TNKck14T20001O1O10O010O1O010O1000000001O00000001O00000000000O0100000O10O0100O10O10001N101N3MTiTQ3
20140410195814Mh_4,cR]d16jo12N3N1O10O1N2O1N1003L4M1O1000O2N2N01O1O2N1O100O10000O2O0O10001N0100O0010O01O2N1O1O10O1O1O0O3N1N1O2N1O1O^ORQN4mn1IXQN5Zo10000O1O2N2L`jjW2
20140410195814Mh_5,QcXk14ko11O101O00O01000000000000O101N10001O001O1O01O100O1N2O001O01O100O1O010O1O00100O00O1O1O1001O001O001O2N1O2N00000000O2L4L6Kh\oP2
20140420195854Bh_1,leTW15jo13M2N2N2O1N2O1O2M2O1O001005J2N101N1O1O2N100O1000O2O1N1O01O000000000O10001O0000010O000010O10O100O010O10O1O10O010O010O010O00001N110O010O01O100O100O010001N100000O01O100O10O1O00100O01O2N2McXQc2
20140420195854Bh_2,m\Wo24jo16\PN0nn1d0M2O00O00001O01O0J6O20O010O1O0M4N0010O100QNSOlTNn0Sk1TOkTNm0Uk1TOjTNk0Xk1UOfTNl0Zk1UOeTNl0[k1TOcTNm0]k1TOaTNo0^k1QO`TNR1^k1nNaTNT1mi1QOPUN00JR1W1li1=QVNEoi1;PVNFPj1;nUNFSj1:lUNEWj1:hUNE\j1:bUNDbj1<\UNAjj1jNYTN\1i0I]k1kN[TN`0C\O7Y1il1ETSN<nl1CoRN?Rm1BiRNa0Ym14lRNPOUm1m0oRNROQm1AgRNP1<]OYm1`0iRN_OYm1?jRN]OXm1b0kRNZOXm1e0kRNUOWm1k0V1J0O1O001N1M5L5Ladnl0
20140420195854Bh_3,PVoR21lo14N1O1O2N01000O01O10O010000O10O1O1M3O1N2O1O10O1O01000O010O10O01O010O001O010O00000O10O1000000O100N2K32N3N2N3N3L4L\k^i1
20140420195854Bh_4,\cbd23ko16L2M2O100O2N2O0O100000001N2O2O00O2OO1O1O05J4M1O001O0O10000O1O10001O00000002N4K2O0000O1O1H9MS[_X1
20140420195854Bh_5,PYS]23mo11N1000000O10000000000000000000001O000O101O0O010O100O100O100000001OO10000O2O001O00000000000O100O0010O0100O1O10000O10O10000O101N10001N101O100O10O1O1O1O10O01O00O10000000O1000O100O01000001O00O100000000001000O0100O001O001N2O1NPgl[1
20140420195854Bh_6,`jZf02lo14M1O1O2O0O2O0CGRQN;ln1LnPN5Po1>O3N1O1O2M4M4L1O1N1000O01O100O010O010O01O000000N101J6N2J6N2M4N11O0HZRNWNgm1e0VRN8Un1VO`RNd0em1VOfRN=cn1J5MYVcV3
20140420195854Bh_7,Y_ci05io14K4J5N2N1N2M02O101N01D<01\OYOmQNh0Tn1?IgNnQNW1Qn1HURNTOjm1n0c0O3O1_O]QNDcn1<_QNBbn1>`QN@_n1`0dQN\O[n1g0:401OESQNDln1;=N20N3N10101N101005LO7nPNVO^n1l0^QNXO_n1j0_QNXO]n1k0cQNVOYn1:nQNDJ2Vn1:URN@I1Rn1`0m04^O`0M4O2O01O1O1O2N1O2N2N4L3M2N2N1O1O0O1NO2020O101O1N2N1N2N1O100000O100O100000O0100O1O1O2N101O0O2O1O0O1M3000O1N20000O2N10100O1O101M2N3M2N2O1O010O100O100O01A4iPNLWo1>0O1O02H7M1NM44N1O2J5NCaQN]O`n1b0?00O1O10O1O1O02O0N3O0O1000O0010000000O1O1O002O0N3M3N2O001NRink2
20140420195854Bh_8,`oPf11lo16L2N100L3M3O101N2O0O20O0N3N1O2N0100001O000000O10O100M3O101N11O01O01O100O001O1O010O000100O000000000100O10O10O10O001O0O10000010O001O00010O0100000001O0001O000000000000O100O101O0O1001O0O10001O0000000O2O1O000000N2O1N200O2O0001O0001O0O2O]ReR2
20140420195854Bh_9,fUSg198Non1d0L200N2O00]OZQNMfn11e0O100000001O010O001O01O10O00010O10O01O010O0100O010O010O00100O100O1O001O01O01O01N2O00001O010O00100O1O001O0100O010O10O01O10O01O010O010O010O010O10O100O101O1O1O1O1Ngk\S2
20140420195854Bh_10,VZYW25jo13N6J1O01O1O2O001:D2O0O2O0011O3L10O00O100O2AcPN7eo1N10O1O1O001O0001N2O1O2N001O00000001O0001O00001O001O0O`dbe1
20140420195854Bh_11,h\Y[24ko16\PNGUo1h0fPNZOmn1Q1L4L3N2N10mNeQN`0\n1\OkQN`0So1G4L5KUblc1
20140420195854Bh_12,YbhS33lo12O1O1O001000001O1O0000000000000O1O10O01O1O100100O00001O00TWNHoa18o]NIRb17l]NJVb15i]NKYb14e]NM[b14d]NL]b15a]NK`b16]]NLcb14\]NLeb14Y]NNgb12W]N0ib1OV]N2iJGnf17X^N2iJIof15W^N2YJ0EJmg14S^N2ZJ<cg1Eo]NO^J=cg1En]NM_J>dg1Fl]NK`J`0dg1Fk]NIbJa0cg1HP^N]O_Jl0`g1J_^N5ba1L]^N4ba1N]^N2ca1O]^N0ca10\^N1da10Z^N2fa1VOUXNa0R6;Pb1Gm]N:Sb1HP]NXOcKQ1\g1Im\N\OcKl0`g1Ji\N\OfKk0ag1Le\NYOkKj0ag1Na\NZOnKF_Om0Sh1VOoWNb0`4EYL?cg1LR\NE]L`0`g1LP\NDdLc0Wg1Mo[N@lLc0Tg1Om[N^OPMd0Rg1Nl[N^OTMe0nf1Nk[N^OYMn0af1D^[NUOWM;l0l0_f1D[[NZOUM7X1e0Xf1POVXNd0R3ESM4_1a0^f1IkZNEUM1d1`0]f1MdZN:QOG[f11QXNTOT2U1L[OPf1@lWNf0O_O6Id1X1`0WOTf1n0WYNMh0SOSf1o0RYNLQ1SOoe1P1mXNKZ1TOke1o0hXNM`1SOje1T1_XNHi1TOke1S1YXNGP2VOie1Q1UXNHT2WOhe1Q1QXNF]2XOae1R1PXNBf2\OZe1R1lWNDm2YO_e1k0_WNOT3VO_e1i0XWNBEJf3K^e1i0SWNANHc3N\e1j0nVNA6Fa3N]e1a1UWN_N`3N]e1`1VWN_Nb3L_e1^1P5K:F7J9G:F`XSf0
20140420195854Bh_13,lWSk11mo14N0O100000O100000O2O0000000000O0100000O10000000O01000000O1000O1000O100000O100O010000O100000O100000000O0100000O100O1O100O010O1O001O01O10O0010O01N100000O2O000010O01O010O01O0001O1NXiXo1
20140420195854Bh_14,ielR21no12N2O00000O10O010O0100O010O00100O100O10O11N100O10O010O1O101N100010O10O01O010O01O01000O0100O1000000O10000O01O010O1O010O1001O1N10000001O001O001O0000001O01O1O1O1O02N1N1O3LSYig1
20140420195854Bh_15,VZg]34io16K3M3L3N1OO1O2O1O1O0O20O1O101OO1O2O0O2O0O1000O1O1O0N3VOHjQN:Wn1J`QN:bn1`03L3N6K<B5L5I`gn?
20140420195854Bh_16,UUeT12lo13N2TNNgSN3Wl14bSNM^l16]SNMbl16[SNKcl18[SNHel19ZSNGfl1:ZSNEdl1=`RNF6LZm1?`RNG4I[m1b0aRNG1H^m17lRN2CGbm14PSN4[OJem11RSN4YOKem10USNOUOE4;cm1NWSNL^O4\m1NlSN1Ul1MnSN0Tl1NoSNOaiRj2
20140514195854Bh_1,c\kT33ko13jPNN[n13eQNOWn13hQNNUn15kQNLRn16mQNKRn16nQNKPn17nQNJRn17kQNKTn17jQNJVn16hQNMWn15eQNM[n1m00O100O102M1O2OO2O1OO010O000O1N1L4O2N2O1N200O2N100O1O1O100O2N001O1N2O1N101N2O1O1O1N3Kbcfg0
20140514195854Bh_2,dVUX36io11O1N200O1O1N2N2O2M2O1O10000000010N101O0O1O1O100O1000001N2O5K100O0O0O0NO30110O10O100DQOeQNS1Xn1=M2O0001O0O1O1O1N2N2O001OO01J6N11O1001E;M3M4K5L5IRk`c0
20140514195854Bh_3,Tbhb23lo12O1O1O1N2O0O2O1O1O2N3N0O10O001O001O1O0000O010O1001O01O0101O1O000O010O1O1O000100O2N2N102M2O0O010001O1O010O000000O100O2N1O1O01O0O2I6O10100O2O1N100O1000000O1O2N1O2N]\SX1
20140514195854Bh_4,[__V2<co13M100O10O01O0nNCoQN2Kb0Un1_OmQNn0Tn1TOiQNl0Wn1>00O1O1N11AkQNQOXn1m0?00O1L4K5O2OO01ON2N20O2N2O1O2N2N2N3M2O1O00O2O000O10O1O2N101N1O1000000000001O1NYbne1
20140514195854Bh_5,n\SV11ik12XXN2eg1OZXN3eg1NZXN1hg1OVXN2jg1NUXN2mg1OPXN1Qh16gWNKZh16bWNK`h15^WNKdh16YWNJih16UWNKlh16QWNJQi17dVNC[M7Sl17]VN1fi10VVN1ni1OmUN2Xj1LdUN5`j1KZUN8ij1HRUN9Rk1HiTN8Zk1K_TN6dk1IZTN7ik1HVTN8lk1GUTN6nk1ISTN4Ql1JPTN4Sl1JlSN5Vl1LgSN5[l1KbSN5al1J[SN9gl1GTSN;ol1GjRN<Wm1H`RN;cm1o03G8M5L4L4E;J6J7IPeVg2
20140514195854Bh_6,`T]U23lo1101O0O2O001O1N101O00O010O010O01O10O0000000000000001O0000O1000000001N001O1000O011N0100O1O1O01O1000010O0O2O1N2NQmRg1
20140514195854Bh_7,\b\R27io12O000O0100O010000O105J9H000001N2O1N2N2N1O2N3N1O01N2O1O100O3N0000000O1N2O12N11N01NiPNAmn1?oPNDRo1e01O1O2N10O12N3M1O20N5L0O00O31OO1O2L100001O10OiPNJdn1h01O1N1O3L3L4J6K5L4MTYkh1
20140514195854Bh_8,mble05eo17M3O0000000O100O10O1M3O10000001O00O100O100O10000000001O10000001N101O0O10000O7J2N1N110O4L2N2M9G4L2N10O001O1N6I4L4Ma0^O3N3LP\YV3
20140514195854Bh_9,kn\k23mo11N2O1O100O01O00001OO1000O10O1O10O10O00100O001N2O000O2O0O001O1O1M3O02N1M4N2N3LRRSR1
20140514195854Bh_10,XbdY23jo14M2POJURN7jm1MRRN4nm1NoQN2Rn11jQN0Vn15bQNM_n16]QNKdn1h01O1O001O1O001N2O2M2O1N2N9G2N2N1N3N2NW^cd1
20140516234034Lh_1,ob\]12mo15K;F3L2O10O1O1N10000O101O00010O1001O01O01O0000001O1O10O000O10000O0100001OO100O1000O10O2O00101fPN^OQo1i01OO001O00O101O1N2O1O0O10001O1N10001O001O001O1O10O1O001O1O1O1O1O2O2M100O01O0O101N2O0O2O001O001O1O1O00010O01O2N2N1M10J6O2N100N3MSQNLTn11mQN4om1LRRN5nm1HURN8jm1FZRN8jn1N00aPNJSo17iPNMVo1`00OO0100O2N2O0O1O2OO010O0010000000O1000O1O1O1N1N3N2M3M2000^OUQNNln1OZQNMbXYY2
20140516234034Lh_2,Y]al12lo13N1O100O001O0O2M3M2O2O1O001O0000001O00000000O100O10000O10O101O0010O01O000001OO2O0001O0O101O001O0O2OgMEnTN;Rk1HkTN7Vk1KhTN4Yk1OcTN1_k12\TNOdk15TTNNnk15`SNAVO=\m15hRN\O4k0Um1^12O2M2N3L5K4L5gNlQN?Yn1\OaRNJdm12W1N3M\fPo1
20140516234034Lh_3,nhPn26io12O1N2N2N6J9G3L3N2L3K6M4L6L2M5L3M20nMRRN02l1cn1A1M;E10O2M4L3\QNiNXn1`10O1O3N4K5K3M2N1O1O0100O100O10O2N8G4L5HmTSo0
20140516234034Lh_4,^dhW27ho13M3N7J1O3N03M1O1N1O1O0001O1O1O0O0O2O2M2M3N2NWOVQN?hn1A[QN>cn1B_QN>`n1@cQN?Po1O100O1010000O01O3M1O001000003L2N0001N1N3K5K5LcYSe1
20140516234034Lh_5,caoS15jo11O1O001N2O1N200O0010N10N101O10OO200O1N2J51N3M3O1O1O0010001N2O1O0O0010O010O01O01O000O2N1N100101O1O2O0O10O01OO11O00000000O100000O100O1O100000O100O1100O001O100O01O010O01O1O1Nl`bf2
20140516234034Lh_6,oYgg22lo13M3N001OO01O1O1O2N101O00O0100O2N1O2N0J7O0100O1O1N1J7L3N3O100001N2O1000O1O2I`Pj0NgoUO2N1O1N11O0000000001O010O001O00100O010O10O010O010O1O01O0100O0010O0100O10O010O010O10O01AKRQN5ln1ORQN2ln10SQN0mn10TQNOkn13TQNMln12TQNOjn13WQNLgn16YQNJdn18\QNIdn17\QNIdn16]QNJdn15\QNKfn12[QNM]o1OO10O10000000000O2N2OQihP1
20140516234034Lh_7,WRQQ24ko12N3M10000O10000O100001O0O2O001O1O1O10O100O1O1O100O001O0`SNJWi16gVNKYi15eVNM[i13dVNM]i13aVNO_i12_VNNai13]VNNdi12ZVNNhi13UVNOki12RVNNoi14iUN2Wj10fUN0\j10cUN0]j11bUNN`j12^UNNej12XUNOij11UUNOnj11oTN0Sk10dTN@_Na0Pm10[TN7hk1IVTN6nk1KmSN6_l1BPSNGCg0am1BhRNk0[m1UO`RNl0dm1e04H7C?G8K6D<JflVk1
20140516234034Lh_8,kZai03lo11O1O100O10000O001O1O1N1O1000O2O001N100001O1O1N101O10O000O01N2O1O0100001O1O1M2L4E;0O2N2N1N3K5J6N2N2O2M2N2M3OSgPS3
20140516234034Lh_9,eTSo22lo13N100O1O10O01O1000O10O010O10O01O01O001O010O0001O01O000001O01O00001O01O0010O100NVlZn0
20140516234034Lh_10,]`Rn23jo16K6K4L3M3N1O10^OlPN8To1CQQN=Xo12O1N2O121MOO100O10O01001O2N2O4NN0OO1O1N2M3N2N2N3L[^go0
20140519195834Ch_1,aRYR34lo12M2O0O1HJePN7Zo1800O10O1000000001O0O10000000O100O1000010O000O100O1N2N10010000O1O1fTNEPg1;nXNGRg18mXNITg17jXNKVg14bXN5_g1J]XN:TM@`i15YYN?RM@di12RVNId2k0ZMCQj1ImUN0b2h0\MAVj1;ZXNo0hg1ROTXNj0Sh1WOjWNi0Yh1WOcWNj0`h1UO\WNn0fh1ROUWNP1mh1POoVNR1Si1VOcVNj0_i1VO^VNk0di1UO[VNj0hi1TOVVNm0mi1ROPVNo0Sj1QO[UNPO@P2Wk1ROcTNn1_k1X12M3M3L5M3L4M3AmSNlLVl1Q3mSNlL[l1j2b0J5J5H8`N^RN:hm1D[RN7km1VOhRNb0WOZOUo1a0Zkjh0
20140519195834Ch_2,_]Uj24ko1100O1000000O0100O1000O0010O01O00100O1O1O1O0O2M2010O100O10O010O10O01O10O000001O100O1O1O010O0O2O0O2M2O2I6010000000O10O1N2N1O2N2O1M3M3MJ7O200O1O0011O001N10N2M3O2M3O1N2O2M2O1M3N100O101N2N2N5HWelo0
20140519195834Ch_3,kZif02a01c1:dj1GbSN>_1Nnj1F^SNd0^1FTk1k0`SN[O7MXl1f201O0100O002N2N1O2M3lNbSNcN`l1Z1eSN_Ndl1Z1V1aNcQNS1hn1TO\QN5gn1H]QN4en1I_QN3en1J^QN3PclW3
20140519195834Ch_4,kYYh04ko11O1O1O10O10O0010O01O0O100O11O000O101O10O100O1000000001O00010O010O0001O01O01O001O101N2O0O001O1O001O0001O1N1000000001O00000000O2N1O2N1000O010O1O001O101N1O2N2N2N10O101N3M3N00O001M3N2N2O0N3N1OJnPN@Ro1?8N20001N2N2M5LXgVQ3
20140519195834Ch_5,nTio12lo13N1O1O10O1O1O010O01O1O001O1O1O1N200O001000000000O010O100O101O00O10000O0100O10O0010O0100O00010O01O00100O001O01O00000000O2O01O00000000000001O1N2O\ldk1
20140519195834Ch_6,VPS?2lo13O1N101N2O1O1O1N1O2O2N2O0O1010O00000O0101O1O15J3M1N100O1000O2O3M1N2O1O4L2OO8G1O2O1O04L0000000O1000000001O2M4L4L2N1NhmV]3
20140519195834Ch_7,dgRd25jo12O0010O010O01O001O001O000000O1O1O1000O1000000001O00001O0000001O0000O2O0010O01O1O10O01O0010O02N2O7I1OO100O1O1O10O01000O00O2O0N3N2N102M4KgWcW1
20140519195834Ch_8,[ejd22lo13N2N1N2O010O0010000O2O01O010O0100O2N2O1O0O1000O100O100000002N10O01O0000O10O01000N9GnY_X1
20140519195834Ch_9,U[Ud12no11O1O001DMiPN3Vo1NjPN3To1OkPN1Uo1OlPN0To10lPN0To10lPN0To10lPN0To10mPNOSo11mPNORo12nPNNRo12mPNORo12nPNNRo12nPNNQo14mPNMSo12nPNNQo13nPNNRo12nPNMRo14mPNLTo13lPNMTo15iPNLXo14gPNLZo1<1O001O1O001N101O01O01O0010O01O0100O10O010000O10001O001O0000O100000001O001O0000O10000000000O1O000ON3N2O1O010000O100O2O0O1N2O0dN1jRNOUm15hRNJXm1:eRNFYm1?dRNAZm1e0bRN[O^m1i0]RNYOcm1a12N2M4K5hNlQN<Yn1XOWRN`0in1J5L`Pl0GjoSO1N2O1N2^OKWQN6hn1MTQN6kn1LRQN5nn1LQQN4on1MoPN4Qo1<010O01AYOfQNg0Zn1\OcQNe0\n1]OaQNc0`n1>1O1O1O1O1O1N2N2N3N1BRQNIPo13VQNJao1NdgdR2
20140519195834Ch_10,i_WQ29eo13N1O1O10O100O1O1O1000O2O00000O1O1O1O1000010O001N2O0O2O0O010O01L3O2M2N201O010O010O100O10O1O001O10O001O0010O00100O100O1O010OO2N2O0010O100O100O100O1O0100000O100O2N1O1O1O10O1N2O1N2O2N100O1O001O00010O001N2O2NdaZh1
20140519195834Ch_11,^enU31lo14N2N1O0O20O0O10N3M201O01000O11O010O2N100000000O100O3M2OO00001O2N4M0O11O01O004RQNAQn1`0nQNAQn1`0mQNATn1>kQNCUn1>hQNDZn1<bQNF`n19]QNIfn1g01O2N2N1O1O1O2N1O1O1O1O1O1O1N2O3L3M2N2N2M_Yke0
20140519195834Ch_12,fiXa03lo12N101O001O010O001O00100O001O001000O3N1OO100O01000000O02O000000O10O10000O0100O100O100O001O1O001O2N\Uc[3
20140519195834Ch_13,djfT14ko12N2O0O101O000000000000001O0000001OO1000O1000O101O0O1000000O10000O100O1O1O1NaUkh2
20140519195834Ch_14,n_cj02mo12O1O1O1O1O0100O01O1O00001O010O001000O1O1O10O0001O010O00001O01O0010O00010O000010O010O01O001O2Ma_\R3
20140520200054Bh_1,a]QQ35io13N3L3N2O2M3N100000O3M4M1N1O1O1O010O000001O000000000O10001N10001N100O2N1O1O100O10O0100O010O1O1O100O1O1N2O0O2O00000O2O01O01O1O001000O0100N101N1O1L4O2O0000000000O2N10O1O10O02O0000001N100001O001N101N3L3O1O1N2N2O1O001O0000001N2O1N3M5J]dfg0
20140520200054Bh_2,Pdbl23lo1101N101O001O2N100O100O010O010O010O1O1O100O1O0001O01O01O1OkPNCgn1>TQNHkn17TQNKkn17RQNJon17nPNJRo1c00O00001O01O0000001O00001O0010O01O01O0010O01O001O01O01O00100O010O10O011O1O3L4M2M6K2M2O1N1000001O1O3M2N1O0O101NPOVRNLim11[RNNdm1NaRN2_m1KdRN4\m1KgRN4Ym1KiRN3Xm1LkRN0Xm1MnRNMUm11^1O1O2N1O1O2M]Zml0
20140520200054Bh_3,a^[n05io12F:N2O0QOC[RN>nl1>mRNBRm1g0gRNXOWm1m0eRNSOZm1R1bRNnNRm1V2M2I7O1O2K4N12nNlSNmMB2cl1m1U1N1O001001O_O[RNjNdm1R1eRNjN[m1T1kRNhNTm1V1l0N2M3E;L5N2O0O2N2O1O0O2O1O10000O01O10O0010O10O10O0010O010O0001O000010O1O010O010O10O0100000O1000000001O0000000001O000000001O000000010O0001O0010O01O0100O0010O0001O000010O0000010O0010O01O0010O0000100O000001O000O10O0100O01O01O01O01O0010O0010OO2O1O0O1O1O0101O1O2M3N3Lfffg2
20140520200054Bh_4,iTo]25io13N2O1N10001O000000000O1O10O01O10O01O01O00001N010001O010O010O010O1O1O0100O000001O001O0O2O0O2O01O01O01N2M201O001N1000O110O010O0100O001O001N2O001O1O1O1N3MglV]1
20140520200054Bh_5,hZUS24jo14M2N1O1O10O001O10O010O10O10O10O010O100O01O010O010O010O1O100O1O10O01O001O00001O00O1001N100O100[ODeQN>Sn1NfQN4Vn1m0O01O001O1N2M4K4N3VO\QN6in1@bQN;To1L5JQglh1
20140520200054Bh_6,e`cV21no13M2N10000O1000O01000O1001O001O001O001N10O10O10O100O100O01000000000001O00000O1000000000O10000000O1000000O010O1O010O100O1000000O01O0010O01O000001O001N2O1N2N2O1000O010O00100O100000001N1000000000000001O00001O0000O1N2N101O01O100O1O10O01O0100O1O001O000010O100O001O010O0010O010O1000000O1000000O10001O00001O00001N10001N1O2O0O2Ng`Z_1
20140520200054Bh_7,hhlh04ko13O1N2O1O2N102N0O000000O010O010O00100O010O010000O1O010O001O001O0001O100O0O2O001N100O1O100O1O1O1O2N`VoS3
20140520200054Bh_8,gofQ23ko13M2N2O1O01O01O001O1WOIgQN9Wn1i0O1O101N201<ILO1RO[QN<Uo110O01O000010032LO00O001O1N101O01O1O1N3N5K2M2N2O1N1O1O1O1OjnTk1
20140520200054Bh_9,WWQ_18fo14M3N2N1O1O1O00O1O010O001O0O2O1O1O2N1O100O1000O10001O0001O0O2O001O2N1Njhf^2
20140520200054Bh_10,PoXe05io13N2O1N3N3N001O6I2OO10O0100O0010O01O10:E2N10O1000O100000000O0100O0010O01O0001O0001O010O1O101N102N1O0001O1N1O100O1O100O10O100O10O10O1O010O0010O01O000001O010O0101O001O001O0O10O1O1O1N2N4IPolT3
20140526195834Ch_1,baoX29fo12O0OO2O00O1N2O100O1001O1O00100O01O010O10000O10000O01O0O2OO1O1J7M2O20O0O101M2N2O01O0001M300O02L300O101M3L4N110O01N2N3M2N3M1O100OUOETRN;lm1GQRN:Pn1IlQN7Un1KhQN5Yn1NcQN2_n10\QN0fn1d02N1O2N2N1O1N2O1O1N1000O1O100N2O1O10001O010O010O010O0001O1O010O1O1O10O01O1000O1O1N2O10O010O1O1O1O100O1000O1O1O010001O1O3L3N1O001N101O0O2O0O1000000O100000O010O1O01OO1N20000001O0010O01O01O00000N2O1001O00000000O1O1I8O1O01O2N3M3M2N1O1O010O0010N10001O0001OO1000000000000O1O1O01000000O1000O1O101N1010O100O100O100O1O1O1O1O1O0010O01O00001O100O1O101N1O_djW1
20140526195834Ch_2,hnhV14lo12N1O1O1O1O01O010O01O00010O0100O0100O10O010O01O000010O01O001N101O0001O0000000OO2M2010000001O000000001N200O1O2N01O01O010O1O00000001O001O0010O0001O001O01O0100O1O001O10O010O001O00000000010O001O10N10000O2O00000001O0O1J`PNKao146O10001O0O101N2NaPma2
20140526195834Ch_3,bgfm25ko11N3N1O10000000000O10O10000O1001O1O0O1000O100O10000001O1O2N1O00000000001N0010000O02O1O1O10O000000001O010O0000O010O10O010O10O010O1O1O1O100O1O10O1O100000O100O10O00100O001O01O1O001O0001O1O001O0010O0010O00010O010O10O0001OO1000000O0100O100000001N10000O2O1O0O2O00O100O1O1O10000O1000O010O01O1O1O00001O000O2O1N2O1N^Veh0
20140526195834Ch_4,mW_Z1a0^o12O1N001OF:0000000001N101O001O001000O01001N100000001N101O0000O001O001O010O10O0010O010O0100O010O100O10000000O100O10000000010O001O1O1O001N1OhhTa2
20140526195834Ch_5,oSmo19`o17N2N2O00N3M2O1N2O100000000O10001N2O010O1O10000000000001O01O0001O0000001O01O01O01O0100O010O100O1000001O1O1O1O2O0N10007H100O010jRNZOPk1g0mTN[OTk1e0jTN\OXk1c0eTN_O^k1`0]TNBek1>XTNCkk1=QTNCRl1>jSNCYl1=cSNCal1?YSNAkl1`0oRNAUm1`0]RNIfm1V14M2N3M4M1O1O2N1O1N5L`0^O5L2M4L4H_j\j1
20140526195834Ch_6,^ZoQ32lo12O100O1O100O010000O101O0O100000000000O1000000O20O000001O000O01000O100O010O1O10O10O100001O00000O10O10000O100O2O0O1000O100O010O101O00000010O010O010O01000O0100O010O01O01O001N3Mfe`h0
20140526195834Ch_7,RY[T11no12O1N10001O001O00000O100000O10O100O10O1000000O001O010O0100O100000001O00010O010O0100O010O000010O0001O01O0000000O100000O100000000000000000O10000001O001O00000000000000001O001O1NnfTf2
20140526195834Ch_8,lijd14jo12L4N2M2O11O0O10O11OO101O01N100001O2N1O1000001O000001O000O10O01M2O20O010000O000000001O1O0101O000100O1O100O100O001O1N2NmV]W2
20140526195834Ch_9,fZg]12lo13M2N2O0O100O1O1O200O10001N1O1O1M3N1OO10001J6M2O2O]NL]SN3el1NYSN1il11TSNOml12QSNNQm13lRNMVm13iRNLZm14cRNL`m13^RNMdm13YRNNim12TRNOnm11PRNORn11lQNOUn12iQNNYn11fQNN]n12aQNNan11^QNOcn11\QN0en10YQN0in10VQNOln11RQNNQo12nPNMTo13kPNLVo15hPNJ[o186O001O0O10001O0O1O1N4M\g^^2
20140526195834Ch_10,oeXV18fo14L3N2N3N1N2O1N2N2N101N1O1000O01O01N1ETQNCmn19?M3O1O100O101O000O100001O0O1O1N2K5N20O002N1O101O0010O001O0O2O000000N2N2N201O0001O001O10O00O10000O1000002N2O00O0O2O1N2O1N2N2O0O3M`Z]d2
20140526195834Ch_11,dXeQ33ko13N2N1O100O001O0N1O100010N2O1O1001N101O010O0000O1O100010O01O1O0100O10O010N3N1N4L`hhk0
20140526195834Ch_12,SXUn04jo13N1O2N1O1N2M2N3N1N02OJ6O10O2I7M4N2NRidP3
20140629195814Mh_1,Q[iT26co19L3M3N1RMBfUNL\Ne0kk1DeUNI^Nd0mk1FaUNGbNc0lk1K]UNDeNc0<[Oej1e0RVN^OlNf01BHHjj1d0^VN]OnNh0NOej1K^VN@nNg0L0hj1J]VNAlNl1ij1bNZVNQ2hi1oMVVNQ2li1nMSVNQ2oi1PNoUNn1Tj1SNiUNm1Yj1TNeUNk1\j1WNaUNh1bj1YN[UNe1ij1bNcTNlN2b2^k13eTNVNgk1f1jTNfMYOEPl1`2nTNfMYk1W2Y1N1O1J6O010O2N1lNXRN0jm1NXRN0jm1NYRNOim1L\RN2em1M]RN1em1N]RN0dm1O]RN0dm1O]RNKim13R1O2M2O2OO2O00001O000010O0O0010000000000000O2M2O100O20O01O000000O100N2O101O00O01000O2O000000000gNCoRN=Sm1FiRN:Xm1GfRN:Zm1HcRN8^m1H`RN9am1H[RN;em1FWRN<km1CSRN>om1AoQN`0Rn1AkQN`0Wn1@fQNa0[n1_OdQN`0_n1A]QN=gn1=2N1O1O1N2O1O002O0O2O1N2M3N1O1O2N10_LG[WN8dh1LZWN3eh10ZWN0eh11ZWNOfh13YWNLhh14XWNKhh16XWNJhh16XWNIih17VWNJih18VWNGkh19TWNGmh19SWNGmh19SWNGlh1;SWNDnh1=QWNCoh1=PWNDQi1<nVNCSi1>kVNCVi1<jVNDYi1:eVNG^i17aVNIai16]VNKdi14\VNLdi15ZVNKhi14WVNMii14VVNLki13TVNNmi12RVNMPj13oUNMRj12mUNOTj11kUNOVj11hUN0Zj1OeUN1\j1OcUN0_j11_UNNbj14[UNMfj14XUNKij17UUNIlj17SUNInj17]SNAR18bk19PSNK[1Mek1k0YTNUOgk1l0VTNVOjk1m0RTNTOnk1n0nSNTORl1m0iSNWOXl1i0dSNZO]l1e0aSN\Oal1c0ZSN_Onl1=mRNDYm1_13M2N4L3M2N3Mg0YO6I4L3L4N3M3M3L6JUlb_1
20140629195814Mh_2,URe[17eo14N2N2N10O001M2010O0010O2O1O10O001N2O0001N1O1O2OO10001I6001O001O001O1O1O000O001O10O1O1O1O1O01O0001O0101N10010O000O10000010O00000O101N101N10O100O011O001O100O010N3L4LiPU_2
20140629195814Mh_3,_\Qc0:do13O1O0O100O100O101O1O105J1PL_O_XNa0^g1JZXN6dg10YXNObg19[XNFag1a0]XN_Obg1d0\XN[Oeg1i0WXNVOjg1o0QXNPOQh1`1^WN_Neh1a1YWN^Nlh1ETUN[1m1oNTi1AXUNZ1`1WOoi1i0lUNYO]j1a0_TNTOJ?kk1<kSNF22Vl1YOfSNk2nl1I3M3M1O2N1M5L3N3M5K4M3L3N2M3M6G7F:J7I8IhdjY3
20140629195814Mh_4,]Z_o02mo12N10001N101N101N2N1O2N1O1O1O01HcPNM]o11gPNMXo14iPNKWo14kPNKTo15<O01O000O2O000001M[fdn2
20140629195814Mh_5,cTUV35io12N2M101001N2O001O10O0100O0100000O100000O10O10O100000001O010O10O10000O10O10O010O10O10O010O1O002N2N\kff0
20140629195814Mh_6,Znbc268LWo17fPNKYo16dPNL[o1>0O00000O2O1N1O2O0O2O00001N10O0100O01O1O0O2N101O00O1O1001I6M4M2000O001BmPNOUo10mPNNTo11nPNMSo11QQNKSo10QSgY1
20140707023654Uh_1,^XmV31lo14N2N3M2O2N3M3L3N2M4K3M3L3N2N2N2N2H8M3N2O1O2N100N1N3LTO`RN_OZm1f0jRNWOVm1h0PSNTOPm1i0VSNSOll1f0^SNTOel1h0\1M4L4L4K6IRiff0
20140707023654Uh_2,[]co22lo14N001N2O1N3N1N2O2N1O1O1O010O1N102M3M2N1O1N2N2N101O01O1O109F3N1O1N2N3K5KgbRn0
20140707023654Uh_3,bl`g23lo12O1N1O010O1FNdPN4[o1801O010O100O10O01O01O1O000001O0010O002M_KAeYN>\f1DbYN<]f1EcYN:^f1G_YN:bf1F[YN<ff1ESXNJnMe0Pj1AoWN1kM?Wj1@lWN6hM:^j1@gWN=fM1fj1CbWN?dMOkj1B_WNd0bMIQk1D[WN`1gh1_NWWNb1jh1_NTWN`1nh1`NPWN`1Ri1aNkVN\1[i1dNcVNZ1`i1fN_VNY1di1gNZVNW1ii1jNUVN5QN6Ql1FaUNJ^N96IUl15TUN>`k1C^TN<dk1FZTN9hk1HUTN7mk1KPTN4Sl1MjSN4Xl1MdSN3_l10ZSN1hl19lRNGVm1:fRNG]m18`RNIbm1Z12M2M5J6G7B=K5J6L5J5JYXQT1
20140707023654Uh_4,]hn]28co16N1N2O1O0100O00100O101N2N101N10000000O100O100O00101O0O1O100OO2N1010O0010000000000O100O100O10001O000001O00000000O100020O101N21N0OO100N2O1NhWe]1
20140707023654Uh_5,dYaS17io12N1O104L10O0001O0001O00O01000O01O10O10O0100O010O1O002N1O100O2O0O1aQN^O^m1c0`RN_O`m1`0_RNAam1?]RNDcm1;ZRNHfm19WRNHkm17RRNLom13nQNOTn11hQN1Zn10bQN0an1e03M3L4M3N2M3M3N3M2N5K4L4JPenh2
20140707023654Uh_6,^^io1<[o1:TQN_OTn1d0jQN_ORn1e0kQN]OSn1d0mQN\OQn1g0oQNYOom1g0SRNWOnm1h0TRNWOlm1d0[RNXOgm1g0j0N1O2I6O10000O100O1000O2O1O1O1O1O1O0001N1O2N2N2O001O100O0010O10O01O1O2N1O001O0000O10N101O101O1O001O001OEjPNMWo12kPNKVo14;01O1O0O2Nnclk1
20140707023654Uh_7,]_e`23ko13M101O10O1O0000O1O10000O1O1O1O1O1N1]OMYQN5fn1a0011O101O0O100000O000O100O2O0O200OO2OgQNUO`m1h0bRN\OZm1d0gRN]OXm1a0kRN_ORm1<WSNAil1=_1N1N3N2N3N3HacV\1
20140707023654Uh_8,dPY`0:do13N3N1001O3OO9G00O0000000012N3M1N000000O01O100O22M1N10O010O010O10O1O1O1O1O001O0000O101O1O001O1O0O1O2N100N10100O0100O1001O00001O1O2N2N1N2N100001O1N3N3M00001O002N2N1O100O10O010O0O100O1O1000O100000001O000O2O0O1O1O100O0001O01O0O2N2L4N100O2N101M2O2N2OWnnW3
20140707023654Uh_9,P_]`14jo13N2M2O100O10O1O0010O010O10O10O10O100O10O010O100O101N101M200O0001L4N110O10O10O01O10O10O1O100O0010O1O001OO100N2M3N2O1O10O1N2M2L5O100O101N1O2O1NibR[2
20140707023654Uh_10,UPcm23ko13N2M2O2M2O1O1O0001M201N101M11O1O2N1O2O1O0000O2N10001O001O0010O01O1O00100O0001O000001N2OSQco0
20140707023654Uh_11,Tjd_22mo14L3N1`PN1nn1d0M1O3NO7J1N3M2O3L001OO20O001O1O001O01O10O01O01N2O001N100O2O000000000O010O010O010O00010O00010O00001O10O01O10O0000001O0000001N1000001O000000000000O1O0100O100O1O10000000000001N10000000O1O2N10O01O10O1O2N1L6KoSgY1
20140707023654Uh_12,\h^n2;do13N00100000O101N1000gPNFkn19TQNJkn16TQNKkn16TQNKln15SQNLln15TQNKln15TQNKln14TQNMln13TQNMkn13UQNMln13RQN0mn1b0000O2O001N1O100O1O1O2N2O1O1O2O03Mi0WO003M00N3N2L7Ia0]O7IUUan0
20140707023654Uh_13,bPe[14jo19I6J5K3M101N1kQNUOTm1j0XRNZO10em1h0URN\O4Ngm1V1WRNlNhm1W1SRNkNmm1f1M2O1N1O01O0VNZRN[1gm1bN_RNW1em1hN_RNo0hm1nN]RNj0cn1C>Hcnjb2
20140707023654Uh_14,^Ta_11ko16K4L3N2N2N100O1O2N1M2N3O0O1O0001N2M2K7M3L5L4N4LUml^2
20140707023654Uh_15,[Uob29co16K5J6L4M2N2O0O1O1OZOZQNH4Lbn1;g0O1O1010O000010O00100O01O0100O100O1O2O0O2N`knZ1
20140707023654Uh_16,UhdZ15jo12N101O000O100O1000000001O010O000001O0000000O2N100O1O101N1K5L5M2N3M2N3M3M3N2O3M2N2N:G3TRN[NVm1Y2O1OhNiRNFVm1VOlRN?69ml1WOoRN=8;hl1WORSN<?7]l1]OUSN;c08Tl1\OZSN:g0:lk1[O^SN:i0:gk1[ObSN:j0<bk1WOfSN<k0;Rl1DQTN:ok1EZTN2gk1NbTNG_k19T21O100O010O10O0100O1O100O1O2N1O1N3M2O0O2O0000O1B?FPXS`2
20140710020754Uh_1,aih`22ko15L3N1N1O2O0010O0000O10O01O2N100O01OO11N101000O2O001000000O1O2N1O1O2M2HWOXQNi0hn18000O101O1O3M2M4M1O1N101O1O1O0010O01O01O1O1O100O1O3N2M2OO10000O10O100O2O1N1O1O3M2M3N1N2O00001O000O101N100O2O1O0000O1O1O1O101N1O1O1O1N2O101N1O101N101O0O101O000O2F:L3O2N2O001O1N3N2MSWYW1
20140710020754Uh_2,WY[U24io16L2M3N2O1N3OO103N00O010O00000000O10000000001O1O001O0000O010O1O1O010O0100O100O11N100000O0010O0lQNFcl1:[SNGel1:XSNHil18USNHll19RSNGPm18oRNIQm17nRNISm18kRNHVm18fRNLZm14aRN0am10\RN1em10XRN0km19fQNK[n1k03N3L4M3L4L5J8G9GQeZf1
20140710020754Uh_3,c^hW1;co13M;G2M7K1N1001O2OO1N2O2MTOXQNb0gn1YO`QNd0`n1YOdQNf0ln1O1O1O1O2N1O3M2M2N2N2N1O2OY`]f2
20140710020754Uh_4,cZkR14io16mNKRRN9lm1JkQN=Tn1EgQN?Xn1DcQN?]n1c0O0O1O0O2N10^OiQN[OWn1d0nQNYOQn1f0TRNVOmm1h0e0AVQNJjn16`00H8O10000O0YOZOWRNe0hm1BSRN=mm1FlQN?Qn1FjQN=Un1FgQN<Xn1g0M2O2O01O2O3L2M2O0O2^OmQNVOTn1?dQN@on1?9O1N10001O2N2N2O1NUini2
20140710020754Uh_5,l`YV14ko13L3N1N3L3N2O0O02M201O1O1O1O1O010O00000000001OO2O0O2N2L2010O2N110O1000O100001O0O101N10000000000001O001N11O00001OO100001N2O2MT`he2
20140710020754Uh_6,o]kj19eo13L5K6J5L3M3N3L3N_O[QNJbn17aQNG]n1:fQNDXn1;lQNDRn1;SRNClm1;XRNCgm1=]RNAbm1>n001O1N2O2N1010000010O1O00100O01N2O1O001O00O10O01O10O011O0000O10010O01O10O0100O100O10000O0100O100O01O10O0010O01O00001N1O2O00100O01N2N2O1O0001O001O1N100O101O0001N11O0O1O1N2O0L5O11N2M4K6K5L4KbeVn1
20140710020754Uh_7,RcSg21?3kn13mPN2Qo1?00001O0O2N1O100000O100000001O0010002M1000O0000000O0100O0010O010O010000O10O01O1N2N2O00100O1O0100O1O1O1N2O1O1O100O100O10O00001O1O10O10O10O1O0010O0000001O0010O000001O001O01O001O1O001O10O010O10O1O1O001O000O001000O2O0N1M4O11O01O0001O0M4N1O0000N2J6002O0O2N2N1O2O0N1O200M3N3N2O1O2Mg_TP1
20140828080414Th_1,R^aa22co13`PN1^o19O1O10O100O10O100O100O1000010O01O00000000O1O1O1O2N1O1O1N2N2O001O000001O10O00010N20OO2OO1O2OO2M3N1K6N1010O100O2O1O0O1O1O10O0100O010OO2O1O100O100O10000001O1N3N1N2OO1O100O100O2O1O0O1O10N1O101O0000O1O1O2O0O100N200100O1O001O1OcNkNRTNR1ok1oNQTNo0Ql1ROnSNm0Sl1TOlSNj0Vl1VOiSNj0Xl1WOfSNi0[l1WObSNj0`l1VO]SNk0el1UOZSNk0gl1VOWSNi0jl1YOTSNf0nl1[OiRNl0Xm1UOeRNk0]m1WO_RNj0cm1h02N3N1N2N101N1N3I6M2I61M3N2O1000N2N2O2O10O10O100O010N2M3N1000O2N2I5OM32M31O1N2O1O1N1L4F900001O02O01O010O1N2O000O10OO2J5M4I6N300M201O10J6O02O@eQN\OZn1d0jQNZORn1h0b02N1O1OK7K5O2DgPNM\o10ci^Q1
20140828080414Th_2,\`Zc13ko13M2G900000000O1O101N100O2M2O1O2O1O00001O001O001O00000O101O01O00hWN[OUa1e0i^N_OUa1a0j^NAVa1>j^NBVa1?nYNSOo2>Tc1?jYNWOP3:Wc1g0]YNUOhNMT47hc1k0cXN3c3ROkc1S1XXNOh3POQd1l2g[N[MYd1h2a[NZMad1o2U[NQMld1o2S[NRMTe1f2`ZN`L^Mk0Th1c2]ZNfL\Mh0Xh1b0kWN5S2\NPNZ1Sh1KZXN8b1eNoMZ1Uh1EaXN8Z1lNjM[1[h1WOlXNe0k0?Yf1jNnXNm0iNcN]1f1lf1iNPYN^1nNQN?i1cg1hNQYN_1kNRN>g1hg1fNQYNCaNX2`0@Qh1cNoXNBeN`2L_Oeh1[NYYNZ4if1dKZYNY4if1eK^YNR4ff1lKbYNh3bf1XLlYNJ]Mo2ih1WMaZNa2_e1_McZN_2^e1`MdZN^2]e1aMdZN^2`i1O2N3N1N3QNfRNS1[m1eNlRNZ1nm1jNbQNh0`n1SOdQNl0in1O1AVQNFkn16[QNFhn1OVZkW2
20140828080414Th_3,iaj`04jo15L4L3gPNIen1l0M3M3N5K110gQNfNhm1i102N1O10O2N1O1O10O1ZRNVNSm1]2N2gRN]Mf02^k1h2RTNZMJ3Tl1c2nSNkMSl1Q38G10001O01O001O0O10O10iSNcLjk1^3STNdLlk1^3QTNdLok1g30O0100O1O10]MUTNP1jk1oNYTNSOIG5X1ik1L[TNQO:Q1Zk1M^TNPO=S1Qk1KdTNRO>S1lj1IhTNSO>T1hj1GnTNRO<X1dj1EYVN:gi1EYVN=ei1B]VN>ci1A^VN`0ai1_OaVNb0\i1^OfVNc0nMcNSk1h0QWNk0oh1UORWNj0oh1UORWNj0nh1VOSWNi0mh1WOTWNh0lh1WOVWNh0jh1XOWWNf0kh1XOVWNh0kh1cNiTN>]2n0Ri1oNoVNQ1Ri1mNPWNS1Pi1lNPWNU1oh1jNRWNX1mh1gNSWNZ1lh1fNTWN\1jh1cNWWN`1gh1_NYWNb1fh1]N[WNd1dh1\N\WNf1bh1ZN^WNh1ah1WN_WNP2Zh1oMgWNR2Yh1mMgWNT2Qk12O[N_RNIMc0cm1AeRNGMo0Um1UOUSNGJU1ol1ROiSNo0Ul1POoSNn0Pl1RORTNn0lk1QOYTNl0fk1TO]TNj0bk1UO`TNk0_k1UObTNk0]k1UOdTNl0Zk1TOgTNl0Xk1TOhTNm0Wk1SOjTNl0Vk1TOkTNl0Tk1TOmTNl0Rk1SOPUNl0Pk1TORUNk0mj1UOUUNj0jj1VOWUNj0ij1TOYUNk0gj1UOZUNk0ml1000000010O01O1O001O1N1O2OO10001O001O010O001O010O0O101O0O1O2O1N2N2O1O1OWO^QN5an1JbQN6\n1JeQN8Xn1GjQN9Un1GkQN:Tn1DoQN;Rn1_OURNL[Oa0an1@ZRN?dn1O010000O00100O100O1000O010O000001O100O1001N101N1O010O10O028IN1N100002N2N1O1N2O00O4M1O00003NiPN[OQo1k00N1O1O100O1O8H2OgPNLen14WQN0hn10VQN3in1e0M2N1O1001N5L5K1O00O1O1O100:E3N1N10001N100O2O1OO1O2L3M3L5M2O2M2N2NDWQNDhn1;[QNCen1;_QNBcn1<b0N1O2N2N2N2N2NeRgo2
20140828080414Th_4,RPYR16io17J?A2N000000O0100001O000O100O1O101N100O100O01N1010O0000G\OWQNd0hn1:HSO^QNn0`n19001O100O10O1O1O1O00M4M3N3ZO\QNLln1KXQN3\o1N101O1NVPaj2
20140828080414Th_5,lcaV25io15K4M2O2M2O1O1N102N3L2O1N10001N100O100000O100O2N101N2O1O1O2N1O2N2N4L1O1O001O0O010O2O0O3Ll[df1
20140828080414Th_6,WU[m03mo11N101O1O001O1O10O01O00000000000001O0000000000001O00100O0001O0000000000000001O01O010O00000000001O000001O0001O000000001O001N10101N10O1O1O000O10000O2O0000001O000000001OO2O0000000O1001O001O0010O001O1O1O010O1O1O2N1O0000O1O1O1O0101O1N10001O0O20O01003M1OOO101O0O1O1O2O0O2O001O001O1O010N2Omihi2
20140828080414Th_7,i_Tc23lo12N2O1N2N100O2L4M2N4L2M3O1O1O100O2O001O1O[OWQN4hn1J\QN4en1EbQN;Ro10000O11N3M3N1O101O2N4LO1N2VOlPNe0Zo1N101OO0O1N2N2RQN[O_n1f0^QN^OZ1Kbk1X1[TNjNdk1W1YTNkNgk1W1VTNkNik1W1TTNjNmk1W1PTNjNQl1V1mSNkNUl1T1hSNnNYl1S1cSNoN]l1T1^SNnNbl1T1\SNmNdl1S1ZSNnNfl1W1USNjNkl1U1SSNmN^m1c0_RN_Obm1b0ZRN_Ohm1\12lMYRN3O^1[n1N4L1O1O1O010O11O1OO001O1O1N3M3M2G=H7K2N3Lo\cW1
20140828080414Th_8,kmPP22mo11O1O2N1O1O010O10O10O001O00100000O2O00O0100O100O100O100000O100O100O1001O0O100000O100O100O10000O1O1N2O1O00O2N2N2O00000000010O00001O010O010O01O0100O010O1000O010O010O0100000000000O10000O101O0O100000O1O1O1000O10O10000O1010O01O00010O0010O010O010000O010000O1000000O010O100O2O000O100O10O010O10O010O0000010O01O1O1O00kPNM^n13_QNOan11^QN0bn10]QN0dn10[QNOgn12XQNMin14UQNLln14SQNLnn15QQNKPo15nPNKSo15mPNKTo14lPNLTo15kPNJVo16jPNJVo16jPNJPo1NmPN93Ion1=QQNCon1<RQNDnn1<RQNDnn1:SQNGmn17VQNIin16XQNJhn16XQNKgn14[QNKfn12]QNMcn12`QNLan12h0NgRcd1
20140828080414Th_9,`]mb13jo13O1O1YQNM`m14_RNN`m12^RN1am1O^RN2cm1M\RN4dm1LYRN7gm1IWRN9jm1FURN:lm1FSRN9om1GkQN;Zn1C_QNLLb0in1_OZQNh0mn110O100N3O2N2N5AgPNNaaf[2
20140828080414Th_10,jTQ_32ko16K1N30O0100000001O2N2O1_QNDUONnm1c0dRNK^m1<RRNJPn1S10003nQNXNem1S21N1O[RNmM_m1Y22N0iM]RNo1lm1jNQRN8Sn1POmRNc0^n1J3N1N2N2N1O10O01O000001O01N100000O100O1O1O1O1N2O010O10O001O1O1O001O1O1O2MnhP=
20140828080414Th_11,VhPZ35ko11N2QOLPRN5nm1NoQN3Qn1OlQN3Tn1MiQN6Vn1KbQN?[n1g0L1@bN]RN^1am1dN_RN\1_m1fNaRNY1^m1iNaRNX1]m1iNcRNX1[m1kNbRNV1\m1mN`RNW1^m1f0L5N1O200O10O1UOgRNmNZm1R1gRNmNZm1R1gRNlNZm1T1gRNjNZm1W1fRNgN[m1Y1fRNdN\m1\1eRN\NI0cm1e1b0103MkNQRN98oNXm1b0lRN:IXOYm1>QSNAD;1HYm1<aSNHVOLYm1<dSNDUOMYm1?j1O1000O1O1O100010O1O2N2N1O1O01O1O1N2O2M3M2L5K4N4L5M4K10O2M2AbQNYO`n1e0?O001O0O1001O101N100O101N2OO0000O01O2M2O1O2O00000001O1001O1N100O1000001O1AePN6\o1FhPN9`o15K1OO2L5L2M3NWXg>
20140907195814Mh_1,k\SW18Qo1K_QN;^n1ITQNd0in1=L3N2N5K3N1N101N10bNlQNo0Sn1mNVRNP1im1lN\RNT1[n1O0O0001OO0001O10O1O001O001O001N11O00000001N10000O100O10O02O6I4^OdPN9co1N100O1000O1000O10O0100O100O001N3Ni`ld2
20140907195814Mh_2,RilW33lo12O0O10000O001N1O1O2N1O1001O001O0O1000O100O1TLHPXN9Ph1LkWN4Uh1OiWN0Wh14eWNL[h17bWNI_h19]WNHdh18[WNHfh19RWNMPi12TVNBdN;Zk12QVNHbN5_k11nUNMaN2ck1OjUN3bNMek1OgUN8bNHik10dUN`0YNBTl1NbUNS1`j1lN_UNT1bj1lN]UNT1dj1lN\UNS1ej1mN[UNR1gj1mNXUNR1jj1nNiTNDTO\1Ul1POcTNJUOU1Zl1RO_TNKSOT1al1PO[TN^1fk1cNQTNb1Sl1]NkSNc1Xl1]NfSNc1\l1]NbSNb1`l1_N_SN_1dl1aNTSNEIj1Vm1i03N2N2UOlRN[NN1Xm1_1n0M4L6I5L3XOi0LnZSd0
20140907195814Mh_3,gbe]26go13N2N2O100O0010000O1O100O1O1O2N1O2O0O3N0O2O0O2N1O1O1O1O1000O1O1O101N2O0O100O1^OQQN3on1LSQN2nn1NSQN0nn10RQN0nn10RQNOon11RQNMnn14RQNKon16=0O101N10000O2O1O001O00O2N2M2O1O100O1O100O0001O1O1O1O1O1O1O1N2O2N1O100O01000000O10O2O00000O100O10O10O0100O10000O100000O2O0O100O1O1N2N20OO10000001N2O1O1O1O10000O10000000000000O1O000001O1O100000000000O001O0010O001O010O101O001O1O1O001O001O1O1O001O1O000000000010O0001O1O001O00000001N1000000O1000O0100O10O01O010O1O1O1O1O1O2N1N2O1N2N2N100FYOZQNj0en18010O01000O1O01000O2O0O2O0O2N1BVQNDmn1:=O1000000000000000000O100001O00001O1O1O0O2O0O1N1O2O1O0O2N2N1001N101O1O1O1O1N2N11O00100O1O100O00100N100O100O11O000010O0001O1N101O1N2O1O1O0O2N2O1N100O2O01O01O01O10000O1000000000O1000O1M3N1010000O10O0100000000000O10O1O1M3O1O010OO2L3M4N101O001O0O2N1O101O1O101MTblk0
20140907195814Mh_4,_]kT32lo13M2N2N1M3N2N2L400O0101N101O000O101N1O10WFFmcN:Q\1JccNLmF:`e1KjbNLPH4D6`e1KlbNOfG8MN`e1LmbNe0dG]O`e1MmbNf0dG\O^e1NobNe0dG]O]e1NnbNf0fGZO]e10]bNH]Hn0IZO]e11ZbNL]Hh0L[O^e12WbNN]He0NZO_e14SbN1]H`03ZO_e15oaN3^H1OE91[e17laN5_HLh0Eod1:haNh0Y_1XOd`Nh0__1YO]`Ng0f_1ZOW`Nf0l_1[Oo_Nf0S`1ZOl_Ne0U`1]Og_Nd0[`1\Od_Nb0_`1^O__Na0e`1^OY_N;Sa1Al^N;Za1Ed^N0bICng1=^^N0la10S^NOoa12o]NNRb12d]NCoI;`h11^]N8db1IY]N6jb1KS]N5ob1Ln\NM[c14_\NMec13V\N1lc1OP\N3Qd1Nk[N3Xd1MjVNAR40lKb0]i1JbVNGR40lK>ei1KZVNHS4i0fe1JWZN7le1HRZN6Tf1HkYN6Yf1HiXN@dMf0hi1IcXNCbMc0Pj1H]XNEcMb0Sj1G[XNG`Mb0Xj1FWXNH_Mc0]j1DRXNK^Mb0cj1BmWNM^Mb0hj1@iWNO\Mb0nj1^OoUNF>=bN>Uk1^OiUNJ>Y1mi1mNcUNM>S1Tj1PO\UNN?R1Vj1QOYUNN`0P1Zj1ROSUN0b0m0]j1UOlTN2e0h0bj1WOeTN3h0f0ej1YO^TN3e0k0nj13iTN`N]O]1mk11dTN8]k1HbTNI]OSOTl1T1\TNHDQOSl1^1oSN_O2ROQl1]2]TNbMfk1Z2\TNfMgk1Q2`TNmMfk1l1\TNTNfk1i1[TNVNgk1h1\TNUNfk1a0[SN>Pn1]OURN`0om1ZOURNd0en1D>GejPe0
20140907195814Mh_5,[lX]11lo14N1O1O010O1O1O000O10000O1001O0000000O100000000000000000000010O01O010O010O0010O010O010000O010000O0100O010O01000O1000000O0100000O100O3MoT_^2
20140925195834Ch_1,TXUn06jo12N1000001O2N7H2N2O1O3L2O1O8I0O005K4L6J3L3N4K<D1001O1O0O10O2N3N4K5L9lWNTM`b1R3X]NQMhb1R3R]NQMmb1Z3f\NhL[c1Z3^\NjLcc1Y3X\NgLjc1]3Q\NbLQd1c3h[N]LZd1e3c[NYLad1g3][NXLfd19QXNe2V3QMmd17SXNf2l2SMSe16UXNf2c2UMZe14VXNh2Y2WMbe10WXNj2S2VMie1NUXNl2o1VMoe1MSXNn2k1UMTf1LRXNo2_OjLm1=df1JPXN[3j0YMXg1[OPXN]3c0YM_g1ZOoWNJZOd04k1l0]Njg1YOWXN:XOP2b0^NPh1XOXXN6[OS29_NWh1WOYYNh2jMUNoh1ROfYNa3^f1^LiYNX3[f1eLjYNU3di1L3RMUSNc2Xm1I6L3M4K5L3N3M2N2M2N200O101O001O00101O?@3M3L4K4L4L4L3KSaVl2
20140925195834Ch_2,oPoa05jo15K3N2GDiPN`0dn1@cQNm0Wn1b0I7G9J5UOUN[SNP2\l1n0M3K5L4M4K5M2MhM]TN8ak1GcTN8[k1GiTN8Vk1QOZTN\O0Eh0m1lj1oNiUNQ1Wj1]N\TN2a1a1Rj1WNcVNi1]i1UNeVNl1hk1O010O01O001O1O0100O1O001O1O1O1O4K6YOhQNZO]n1a0d0N8H2N1O2M3N3KXnhZ3
20140925195834Ch_3,biVR16io13O0O01000O1O1O2N4L3N1N1O010O00000000O1O1O1N2N101000001O00001O000001O00O1000000000O2O001O0010O002N3N0O1O01O010O1O0100O0100O010O0O2O000010O01O2N5L1O1N100O2N101N1N3M4K4M5L3L6L1N1O0000N1J7O001O1O1N3\OaQN^Ofn1a0<100000001O1N101O1O00001O001O1N2O1O001O001O0001O010O001O01O1000ZOXQN3kn1GZQN6kn1BZQN=Vo1N100O1O010O01O00100O100O1O10001O01O00O0000001O001O001N2N2N2M3N2O1O100001N2O0O10000010O0000000000000O@oPN3Po1LQQN4nn1LTQN4jn1LWQN4gn1MZQN3dn1N\QN5`n1M`QN4^n1LbQN6\n1KcQN7[n1JdQN8Zn1JdQN8[n1IbQN;\n1f0O0O1O1O1N101O00O1N3K4000O1O2N2N1O2N3N1O1O1O1ORORRNJnm16SRNJkm18SRNJkm1W1OWOXRNZOgm1g0ZRNYOem1i0YRNXOhm1`13M1N2O001O2M5L2M2N3N3L3N1N2O2N1YOZQN0hn1NYQN2in1JXQN6kn1EWQN;Wo100010O010O10O10000O01000O010O10O0100O100O000001O001O01O01O001O00000O2O010O001O00000O100000O010O11O0O100O2N101N1O10O00001O1O010O100O1HhPNGZo10oPNN[QWZ2
20140925195834Ch_4,^_em24ko11O2O000O10000O1000O2OO10O11O0O1000O0100O00001N2O000J60001O100O2O01O1O1N2O0O100O100000000O0O2N10O100000100N2N2N2N101ON2N3O1O1N1O10L4O1O2M3L3O01O2O1O1O01_OE\QN;dn1?2N1O200O1O01O0O1000O1000O10010OO2O0O1000000O1OM4M3001O0O1M4N2O00N1100O2N1O2N2O1O01OOO2L4M3N2O1O10O1O2M3K7KndRj0
20140925195834Ch_5,Slh`23lo12O00000O100O10000O100O1000O001O010O11N1O1N2M3O100O11O0O1000ZOGeQN9Yn1MbQN4[n1i00100O11N100000001O0O1O2O1N3M5L1O1N101O00001O000O11O000000000001O000001O01O00000001O00000000O2O00001O1N100O10001OPQNC]n1<dQNE\n1:dQNG[n19eQNG\n18dQNIZn18fQNHZn18gQNGXn1;gQNEYn1;gQNFYn1:fQNFZn1;eQNF[n1:dQNF]n1:bQNG]n19cQNG^n18bQNH_n17aQNI_n17bQNH_n17aQNI_n18`QNHan18^QNHbn1a0UQN_Okn1l00O001O0_OTQNNln11WQNNhn12YQNMgn13ZQNMfn12[QNMen13\QNLdn14\QNMcn13^QNLbn14_QNL`n15`QNJan15_QNKbn14_QNKbn14^QNMan14_QNKbn14^QNMan13_QNMan13`QNM_n13aQNN^n11cQN0\n10eQN0Zn1OgQN3Xn1LhQN6Wn1IhQN9Wn1GhQN;Xn1DhQN>Vn1BjQN?Vn1@jQNa0Un1_OlQN`0Tn1AkQN?Un1AkQN>Wn1AhQN;]n1FbQN9_n1G`QN9an1H^QN6dn1KZQN6fn1LSQN8nn1>O01O010O01O\OUQN3kn1KXQN5hn1JXQN7gn1IZQN6gn1JWQN8in1JSQN7on1;3N4K3M2O1O2N1O2N001O001O000010O01O10O0001O010O01O1O010O10000O1000000O10000O101N100O010O10000O01O01OO2N1L4O2O010O0010O01O010O00001O010O1O010O0001O000O2O0O2N101O000101N2O0O1O010O000001O00100O0102N0O10O010O001O1O1O1O1O2N2O0O2OO1O2NkQmm0
20140925195834Ch_6,[Y]P26io14L5K5K5K3L3L4N2N1O^O]QNIcn16`QNI^n16eQNIZn16iQNIWn16jQNJUn16mQNIRn17PRNHom18SRNGlm19VRNEkm1;l0001O0L4O0101N20O01000O10O10O10O1000O010O10O10O100O1N20O010000000000O101O0000000O100O1000O100000O10[OoPN;Qo1EoPN;Ro1CoPN:To1FlPN:To1ElPN;[o13N1O1000GfPNLYo15hPNJXo15jPNJVo15:1O010O10O1000O1L4O010O01000O01000O001O10O01000000000O01000O1O1O1O100000000O010O100O1O010O1001O000O01O100O01000O10O0100O10000O01000O10O10O100000O0100O01000000O1000O10000O1000O100000000000000000000000000O010000O10O100000000O100O101O1O000O2O00001O01O100O2O0O010O010O001O001O001O0000100O001N`h^a1
20140925195834Ch_7,iZcW25do19M2N100O1O00001O01O1O1O1O0001O1O1N2N2N2N2N2N2N2N2O00O1N2N2O10O100O10ARQNMmn13VQNKkn13XQNKgn15[QNJfn14]QNJbn16c001000000000000000000001O001O0001N101O0010O0100O1O1O001O1O010000000000000000O0100O100OcgTc1
20140925195834Ch_8,fa]P24ko14M4_OETQN=gn1IWQN9dn1LYQN6^n15^QNM`n1k0O2M4M2N1O2N100000XOlQNCRn1:WRNDem18cRNF[m1:iRNDUm1;QSN_OPm1;TRN^OVo1?600N2K5O2O1O1O001N10O2N101O001O000O1001O10O10000000O100O001O010O01O100O100O1N3M2M3O101N02O001N1O2O1O1O01N100O10000O100O100O1O10O0010O01O00100O1O1O0O2M3O1O00100O00000000001O00001O011N100O2N1Oj`Vh1
20140925195834Ch_9,R`Wi13lo12N1N2M4M2O2N2N4L2O0O1N2O010O010O1O00JoPN_OQo16nPNMZo12lPNHVo17:O010O01O00001O0000001O1O1N101O10N101O1N2M3O1O1O2N1OTafS2
20140925195834Ch_10,_]if02ko16K9ZOb0J6L3M2NZOdQNJ[n15nQNBSn1=h0H9N101O00O2O00001O1O010O01O0O2O1O00001O001O000010N101O0000O1O00101O100N2O1O1O1O2OWdPV3
20140925195834Ch_11,bnb[21mo12O1N20O010O0100O010O100O00100O1O010O000001OO2O00000O10O10000O10000000000001O00000O2O001O0O1N2F:000000105J6CYSo`1
20140925195834Ch_12,[lZf04ko12N7D6J6M20000O1000O2O0O2K5N1GdPNM_o119O10O100O010O001O0O2O10O000000000O1000000O1000O1001O1O1MWUkV3
20140925195834Ch_13,\mTS22mo12N1O1O001N101O001O10O01O00000O2O00000001O000O10O1O1O101O1O1000000O2OFePNO[o1OhPN0Xo1OjPN0Vo1OlPNOUo10?O1NeSWj1
20140925195834Ch_14,WZai13ko12O1O100O00001O001O1O001OO2O00000000000000001O10O01O0001O010O0000001O0O1O10O10001O1NPghS2
20140925195834Ch_15,XS[k17go13lPNKZn18cQNJ[n1>]QND`n1`0\QNBbn1o0O01N2L4N2O1N2L5F;J6LnldS2
20140925195834Ch_16,\Zi^11no12O1O00000O2O0010O01O0000000000000O1000O010O00100O010000O1O010O00000001O0000000000001O000010O1O001O00001O0010O01O00O0100000O101N101O1Mlfn\2
20141009195814Mh_1,ieVX12Wo1>mPNHon1f0N2O10O2O1N100O101N<E1O0O10O10001O1O1N2O1O01N3N001O1OO1000O01000O1000000O010O01N2O001O001O010O010O01O001N2N1O100O11N101O1O1O100O00000O100000000001O002M3NfPNGmn19RQNInn16RQNLln14SQNOln10TQN6fn1JYQN:en1E[QN`0;XObm17URNb06ZOcm13XRNe02[Oem1N[RNg0N^Ofm1H`RN]1Tn1N1O1O0002M4M2OO00O10O0000O01O1O1O2O001O1O2M6K4K3N2N5J200O001O10O1O011N1O2N1O1O1O01001O01O1O000O101O2N3N04LO102M21OO00000O1N100O2N2O0000O0010O101O00000O01000O10001O1N100000O010O1O00100O100O3M2N1O10O0000001O001O1O1O01O0001O1O1O10O01O00100O0010O10O0010O01O0010O01O00010O010O01O010O00100O100O0010O0010O010O01O010O0010O000001O00001O01O000000010O000000000100O1N3NhSQW2
20141009195814Mh_2,`_YS25io15L4M3L4N4K:G3M1001N3M60K000O000OTOWQNa0Vo1O0O1O100O1O10O0102N1N2OO01O2O0O00000001O0000001O000O100O1O100O10000000001O000000000O1000001O0001O000O1000000O1000O10000O100000001O1O1O00O001O1O1O010O10O010O01O010O010O010O010O01O001O001ACYQN>gn1>O01O010O00O10001O00000O2O00000001O001XOUQN:ln1CXQN<hn1BZQN=gn1A[QN>gn1_OZQNb0Ro1O0100O100O00100O1O1O00O00100000001O1O001O1N2O1O010O1O1O1O1O001OK5N2O20O0100\OEdQN9\n1IcQN7]n1IdQN5\n1McQN3]n1McQN2^n1O`QN0bn11[QN0fn1c02O1O001N101O001ZORQN9nn1FVQN8jn1GXQN7in1GZQN8Yo1MWOKjQN3Tn11lQNMSn14m000NXbX`1
20141009195814Mh_3,h]a\17do17I:J2O0001N1O2N1O1N2O00O0O3O0O1L5M3N1O2M2O2N1O1O2M2M30O1VO`QNImn13a0O2O001O01O1O000O10O1O100N200O10O01000000001O00000010O0010O10O10O0100O0100O001O001N2O001N100O10O1000000O1O001O0100O010O0100O1O001O1O2N10000000001O001O0010O0100O100O101NUfX\2
20141009195814Mh_4,Plnf2:do12O1N1O1OM3O20O1N1M40ON3J5L4O01010OO0H8ON4O010I7000IRO]OPSNa0Rm1AkRN`0Vm1@WRNOOc0km1EoQNI3b0Pn1GjQNH5a0Rn11mQNNTn12kQNOUn12jQNMWn14gQNK[n1@dQNT1gn1L3N2M3M2N3N1O2O1N3M2N2N2I7MSWkU1
20141009195814Mh_5,ST[W14io15D;K4J6N101N1O01O100ESQNDmn1;WQNAin1`0YQN^Ogn1`0=K5N2000001O001N101O01O000001O1N3L_mdf2
20141009195814Mh_6,gjZW24lo11O2N2O1N2O2N1O00000000O010O01O0000O1N2L4O01000O010010O0001O1N8NK3N2N00000000001O0O2O1OO011O0O1O10O010O010O100O101N2O1O0O100001O2M2O1O000O100O010O00010O000001O01O010O0000000O100000O1001O00O1000000O10O01001O000000000000000O010O10000000O10000O10O1000O1O1O001O0010O0010O01O1O1O1O1O101N1NnSg_1
20141009195814Mh_7,XRmY25jo11N100QONQRN3om11lQNOUn19bQNH^n1:`QNFan1;\QNFdn1k01O1O6J2N001O1O1N2N1O1O1O1O101N101N2O001O0O10000O10000O01O01O10000O10O100000O101N2N[nlb1
20141009195814Mh_8,e][j24ko14K4N2M2TQNFPn1<lQNFSn1=jQNDVn1>gQNCXn1>gQNBYn1`0eQNA[n1?eQN@[n1a0dQN_O]n1b0`QN_Oan1P10O100003M2N1O01N100O1O1O1N101O000000001O001O2O0O1O001O1N2O1O2M2O1O1OO2N1O0VO\O[RNc0dm1AZRN>fm1EXRN:gm1JVRN7im1P1O1O100O1O100O0100hNQRN=Rn1AXRN5im1LYRN1gm10[RNMfm14ZRNKem16\RNIdm17]RNIbm18^RNGam19bRNZO\O7Qn1`0R1DPQNJPo17TQNCmn1?82L4N2N2O1N10N1O0F;010M2O100001001N1000O0L5O1O1N1L41O1N2K6J5I7OO2M3O1NM22001O1O2M2000000001N010J4J71O0O110000O2O0O1O100O110N100O01001O00O1000001N101O0N2O100OON220000000N11N2O2N2O1O1O001O001N1O100001OO10000000000000000000O10000001O00001O0001O0000000O101O01O1O1O10000O100001O0O10000000O100O100O2O0O2NTk`g0
20141009195814Mh_9,hW_Z15jo13N1O1O100O1001O1O000000O00001O0000000O10O1000001O1O010000O010O01O001O00001O0000O100000000O10001O00001O01N10000000000O10O1000O10O010O00001O0010O0010O10O10O10O10000O10000000000001O0000000000000001O0001O00000001O0001N10000000O010000O010O0010O001O101O001N2O1NUh^]2
20141104195854Bh_1,Vage25jo11O2N100O10O01nNLXRN3hm1OVRN2jm1NVRN1km10SRN1mm1ORRN2nm1OQRN1nm10QRN1om10oQN1Qn10mQN1Sn10kQN0Un12iQNOVn13hQNNWn14fQNMZn16bQNL]n1l000O1O100O1N2I_NlQNe1Pn1>H2O000000O1O2N1O1O1O1O1O100N2O100O10WOWN[SNh1cl1\N\SNd1dl1]N[SNb1fl1_NYSN`1hl1`NXSN_1il1aNWSN^1jl1bNVSN\1ml1dNRSN\1nl1dNRSN[1Pm1dNPSNZ1Rm1fNnRNX1Tm1iNjRNW1Xm1iNfRNX1Zm1jNdRNV1\m1kNbRNV1^m1lN_RNU1am1e0O01O1N2O1O0G:M2O1N2M3N3N2O1RO`QN;an1CbQN:an1BcQN:an1BcQN;Ro1N2N3N2LRajT1
20141104195854Bh_2,\WkY31]o13kPN6hn1f0N2N1O1NN3O10000001L2BnNRRNS1lm1SOoQNm0Qn1a000O1O01O1N2M4L3N2N3L3001O1O1O1N20OO2aMiNTVNW1li1kN`UNNfNX1lk1kN\UN0bNj01TOSl13ZUNT1Tk1mNjTNR1Wk1oNcSNJe0V1jk1QO]SN4?j0Vl1MfSNLal18YSNGkl1`0jRNBhl1PObSNc2Vl1[McSN74]2Wl1nMgSNP2Zl1SNcSNl1_l1i01O1N2O2N101YO[SNQNfl1l1i0iNPSN[ORm1c0SSNTOTm1h0QSNVOol1h0VSNUOjl1i0W10O1O2ODVQNBjn1>821O2O1OO1001O1O2M3N2N2N3LWPWa0
20141104195854Bh_3,agdo03lo12O1N2O0O1O1O1O001000000000001O010O1O1O10O01O000001O01O1O1O2N1O1O001O010O0001N1O2N101N100O2O0O101N101O0010O010O01O01O010O00010O01O0010O010O010O000010O01O00001O1O001O10O0010O100O1O10O01O01O0O2O0N3M3MlWSj2
20141104195854Bh_4,YagU22lo13H7N2O1N2O1J5O2O1O1O100001N2O0O2L300O101N1O1O1O01O001O1O00100O000IBnPN=Po1:N2O10O2O001O1O1O1N2O00N2H9O001000O100O1N2O1N3M200O1O10O000K6L2I71M4M3O01O0OC>M2O0002O1O000100010O1O1O2N2M3N2N1O1O1O1O^OWQNNin10]QNLbn14cQNH[n19d020O101M11H7110O10O000N2M20M4K5O10O1O1N20O1O2N2000001O000O100O1O10O01N11O0100000O10O1000O100000O1O100O10O100001N2Nncb`1
20141104195854Bh_5,Vj\c26fo17K5M3M102M3MZOoPN?Zo1O0001N1N3N2N2O1102M1ON3M3M3M3M3N1ORObQN:^n1CeQN?Wn1@mQNa0Pn1^ORRNb0lm1_OVRN`0im1_O[RN?dm1_O_RNa0cn1N2N2NgPNIgn16XQNKjn12VQNOkn10TQNOnn10SQNNon12`0O002M3MWSkY1
20141104195854Bh_6,Q]SY14jo12O1O1M3L3O2O0GCoPN>Qo17101O010O010H7N3N2O1O10O010O010OO2O01O0010O010O01O1O1O0O2M3N101O00001O0IAmPN`0Ro143O1O2O3M<Cdddc2
20141104195854Bh_7,o]em11lo14M101O1N1O2O00101M2O2M2O1O10O1N3K5M3N100O0100O0100O010O010O01O001O00001O000010O0O2O01O001N1O2N101FDnPN=Po1:K5M2101O2N4WOnPN<am1FRTN7mk1OoSN0Ql14kSNLVl16USN^OG=Um1>gRN]OGIN`0fm1e12N2N3M2M2K6A=A_QN]Ofn1a0`QNZO`n1d0>O1000O10M3N3O101O00010O000O2O1O0O100000O1001O01O000O11O001O010O10O0100O1000O10O010O000001N10O101O001O001O1O1O1O1OWgVj1
20141104195854Bh_8,\SUm01b07an1L]QN7an1J[QN;_m1IPSNMZOc0`m1JnRNF^Od0am1JjRNf0Sm1_OfRNf0Xm1S1O001O5J10O1O1O001O2N3M2N1lMjRNHJ\1]m1gNXSNW1km1N2N11N1;E3UOoPN>[o1O000O010O010O5L3M000000000O100O10O100O010001O0O1O1O1000O010O10000000000O100O010O01O001O001O01O00001O1O1O001O01O001O001O001O00100O01O10O010O010O001O00001O001N101NaiPl2
20141104195854Bh_9,ahnW14lo11N10010O0000100O10O010001O0010O2L\P6OeoI3M2O1O1O1000O10000001OO010000000001O0O10O10O102M3N2M2N2O0O1O100O2N2N2O1104J4M1N1O11N5K1nPNWOkn1Z1E01O1M5G:G=BkT_c2
20141104195854Bh_10,_hTg11no13N2N1O2N10O0100O010O010O001O001O002N6K1O01020N05LO2N0O10O3N002N03ON10ePNBQo1g01N1O2M2N3M3L3L`USV2
20141104195854Bh_11,d\V]26do17N2N2O2M3M2N3M2N2O1O1O0100O101N3M100O001O002O3L1O1O00001O0100O5L0O01O1O1O1O1O1O1O1O1O1O1N101O00001O011M4Lbb]_1
20141120195834Ch_1,mndQ29eo14N0O2N1O2M1N3N0O1M31N3O001O1000O100O010O10O1000001O2O0O100O1000O01O0O2NcQQl1
20141120195834Ch_2,Wdd]25go14O100000O10000000000001N1000001O000001O010O01O011N1000000001O000001O001O1O1O1O10002N01N0O100O100O1001O10O001O0010O1O5J3N00O011N1O2O1N1O1O00100O10O0101O00001N1001O0000001N10001O0O0101O0O100O100O1000000000000O0100O0010O00010O1O001O00000001O000001O00001O1O1O010O00010O01O001O001O010O00010O00001O001O001O001O00010O000001O00001O0000001O00000000O10000000000O100O10O010O1O1000000O1O2N1O1O2O1N1OfXUV1
20141120195834Ch_3,WjZP22mo12N2O1N1O1O2N1N2O000N3O0010O101O010O010000O10O10O1O10O01O1O001O000001N100O1O1O2O0O1O2N100O2O000O1000O1000O0100001O001O1O1O1O1NjUek1
20141120195834Ch_4,We\V1770L0hn1P1M3M1K5N2000O1O2O0O1O1O1J7A\QN\Ohn1b0=N1O2O0O100001O00010O01O1O10O0001O001O100O10O1000000O2O0O2N4L2O001kPNZOln1o0O0O01N1N3M2N3L4M3N100O2O0000O101O0000000000001O001O001O1O0000O1O100O10000001O011N1O100O1O1O1O00O1O2N10001O01O1O2N1O2N001O001O001N200O001O1O1O0N2N20DXQN_Ohn1`0]QN]Ocn1b0?O001O1O010O00001O01OO02O000000001F]OUQNc0jn1_OUQNa0kn1ARQN`0nn191O0010O01O010O10O11N1O2O2M4L1O1O1O010O10O010O010O1O1O0O2O1O1O0010O1O002O0O0001O001O0000010O010000000000000O100O2N2O0O4M2M2O0O2O0O01O0_O^QNCcn17g0N1O2O00001O01O01O0010O10O0100O1000O010O0010O01O001O10O010O00100O2N2O0O1O0000O1O2N1000010O001O010O001O010O0100O010O1O01O010O01O010O001O00000O100001O001O001O000000O100O2O00001O00100O00100O10000O010O00O2O0O2O1O001O10O10O01000O101N100O1O1NmWiT2
20141120195834Ch_5,lin`23lo12O1O1O1O1O1O010O1O0O2O1O2N2N100O100001O001O010O001O1O1O00000000100O001O0000001O00O2O1O2M3N4M0UQNARn1Z1YRNbNgl1]1gRNSO]m1f13N2M2N2N101O001^N^RNe0bm1ROgRNM_Of0Qo101O3N0O11O06I3M3L3MjQeZ1
20141120195834Ch_6,]aaR12lo13N1O1O1O1O10OO2N1O2N110O01000O100000O001O1O00001O00001O0000010O01O1O001O1O010O1N1O1N2O010N1001O100O01M201O00100O2N1O1O010000O01L4O2O10O101O;D20O0O1O2N1O2O1N1O2M2N2L4M4N1O2N101O0O101N00GdQNPOZn1o0mQNkNTn1h0hQN]Odn1`0>101O1M2N3O01N1L5M3N2O00000O1N3O2O0O101O01O100002M3N2Liafe2
20141120195834Ch_7,adio13mo11O1O010O1O001O1N1010O01O0010000O00000000000O1O1O1O10000001O1O1O001O01O00001O000O2O0O2O1N10000000O1O2M2O1O1O100O100000000O100O1O100O1000000O100O2M_[bk1
20141120195834Ch_8,oXWY24ko1200O100O01000O010O010O0010O0000010O0001O00010O0010O00010O0010O0001O10O000010O0001O0010O0001O0001O010O000010O0000010O00000001O01O00001O001O1O001O1O001O010O00OVSNGoi19oUNIQj17nUNJQj16oUNKQj15mUNMSj13mUNLTj13lUNMUj13iUNNYj10gUN0Zj10dUN1]j1ObUN1_j1O_UN2bj1N]UN1dj10[UNOgj11XUNOij11VUNNkj13TUNMmj13RUNMoj13PUNMQk12oTNNQk13nTNMSk12mTNNSk13lTNMTk14kTNLVk13jTNNVk12jTNMWk13hTNMYk13gTNLZk14eTNL\k14cTNL^k13bTNN_k11`TNOak11^TNOck12\TNNdk12[TNNfk12YTNNhk12WTNNjk11VTNOkk11TTN0lk10STN0nk10QTN0Pl10oSN0Rl10mSN0Tl10kSN0Vl10hSN1Yl1OgSN0Zl10dSN1]l1OcSN0^l10aSN0`l10_SN0bl10]SN0dl10[SN0fl10YSN1gl1OXSN1il1OWSN0kl1OTSN1ml1ORSN2nl1MRSN3ol1MoRN4Qm1MnRN3Sm1MkRN4Vm1LiRN5Wm1KhRN5Ym1KeRN6\m1JcRN6^m1JaRN7_m1I`RN7am1I^RN8bm1H]RN8dm1G[RN;em1EYRN<hm1DWRN=hm1DURN>lm1BRRN?om1APRN`0om1AoQN`0Rn1@mQN`0Tn1@kQN1LMZn12jQNM1OWn13gQNN3NWn14fQNM5MVn16eQNMmn13SQNMmn14RQNKon15QQNKon16PQNHRo18;01N3KafV\1
20141120195834Ch_9,beRb04ko14M1O2O0O100O3M100O00O1O2O00001O1O01000000O100O10001O010O010O1O2N3M1Od0]O0O12M:F2N1O1000OWOoPNg0So12O61NK1`QNTOLN\m1Q1^RNIcm1Z13M2O3L5K1Oj0TO3M3K7GTVUZ3
20141120195834Ch_10,Yei[21no13M200O1O1O0010O01O1O1O001O1O0O2O001N2O1N2O2N1N2O0O2N3L3M3M3M4M3N2N2N2O00O1O1O10O01O01O1N\OeQNFYn18mQNFRn18RRNGlm18VRNHjm18WRNHgm18ZRNIem17\RNHdm18\RNIcm17]RNJcm15^RNJcm16\RNJdm16]RNIem15[RNKgm14XRNLjm12VRNNlm10TRN0nm1NRRN2Qn1KoQN4Un1IjQN8\n1AeQN?mn12N1M4O0O1O2O001O1O1O001O000O1001O1O1O100O1O000O2N2O0O4KhY\^1
20141120195834Ch_11,lU[h14ko12N100O0010O010O0001000000001O0010O00001O0000010O0100O001000O10O010000O100O0010O01O010O10O010O0100O101O2N3M3L2O2N8H10N1O2N2M3M3M6JUi`S2
20141120195834Ch_12,nhV[33mo11O1VOOcQN1\n14PQNI=4an1:[QNGdn1<YQNFfn1<VQNGgn1k0M2[OmNZRNW1em1jNVRNZ1im1?0O2M2O1O10O2O0010O01OO2O0O2N1GkQNfNWn1S1?M4L3N1O2N101N1M3O1O101N101O000O20O00001O1O001O001O10O010O1O1O0O2O001O1N10100O1O10000O1O100O0010O01O1N2NhWg?
20141220201934Ch_1,R\ge19fo13N1O1O2M2O1O1O0O2O1O0N2L5N1O100100O1O0O100O10O10O1O001O10000O100O10O010001O1N1O2N10000000000O2O1N7HPdRW2
20141220201934Ch_2,Z[YP14ko12N101N2N2O1O100O01O0O1O00O1O1010O1O1O1O10O010O1FLfPN5Zo18O2M2O20O01N1O1O100N2O00010O0010O101N2N2N2N2N3M2O1N2N2N2O01O00010O0010OO1O02O01O01O00O1000O10O1O0O11O1O2N1O2NTgdj2
20141220201934Ch_3,hQem02mo12N0O2O1O00001O000010O01O1O0010O10O01O0010O10000O010000O100001O001N101O10O0100O010O100O10O11O01O0000100O1N20O10O01O1O1O1O2N1O2N1O2iSN[Onh1g0nVN[OQi1h0kVNYOoh1o0oVNQOPi1R1nVNnNRi1S1mVNmNTi1R1kVNoNUi1R1jVNnNXi1Q1gVNoN]i1n0bVNROai1l0^VNUOgi1e0ZVNZOji1c0UVN]Ooi1>RVNBPj1<PVNEQj19oUNGSj18lUNHUj18jUNGXj19gUNGZj19eUNG]j19aUNGbj18\UNGgj1:UUNGmj19PUNHQk18nTNGUk19hTNHYk1:cTNG^k1:`TNEck1;ZTNEhk1;VTNFkk1:TTNFmk1:PTNGRl19lSNHUl18gSNJ\l15SSNIWO5im11oRN:Sm1GjRN9Zm1GdRN7^m1K`RN1em1O[RNLim18XRN]Oom1c0h03M4LO2M1O2N2L6H:F[kRk2
20141220201934Ch_4,i_Zd13ko14N2N3M3M0O2O0O1O1O100O100000O101N1O1O001O0100001O1O1O2N2O0O1O1O00000010O0001O0001O001O0010O1O001O010O001O0O2O00O10001O00000O2N2N2O2N2O0O0O2N2O1O001O1O2lPN]Ohn1P1M3N2N1O000O01O0G\QNVOdn1i0`QNQOdn1n08O1O0O2L4L4M201N2O001O1O0000O10001O1O1O101O0O2O0O010O00100O2N5L2N1OO01O00001O0100O101N1N2O0O2O1O2N3M2O1N2O1O0O2O1N100O100O0101N2N01O001O001O001O010O00100O001O1O1NR^SQ2
20141220201934Ch_5,UTSk1:bo19H4J6M2N3N2N6K7I4LaNmQNW1an1L0O001VOZQN8fn1BiQN7Ro1M2M2M_jfS2
20141220201934Ch_6,`PUd24ko14M3M2O101N9G5K2N3L3N3N34J017I010N1N5J2L7Idm^Z1
20141220201934Ch_7,hfZ\14lo1100O010O0010O01O001O100O002O0O2TRNIlk18PTNNmk13oSN5lk1L]SNl0bl1TOXSNS1fl1nNUSNW1jl1jNoRN]1Pm1KPSNmNPm1l0YSNQOil1a0hRNoNh0<bl1>nSNTO_l1f0d1G8EbXia2
20141220201934Ch_8,^VUZ25jo15L4M101O02N1O0O10O3N0O000010O001N10001N100O100O1O1O010O1O1O001O1OYhfc1
20141220201934Ch_9,hTg]23lo12O1O001O000O2O001O001O02O1N100O01O00100O010O01O01O00001O01O000010O01O010O0000000000O10000O10O01000O1000000O100O100O00010O10O001O0O2N1M3N2M3N2N10O200O2K5N3N1O2O1N3KlkR]1
20141220201934Ch_10,XoVS13lo1101O0O10000O10O0100000O100000O100O2N010O001O01O100O1O101N0100O1O2N1O001O00010O0010O1O1O10O0100O10000000000O10O10O01O010O001O00001O0O200O01N2O1N4KiQUh2
20141220201934Ch_11,cnTY3`0To1BRQNd0Xn1AjQNl0Un1`0O10N2N3D;O2N101O000O1O1O0O01O1O20O011N2N5E9M3M2N6HWRQe0
20141222201814Mh_1,j`\_28go13L3O1N100O2O0O10000O1O2N2O1N2O1O1N2M2M3O1O01O1O2M2N2O10001N1001O0000O10O10000010O001O1O0O2N101M2O1O1O1O10010O00100O1000O100O2O0O100O2O1O0O1O1O00000001O00000O0101O1O2N2O0O2N2N1O000000O100O01000O100O1N2N2N2O0O1O1O101O1O1O2N101N101N2O1O001O1O1N102MS_kX1
20141222201814Mh_2,V\m\27ho12N2O0O101O00010O00000O2N2O1N2O2M2O0O2M2O2M3N2O1N3N1N1E:001G9M4N1O2N010OO101N1010O100O1O2L4I8J:DfdP`1
20141222201814Mh_3,lP_g13ko15M2N1O101O01O000000000O10000O10000000000000O100O10O01O0010O0100O1O100O101O0O100100O1O1O0100O10000O10O1O00O1000O1O010O100O10O10O100000O10O00100O0100O102N2O0O2OO10O2N10O1N2N101N100O1000010O0O2N1O3LUlZR2
20141222201814Mh_4,nkdR33ko13M2M3N1O2N100O2N2M3O1O00O2O1O00001O1O0O2N100O1010O0000O010OO2O100O10000O1O10O100O1O2M4LjUaj0
20141222201814Mh_5,Yl^m06io13]PNJXo1a0O1O100O2N7J01N0O1N2N1O100O2O0O2O0O1O1N2O1O100O002N100O1000000O100O1O1O3LXSSP3
20141222201814Mh_6,Phhi25io14M2N1O1010001O8H1O1O01O001O0000001N3N2N1O0O1O1O10O1O001O10O1O3M2N2N1O4KlVmS1
20141222201814Mh_7,^o``14ko13N2O1N100O101O3L3O0O3M8H3M10O1O3L4L3_OXPW^2
20141222201814Mh_8,jPiY35jo17J=C5K5L8H5J5L2M6J3N0O^N]RNg0dm1SOVSN7ll1E[SN5[n1K`mVe0
20141222201814Mh_9,PVQS32jo15J5F:O01O1O0O2N2N2N2O1O010O100000O1000O100O010O10000O10O1001O0001O10000000000010N101N100O1O01O1O1O2N10O00O1000000000001N1000O10O01O0001O0O1M3O100100O1O2M5FkjPh0
20141222201814Mh_10,cU_Z32lo15L2N1O2N1O2N1O1O2N2O2N2N1O2O10010O01O1N4M1O4L1N1O1N2N2Mbifc0
20141222201814Mh_11,TTkd26ho14M1O3O0O1002N20N3L2M100O0100O2N3HlkPZ1
20150105104334Ch_1,`[QT1=bo12L3L5L4L3N3N1O1_O`000]OhN_RNX1am1a03O1O0ODYNaRNh1`m1;1O2N2N3N2M3QNURNe1Un1L4M1O010N201O2N10O2M3M2N2O1O1O@kQNUOUn1d0XRNUOjm1?cRN_O`c\i2
20150105104334Ch_2,[\ec02fo19K5N1N2N3O001O116JOO0O1O0010O1O0O10O1N100001000O1[M[OoSN0Z1h0Zj1<cUNDWj1f0fTNfNGIOk0bk1W3010O10O^L_TNg2ak1VMiTNc2Uk1]MWUNY2hj1eM]UNY2aj1eMfUNX2Yj1dMoUNY2Qj1dMVVNX2ii1fM]VNW2ok1G3N1N1O1O2N2M2O2O0O0001OhNlQNd0Tn1YOSRNd0lm1YOZRNd0gm1XO_RN8_OIeo1NmcfX3
20150105104334Ch_3,hdTj01mo14N3\PNOSo1b0M114L05I4M5K0:F;jPNoNen1Y1N<D0010OO101N101N1O00lN]RNLbm12bRNL^m12eRNL\m13fRNL[m12iRNKXm13kRNJVm15lRNJUm14lRNLVm11lRNNcn110O1O1NfXcS3
20150105104334Ch_4,UZeU24ko14M1O2N11000O001O0O10O2O0002N2[RNDak1=YTNHfk19dSNBSO008Zm16aSN=_l1D_SN;cl1E\SN8il1GRSN=ol1DkRN`0Wm1@dRNc0^m1^O]RNd0dm1k02L3O1O2N1_OlQNUOUn1j0oQNiN[n1U18M4N101YO]QNNfn10f0N3M[ejg1
20150105104334Ch_5,T_bR21no11O100O101N1O1N2O1O11O00000O1000O100000000001OO101O001O0010O01O001O1O2N1O10O010O010O0100O0100O1O010O1O10000O01000O0100O010O010O0100O1000O01O1001O1N10O010O1O1O1O2O0O11O0000O2O0O1000O1TQNJmm16QRNLom13PRNNQn12mQNOTn11jQN0Xn1O^QNMG6mn1MWQN<jn1<101N1000000000001N2O001O2N1N2O1N2N1N3N100000O1N2O10000001O102N1O0000004L000000001N10O100O1O101O1O000001O01O1O0000O1O1O1O1O2N1O2MQ^Wc1
20150105104334Ch_6,hUmc13ko14L3K8H5^Oa0N2G9N1O10]OnQNXOml1InSNn0el1WOUSNi0ll1F_RN`0am1d091I6111N10001nNYRNXOL7km1<bRNXOG9gm1:TSNCll1;YSNCel1=^SNAal1?bSN@[l1a0a11O00100O1N3M3H9L3L5M^OkQN]OTn1`0RRN]Onm1a0VRN]Okm1?l0K6N1N20M30100O11N3MRojX2
20150105104334Ch_7,XUm[23lo12N101O0000010O01O000001O0000001O00001O0000000000001O01O001O0000010O000001O000001O0001O0O10001O0001O00100O010O0010O0001O1O10O01O0000000O2O[jf_1
20150105104334Ch_8,hiVa03lo13N4L2M20O00102M2OO010O010O01000O0000001O000010O010O10O00000000000000O0100000O10O100O1N2O1O10000104K1O1OO100000O100000000000000000000O102MkU]Z3
20150105104334Ch_9,h[gi26go13M3XNLVSNNPO;jm1LkRNc0Um1@fRNa0[m1AcRN>_m1D]RN<fm1GTRN8Vn1d03M3J7I6I7K9G^eXU1
20150105104334Ch_10,PVYW32no11N2O0000001O0000100O00100O1O100O00010O0100O10000O010O100O010O010O1O10O01O01O001O01O00O1000000O10O10O10O10O1000O010000O0010O00010O10O01O010O1O1O2MkiRd0
20150105104334Ch_11,elTR13jo15K3N2O000O01N100001N2O1O0IDjPN=Vo16O1010O10O01O1M2O2HgPNHYo19150101OO10O1K5O1O1O1O2O01XOnPN46Mmn1LiV[k2
20150105104334Ch_12,nmjc14go16N2N101O0010O1O001O0O101N10O2O001O1O1O010O01000O1O1O001O10OoPNAan1`0\QNCcn1>[QNCen1?WQNDhn1j00O001O1O1O1O10000O100O10O1000BSQNInn15SQNKTo1MnPN2To1KmPN5`o1O0O^QgX2
20150105104334Ch_13,QRkR22no11O00001O0001O1ORPd00mo[O1O10000O1O1O10000000000000O100000O010O10O010000O01O010O010O0100O10O0010O01O01O010O000000100O001O0000O2O000001O0001O001O001O1O2Nlnlg1
20150105104334Ch_14,bRSP12mo11O1O100000000000001O00001O000010O10O1000O1O002NRP62joI6K3N2N101O0012N0O3L3N000O11N2O2N1O1O10O1O2N100O0O100O1O100N2O1N2NQlPl2
20150124081954Uh_1,dobh15ko11O1O2N2O2M2O0O2O10O0010O101N1O01O0101N3NO10O001O001O00000O100000]OkPN:_o1O000O01O1O100O1O1000O1O1O1N101N10001N2O000000000001O00001O001O0O2O0O2O000O101O000000000010O1O010O100O1O001O010O0010O01O1O010O00000001O01N100010O0000001O1O0010O00001O00000O10O1O1O100O1O1O1O1O1O100O1000000001O000O101N100O100O10000O010000O1O010O100O010O10O10000O1O010O1O10O010O01O01O0000000000001O001O0K6I60O2O100O1O1O1N2O1O1N2N2O1N2O001O1O100O2N2Ldo^j1
20150124081954Uh_2,ViPX32lo15L2N3N0O0O1TO3dQNOZn19]QNIcn1j00000AgNWRNZ1hm1>1XOoQN]OWn1?SRNWOPn1h0d0N1000O01N3M3L4J7O001O10O10001O1O1O2N1O10000O101O2N1N10O100O100O10000001O01O00001O1N3N000002O2N00O10O01O1O1N3N2M2N3LbWYc0
20150124081954Uh_3,WXQk11mo13O0O100O100O100O2N1O2N2O1N3N2M7I3M2N2ZQNTOmm1e1M3M3\OQNRSNS2kl1VNhRNR2Um1a0L4K5bSNnLek1X1RTNhN7S1KQOik1Q1mTNOTOTOlk1j0WUN?hj1WOYTNVOR1c1bj1RO[VN`0fi1_O^VN>ai1VOXTN0Y2h0^i1VO_TNNU2j0]i1UOcTNOR2i0\i1TOhTNOo1k0dl1L=CQf^R2
20150124081954Uh_4,RYQR17go13ZQNJ^m19_RNI^m1;^RNI[m1>_RNG^m1=\RNGcm1<XRNGck1LeUNa0eNC`k16bUNY1[j1lNbUNT1\j1RO`UNn0]j1]O\UNXO^O9Vk1b0ZUNSOF6Pk1JeTN6a0JM3mj1LiTN89G8B_OOWk1>nTN93F=@_O1Sk17\UNF\O?82bl1GVTN4XO4dl1HYTNJXO<`l1JPUN5Qk1KoTN3Sk1MnTN0Sk11nTNJVk16kTNGWk19W22O0000O10O01O1O10XMHhUN7Xj1JhUN6Xj1KgUN5Yj1LfUN4Zj1MeUN3[j1OcUN1\j11cUNOTj1M_SN51Mo11`j1j0^UNVOaj1m0]UNTObj1o0[UNQOej1R1XUNnNhj1S1VUNnNjj1S1TUNnNlj1S1SUNlNmj1V1QUNiNQk1W1oTNhNQk1X1oTNgNSk1X1nTNhNRk1W1nTNiNTk1V1kTNkN`k1i0`TNWOck1g0\TNZOfk1d0ZTN[Ohk1e0UTN]Olk1b0TTN]Ook1b0nSN^OVl1d0eSN\O_l1c0]SN_Ofl1?WSNBkl1`0QSN@Rm1e0\RNROH=om1d0SRNBnm1V14F9M3M4M4L7I5J3M3M3O001N2O1O2M4Knkfh2
20150124081954Uh_5,mYiV24jo12O1O10O01O010O1O001O1O1O1O1000001N101O001O0000000001N10O10O010O00100O0100O10O001O001N2M3O1O100O010O1O2N2Ngfje1
20150124081954Uh_6,`kV`11no13M2O10O01000O010O00010O000000001O01O000000001O00010O000001O0000000000000000O100000000000000000O10O100O0100O010O010O0100O01O10O1000O10000000O1000000O0100O100O100000001O0000001NcTWZ2
20150430082014Th_1,c[[l04jo12O1O1O1O010O100O100001N101O0000000000000000000000000001O0000000000000000O1000000000O1O010O1O0100000O1O1O1O1O1O010OO1O1N10N3O1O1001O001L4Ieo3OkPJ4Yo1;N101O0O00N3O1O1O2O1O010O10O00001O001O0O2O1O100O1O10O10O100O10O1000001O00001N10000000000000000001O00000O1000O10O100O10000001O00000O010000001O00000000001O1O1O100O0O2O1O01O0000001N100O10000000O101O001O000000O100O2O1N2O1O1N2O001O00102L4M1O001O0000000O100O10O01O100O00100O1000O01000O2O0O2O2N1O00O10000O1O100O100O1O100O010O10000000O1000001O101N2N1N2O1O2N001N2O001N2O1O1O1N101O1O0O10000O1O101N100O2O0000O01000O01O10000O101N10^fna2
20150430082014Th_2,_VYg12jo16M2M2O1O1000010O010O010O0100O01O000001O0001O01O01O00001N10000000O100O00100O100000000O2O00000O10000O101O00000001O0O101O0O101O001O0000000O0010O0100O10000O0100O0100O10O010O100O00100O010O100O100001O001O001O00001O0001N101O000O10000000O0100O1O10O0100O100000O1O001N2O1O1O100O2O0O1O1O010O1O01O10O010O0J7N11O1O1N2O1O10000000000O2O0001O001O0O1N2O1O1000ZOoPN=Ro1@QQN?Xo110O001O001O1O1O00000O01O10O010O010O1O1O001OO2N10001O00O100010O000000O2O0O2O1O00100O01O01000O010O1O001O0O2O0O2O1N2O1N2O1O001O00001O00001O010004M07H2N1O2N1O2N1N3M2N2M3@dNSRNd1km19O10]OWRNoNim1n0\RNPOem1n0^RNoNcm1o0bRNlNam1Q1h0O2N3SOSQNa0Xo1M2O1O1O2N1O1O0O2O1O00100O010O0100O010O010O01O10O010O1O1O1N1010O010O101N100O11N1O2N100O1OO1O2N1001O1O1O010O100O0010O1O10O0100O010N10001O001O0001O1O1O100O1O010O01O010O01O000000O0010000001O0001O1O10000O0100O1000O100O3LimVa1
20150430082014Th_3,Rnf[36ho13K4O000000000010O001O100O1O001O1O001O10O1O1000O01O010N101N1H9M201K4010O001O1O0N3N2N2K5N2O1O\S[a0
20150430082014Th_4,_dni24jo1:G001O000UMERVN;oi1FoUN9Sj1HlUN6Vj1KgUN4]j1L_UN3ej1OXUN1jj1OTUN1nj11oTNORk13kTNLVk16hTNJYk17eTNI\k1:aTNE`k1b0YTN]Ohk1c0WTN]Ojk1c0VTN\Okk1c0UTN]Olk1b0UTN^Okk1a0UTN_Olk1`0STNAQl1;oSNERl1;mSNDUl1<jSNDWl1<hSNDYl1<eSNE_l19^SNGel18YSNIil16USNKml16PSNISm1<fRNC\m1?`RNB`m1?_RN@cm1a0[RN_Oem1c0XRN^Ohm1e0TRN[Onm1f0oQN[ORn1e0kQN\OWn1e0eQN]O\n1R12N2N1O1N3M2N3YOVQN3on1IUQNLZ\kR1
20150430082014Th_5,fij\14ko16J2N10001O001001O1O0O10O1O100O001O001O1O1O2O1O05K000O100O1001O0001N3M2N001N2N]Ue`2
20150430082014Th_6,`^ih24jo13N1O1N101N2N1M3O1000O020O01000O10O10O100O1O101N1O1O1O2N10O10O10O10000O010O01OO1000000O1O10O100O2N010OO200O11N2MQcdS1
20150430082014Th_7,Tidb12go19N00001O10O010000O010O01O001O100O1O1000O02OO100000O100001O000000O010O10O0001N102MXVgZ2
20150430082014Th_8,mohb04ko14L4M4L1000O100O2O0O2O2N2N00010O00O2O0000001N1O2N2O0O01000O104M00009G0O11N5K1001O4K2O0O00O2N3N2M2N100001O2N2OO1O2N3M1001ePNDmn1i0N2O2Na0_O20ZNkQN]1^n1OgQNgNNO^m1Y1bRNkNK1cm1T1^RN\Obm1b12YN^RNj0dm1PO`RNY1Wm1cNlRN_1Rm1^NRSNa1nl1]NTSNc1ml1ZNUSNe1fm1M9E3F:G9K5N2N1O100O1O1O2NojbW3
20150430082014Th_9,\^Sh15io13M3N001N01N200001N2O1O1N110O00L401O0000O2N1O2O0010O0010O10000O10O01OOK23O11O1001K5K6JZcTU2
20150430082014Th_10,d`]j27io11N1000O0100O1000O10001O0O10O100O100O010N100N3M3O0010000O100O100O1O001O001O1O2N1000O2O002N1N2O1O1N1000O1000O10O10O0010O01O10O00001O1N200O010001N1O1N2N2O1N3M3MY`bP1
20150430082014Th_11,\nVa22mo12N10001O001O00001O00001O100O0100O001O010O001O00000010O00010O0O100O2N101O1O1O000001O000O1000001N110O01O00000001O000O10010O00001O001O1O010O000000O101N10O10O1O100O100001O00000O2O00010O1O100O2N1O1NTQeX1
20150430082014Th_12,]_Qh03lo11O2O001N1000000O02OFOePN0Yo14hPNIVo1:53N1O2N1M3N2NM4OO101001O1N2N3M4L4MWbPV3
20150601122834Ch_1,n[if23lo13M1O2M2O1N201N100000000O10001O00001O0000001O00O100000O100O1O1O100000000001O010O00001O00001O001^OiPN9`o1O1N3NocnU1
20150601122834Ch_2,a^Ul13lo11N3L3O2O00001000O00100O00100O01O10000O10O0010O0001O000O100N110O10000000000000O100000000001O00000100O2N2O0O10O00001O001O1O100O001O10O00001O000010O0010O1O00100O000O1000O1000000000001O1O001O010O00000000000000001O0000O10001O0000000O1000O100000O10000O100000000O10000O100000O2O000O2O0O100O01O10001O001N1O2N1N2N3N1O0001L301O010O100O100O100O1000000O010O1O00100O1000O100O10O1O1000O10O01000O10000000O10O10O01O10000O10O1000000O10O0100O10O10001N110O001O1O1N2Ndahe1
20150601122834Ch_3,ioTd23mo12M5M2M4M2N0O2O1O1004L00O10OO10000O100O4L4M3M2O0O101N000O01O001O001O0O3M2N3M3N1O1O1N2O00100O10000001O100O1fRNAQk1f0dTN^O[k1e0_SNZO53]l1d0ZSN]O43cl1d0QSN]O18Pm1R1lRNPOUm1m12O7H3M2N1SO]RN[Oem1b0]RN]Ogm1_OTRN>a01em1GbRN8`m1DbRN<an1O2O0O1N3N1O2NSlRW1
20150601122834Ch_4,_Poj01no12N1O2N100N200O100000000000000O10000O10000010O01O0010O010O00100O100O1O1O1O1N3L_o`R3
20150601122834Ch_5,XYe^14jo13N0O2N1O1O1N3N100O1G81O2O1O1N2N3N1O1O0O0100O1O1I7001O1N1O1O10001O3M4K4LUhP_2
20150601122834Ch_6,hodT12mo13N1O1N2N1N3M2L3O01O10O1O2N2M1L040100000001O001O1N201N100O2O1O001N2N2N3LWQQi2
20150602122934Ch_1,]Pon24io15L3M3C=O2N1O10O1O2M3K4L4M3N2O1O1O1000_PNGZo1a0O3M1O1N1000001N1000100O00001O01O2N1BhPN1Xo1KmPN4So1IPQN7^o1OO10000O2N0O2N2M2WTNAQh1?mWNEPh1=mWNETh1:kWNHTh1:iWNIWh17fUN@b0=fi14eUNBb0<li10`UNFa0<Qj1M[UNK:?\j1FXUN07:dj1ESUN557ij1DoTN962mj1EjTN<7OQk1EeTN?9KTk1F`TNb0O3ck1[O\TNd0L4jk1ZOVTNe0K2Rl1Y25J7L5L3G9L4M2lMjRNZ1Ym1cNlRNm0cm1oNcRNk0^n1I6SOWQN8]o1ISlRl0
20150602122934Ch_2,_^]V23lo13N1O1O100000001O0O010O01O0001O01O000000001O1O010O0000000000O10000000000001O0000000000000001O01O000001O01O0000000000000001O000000010O01O010O010O010O001O01O01O01O010O0O101O00000000000010O000001O00001O00010O001O01O1O0010O01N10000000000000000000O1000O10O010O1000O10000O1000O1000O10O1O100O100O010O100O100O2O0O2O0O2O0O101N100O0001O0001O010O0100O1O1O1O101O0000000000000O10O010O10O010O1O10000O100O10000O100O100O10O001N101O100O100O1000O00010O010O001O000001N101OO101N2N2N3MTbP[1
20150602122934Ch_3,hhRc22X21Zk12bTN2]k1MoSN4kN1Um1LmSN7jN0Xm1JkSNk0Vl1UOgSNn0Xl1SOeSNn0\l1RObSNP1_l1PO^SNQ1dl1oNYSNS1gl1nNWSNR1kl1nNSSNR1nl1oNPSN:^O_OO<em1LkRN9IG_m12_RN<7YO`m1V1QRNkNdn1R17N2N2N2M4L4M3M2M4FkVY[1
20150602122934Ch_4,nRQj13lo12O1O001O1O001O001O1O1O1N2O000O01K50O100O10000000000001O000000001O01O0001O01O0001O01O01O001O0O101O0000001O0001O01O000100O00010O0001O01O000001O00000010O000001O001O0OhlhP2
20150602122934Ch_5,]PoV14ko12O00000010O00O101N1O101N1O2N1O1O2O000100O1O010O01O0O2O001N1000AkPN2fo1JVoa03hP^O2N1O010O10O0100O10O1000O010O010O10O01O0000001N110N101O1N2O0001O1N2O1O101N1N2N4MkPic2
20150602122934Ch_6,amnT25ko11O00001O0000000001O0010O0001O000000000001O00001O001O0010O010O01O01O01O00001O01O01O01O0010O01O0000001O000000001O00010O000010O10O010O010O0001O01O01O0001O0O2O1MlQQf1
20150602122934Ch_7,Q\]Q33lo13M110O1O0000001O000O1O1N2N3N1N20001O000100O100O0010O0000000010O000000001O1O000O2O00000O01OJ402O2O1O2O0O2Nlo73RPH1N101O000000001O0001N101MZdRj0
20150602122934Ch_8,jYaZ25jo13N1N2O1N1O1O0010O0N1011O00000000O1ON3O1O1O10O010O0O20O100O2O1N20OO1M30O1N3O0O1O1O00N3N2G810O010N100FTObQNk0`n1XO]QNd0gn19000O0011O1O01H8O0M40000O1O1010O01HhPNGYo16:N2N2O1O1O2Nkib`1
20150619133554Bh_1,\`hZ15jo12N2O001O100O002N010O00000000O1000O010001O01O00001O001O001O1O1O1O1O1N2O2N2M2N2O1N101N2O001O00000001O001O0O2N2N2N2N200O2M2O0O2N1O2O1O0010O01O0100O100O10000000O1000001O0001O0O10003dPNCnn1i0O0O1^QNTOnm1m0PRNUOPn1k0nQNWORn1i0mQNWOSn1k0jQNVOXn1j0fQNVO[n1l0aQNUOan1T11N2O1N2O1N2O0O2O0O2O1N2O1O1O1O2O0O2OO10001O1O1O2M2O1N2N100O0010O01O0O100OL5O2N2O4L100O10O01O1O001O1O1O1O100O1O10000000O101O1N100O001O1O102M2N10O000O100O2N100O1O100O10000O2O00000000O10001O1O1O1O1O01O00010O1O001O10O010O010O2N1O2O0O100O010O01O1O0JkPN^OXo1`06N1O10000O101O000010O00010O1O001O000001O0O10000000001O01O6J3M1O1O010O00010O00001O010O01O010O010O10O10O10O10O0100O1O01O001O010O1O001O010O01000O02O2M3N1N100O00001O0O10001O01O010O100O010O001O0O100000000001O01O0000000001O001O1N2O2N1N2O1O1O2N2N4K2O1O1N1010O0O2O0O2O1N2N1O2N1O1O2O0O11O010O1001O1O0O1000O1O0010O000010O01O1O1O100O001O1O001O1O1O100O1O100O10O010O010O01000O02O1O1O1O01O2N1O0000010O1O1O00O10O002N002N1O3M3M1O100O1000O010O2N010O001O001O1O001O1O001N2O1O1O1N2O2N1O1O3M1O2N2M4K4LfXYh1
20150619133554Bh_2,a`Pc22eo1;L3N101O01O0001O001O010O100O100000001N2O1O1N2O000O0010O01O1O010O2N100O101O1O000O10O001N1K6M200O2N1O1O101N2O1N3N2N1O001N1O101N1O3Mj^kX1
20150619133554Bh_3,`VSR36ho14M2N2N100O10O1O10O01O1OO10000N2O1O1N3M201O010O01000000O10O10O1000001O0O10000001O00002O0O1O100O010O1001N1O100O100O1O2N100O10O10O0010O01O010O001O1O01O01O00010O001O0010O001O1M3M200O2O0O100O010O10O10O0100O1O2O0O001N2O1O1N2O0O2N2O1O1O1O2Nji`f0
20150619133554Bh_4,fkbY22mo13N1N2O2M2O1O1O00100O001O2N1O2O0O0100O1O2N1O1O2O0O001O001O1O0010O010O00010O0O1000000001O01O0001O001O00010O010000O1000O0100O100000000O01O100O1O101N1O1O2MUSca1
20150619133554Bh_5,`]hR12lo13M3L4K5M4M4L4L9F3M2N1N2O1OQOjQN6Wn1ImQN4Tn1KoQN2Qn1MSRN1lm1OVRN0im10YRNOem12]RNMam14aRNK\m17eRNIZm17hRNIVm16mRNIQm18PSNHnl19SSNGjl1:XSNGel1:]SNEal1;aSND_l1<bSND\l1=dSNDZl1>fSNAYl1`0hSN@Ul1a0mSN^ORl1;XTNChk1<ZTNDfk1:]TNDdk1:Q2O3N1N3Lddaj2
20150619133554Bh_6,gd`U31ko17L101N0010000O100O10O100O010O010000O1O101O001N2O1N100O10O010O100O1O0010O00000H9M2100O100O1O10O01O100000001O001O1O100O2N100O1O10O01O100O10O100O001O10O0100000O010O10O010O010O100O1O2O0O3M4M1O0000000010O2N1O01cQNZO]m1g0_RN[Obm1h0WRN[Ojm1m0jQNVOVn1Z11N101O001O1O001O2O0O2O00000001N3N1N10000O100O1O001oRN[Nfk1f1VTN^Nhk1c1UTN_Nlk1b1PTN_NQl1d1kSN]NVl1c1hSN]NZl1e1bSN[N_l1f1_SN[Nbl1f1[SNZNhl1h1SSNXNol1i1hRNnM1;Ym1W23M2N1N3N1O1O2N10000001O00001O1O3N4K3N00O3M2N1O1O1O001O1O001O1O2O0O1O100O2N10000001N20OO02nMRRNn1nm1RNRRNn1Pn102M1UNmQNi1Un102WNiQNe1Yn1[NgQNc1[n10002N001OO20O010O01100O0001O00O102M2N3N4L2O13K20O1M2N4K4M2M3N1O2N1O2N2M5L4KbVk;
20150619133554Bh_7,WSgP13lo12N2N1O2N1O1O1N2O1O1O10O0100O100O1O10OO2O1O1N2J6O0010000O0O2O10O1O1O1N1L5M2N3M1O2O100OhNCPSN;Qm1GnRN8Rm1JlRN8Rm1JkRN8Tm1JjRN8Vm1HiRN8Wm1IgRN9Ym1GfRN9[m1FeRN:\m1GbRN9^m1HaRN8_m1I`RN6am1K^RN5cm1KZRN7fm1JYRN6im1HWRN8jm1HURN8lm1HSRN7om1IPRN7Pn1IPRN6Qn1KnQN4Sn1LlQN4Un1LkQN3Vn1NhQN2Yn1NgQN2Yn1OfQN2Zn1MeQN4Zn1NeQN2[n1OeQNO\n11eQNM\n1MkQNOYn1NkQNOVn11lQNMUn12nQNJTn15l0O1O3MTPUj2
20150619133554Bh_8,_[e>3ko14M1O1O2N100O1O001O1O1O001O1O001O1O1000O1O100N2O1O1O001O01O0010O01001N10001N1000O100O10O01O100O100O100O101N1O2N101N1000000001O01O010O1O010O1N2N2N1O2M2O^OXQNNfn10aQNL^n13gQNJWn17mQNFQn1<f02K5010000O11O01O1O101N1N2O2O0O101O0O1O1000EYQN^Oen1b0^QN\Oan1d0bQNZO^n1d0eQNZO[n1c0c0N2N10O2L4N1O200000O2O2]OjPN8bo1M3M1O1O1NdfbY3
20150619133554Bh_9,TllT18fo17J:RQNYOQn1j0iQNZOVn1Z12L4M3L5K3M1M4H?EQSYj2
20150620161314Mh_1,Tc`o13ko14M3N1O1N10001O000O010OO2O1O1O00100O1000O10001N2O3L2O2N001O00O2O0O0010001O0010O0000001O0O101O00000001O001O00010O00010O010O010O0001N1001O001O1O2N10O00010O01O01O01O01O001O1O1O2M2O1N101O1O2N1O100O1O01000O01O001O001N10001N100DlPNLTo14nPNISo17oPNFRo1::000000000O100O100O2O0001O001O2O0O000000001O000010O0010O01O001O001O001O00001O000000001O0000010O001O1O001O1O1O001O00001O0010O010O10O010O000100O01O010O1O1O1O001O0010O0001O100O2O2M9H1O1N101O0000O010N2O1O1N2N2O1N2O00100O01000O001O0010O01O001O001O010O001O01O010O001O10O10O01O1O001O1O00001O1O0100O1O10000O100O6K1N100O1O10O10O0100O010O1O0010O01O010O10O0100O1O10000O2N4M0O100O1O001000]QN[Ojm1e0TRN\Olm1e0RRN]Omm1d0QRN]OPn1c0nQN_OQn1h0gQNYOYn1X10O01000O1O1O1O000O1N2J6M3L5O0O2O1O2N3L3N2N1O1O2N001O010O0000O1O10O10OO2N2N2O100O100O2O0OWY]Z1
20150620161314Mh_2,U]cm21mo14M2N2O0O1000000O101O000000000O10000O010O1O010O01O010O1O010O010O01O0O2O0010O0001O00010O00010O01O01O001M2M3O110O0100O001O1O1N2O1O1O1O00100O0010O010O0010O01O010O1O01000O010O100000O101O000O100O10O1000O2O001O001O00001O00O100000000O0101N1O2M]dnj0
20150620161314Mh_3,c[[g03mo11N1000001O000000000O1O010O10O100O01000O0100O100O10000O1N2O001J5O2K41O01001N10001O0O2O0O2N100O1O10O010O00001O0O2O10O0100000O01O1O100O010O1O100O1O10000O00100O0000000000O10O00J601O100O01O010O01O100000O101N1N201O1O1O1O001O1O1O00100O0100O101O2VOjPNf0Zo1M100000O10000O100O10O01NGnPNHPo19SQNCmn1>:0O2O0O1O1000O101O0O10O01N102O0O2O0O2O010O1000O01000O10000001O000O1000000O1000O1000O1000000O2O001O00001N2Okgjl2
20150620161314Mh_4,Wk`g24io16L2N2N2O1O1O2N2O000001O3M0O2003ONO001N10O01O10O0001O000001O001O1N2O001O00100O010O100O1O1000O0100O1000bPNHRo19lPNJSo16kPNLUo1a0N101O00000001O1N2\OlPN9ao1M000O10O1000O100O0010O01O010O00100O10O1000O1O001O2M[RkR1
20150620161314Mh_5,XdRf0:fo16I2O1O1O001O1O1O4L2N1O0001O001O1O2N2N1O1O0000000000O10000O10O10001O103L2N2O000O010000O1O00001O0000010O0100O7J1O05LO1O01N010000O100O1O1O0O101O1NZZ[U3
20150620161314Mh_6,QmV\14ko13N2N2N3N7I1O1N2O1N2O0000O10000O2O1N101O2N1O20N2O0O001N101O0O100O2oPNVOin1k0RQNZOln1m01O1O002N2N2N2N1O001N2O001O000O2O0O1O2O0O100O100O1O010O10O010O01000O1O010O10O01000O01O00000001O001N2M3O1NmQY^2
20150620161314Mh_7,Y^Z\14lo11O1O0O2O1O00001O000000001O0100000000O01O100O1O2O0O10O001O0O2O1O1O1O010O000010O1O1O1O010O0000001O00000000O100000O01O00010O0010000001O000010O010000000000O10O10O010O010O01O01O000010O10O10O01O1O1O010O0100O2N101N001O00001O001O001O100O1001O1O000000O1O1O00010O001O0001O10O0001O000O100O100000O010O010000O2O001O1N2O2O1N2N2N10O010O02O0000O1000O1O1O1O001O00000O00100O01O1O100O10001N101O1N101N101O1N101N2O001O010O1O010O01O1O010O1O1N2O1O1O100O01O01O01O0010O01O1O0010O01O010O001O1O001O010O1O010004K2N1O2N101N9G2O1N100O104K2N001O10O104K2O0O2O0O001O2VOUQN<ln1@XQN>Vo1O100O5K10O01O1O2Lk]WR2
20150620161314Mh_8,bl^d13lo110001O0O010O010O10O0100O100O0010O01000O10O1000000O100000000VL0dWN0[h13cWNM\h17aWNI_h19_WNGah1;]WNEch1?YWNAgh1d0TWN\Omh1f0PWNZOPi1h0nVNXORi1l0jVNTOWi1o0eVNQO\i1Q1aVNoNei1Q1TVNoNoi1S1mUNmNUj1X1cUNiN_j1V1`UNjNbj1U1[UNmNfj1IgSNP1`1YOjj1EiSNQ1[1ZOnj1CiSN9J>[1G^k1H[SNg0n0AXl1`0eSN@^l1?_SNCbl1a0WSN@ll1?oRNERm1;kRNFVm1;fRNG\m19]RNLem1V12N5K5K3N2M2M2I8L5J>^O?GmTSW2
20150620161314Mh_9,^_V`21no13M101O0000001O001O1O1O0O2N1O10O001O0O2O1O1O010O100O1000O1000000000010O001O0000010O01O0000001O010O001O001N10000001O1N3N1O1O001O001O0O10001O0O1O100O1ODhPN2Vo10kPNOTo12lPNNTo12mPNMSo14lPNMSo13mPNMTo13kPNMUo15hPNLYo1=1O0O10000000001O1O1O1O100O1O00001O0O101O00000001O00001O00010O1O0010O01O0001O001O000000001O001O01O01O01O0001O00010O00010O0100O1O010O1O001O1O2M3M3M3N1O2N000100N101N100O1O1O1DgPNO[o10hPNLYo14:00O1O2NV`iT1
20150620161314Mh_10,kUY[31mo13N1O100O1O1N200O100hPNGjn19TQNHln18TQNIln16TQNJln16SQNKmn15RQNLnn14QQNMon13QQNMPo12oPN0Po11nPN0Ro10mPN0Uo1=000O2N2N1O1O2N1O1000000O101O2NaPNKVo11iPN2Xo1LfPN6[o1JcPN6^o160O010O1O2O001N101O00000000000001O00001O010O0010O0010O001O1O00010O000001O000000001O0000100O001O1O1O01OO2O00001N`if>
20150623152934Ch_1,[^PV23jo15L3O1N1O1O1O0000O2O0001O1N2O1O100O00100000O000O2O01O11O001O1N101O0O101O000O1000000001N1000000O1O2O0O100001O010O1O001O100001O1O01O00O10O100O1O1O001O001O000001O102M3N1O1O0O10O10O0010O0O100O10000O10O10O10O0100000000O10000O1010O001O1O1O010O00010O001O0010O010O100O100O0100000O2O1N2O1N2O1N2N1Nj`m`1
20150623152934Ch_2,S[eh17ho12O100O1O100000000O100O103L2O0O10O1O1O1O001O1O1O0010O01O010O001O0000000000O100000O1000001N1000O1O1000O01000O01000000O100O10000O101OO0100O100O1000000O10O001O1000O1O0100N101O000001O000010O00O2O000000O101O10O10000O1O2M2O1O001O1O00O2O00O1O1O1KHSQNGmn1:XQNAhn1?<00O2N1O1000000010O100O10000O10OO2O0O2I6O2O1O1000001O0010000O0010O1O1O1O1N2O1O0O1O1O1N101O10O1000O01O01M2N2O2O0O2N1001O0O1O1O001O100000000O100O2N10010O010O0001N1O2O10000O10O100O1O010O0000N3N2O10001O00001O001O001O0O2O1N1Oighh1
20150623152934Ch_3,Qold04lo13M2N1O1000O10000O10O00001O00000010O100O1O010O0001O00001O010O00001O010N100O100O100000O02O0O10O1N2M3N3N10dPNOjn1OVQN6gn1HZQN`0on12N11O2N3M11N1O1O01O0001O11N1006J000O1O10O10O2OO01O00O20OO110N3N1O0O2OO1001O010001N2O1N2N10O1000O2O00O010O1001N3UQN]ORn1Z1O2N6J<D1O10O02N1O1N2MRNSSNm0kl1POZSNO]Ob0;TOWl19UTNJ_Ok0OWOZl12mTNX1Tk1`NRUNa1gl10O001N2O1M>C4L3M3LnMkRN^1Sm1aNTSN[1jl1eN[SNY1bl1fNaSN6F6el1CiSN3F:_l1AoSN2D=[l1BRTNOE?Yl1@TTNOEa0Vl1@WTNLEc0Ul1@UUN?lj1_OUUNa0Vm1O1O1N5L4K4Lgh`Q3
20150623152934Ch_4,UlT`25jo13N1O100000000O1O1O1O00100O2N2N4K3L<D4N3M1O1O2OmNeQN`0Qo1M01O02O_QN]Oem1i0oQNYORn1h0gQN]OZn1T11N4L4K4M2M3M3K5C=K_RY]1
20150623152934Ch_5,\nXe23lo1101O0O100O1O1N2O1O1N3M1O2M3O1QO@]RNa0bm1CZRN=em1HWRN8im1KSRN6mm1NmQN3Tn1i03O1L3001000O002N2N2^O_QNCcn1:dQN_O`n1;f0M4K`Q4LfnK3N1N1010O0001O2O;D2O0000ORQN_O_n1`0_QNCan1<\QNGen18WQNLnn1`01O01OO2O1O5K2N2N2N2N10O0100O0100000011N10O000O0010O01O010O010001O2N2OO1O2N8G3LoohT1
20150623152934Ch_6,hc`Z35jo14M3M2O2M2O2N3L2O0O100O7I2N010O1O0010O010O01OO2O0N2O2N0100O2N101O002VQNoNbn1Z1N0O101O0O2N2N3M5K2N1O10O1O1O1O001O001[OmQN[OSn1d0PRN[Oom1e0SRNYOmm1g0TRNYOkm1h0URNWOlm1MmQN`07Ckm1LRRN`03Bmm1KSRNb01Aan1:aQNBdn1;b0O1M3M6IcZWa0
20150913082034Lh_1,g]iT16jo12M2N100000000O1O1I7O101O01O0010O000001O001O00000000001O1O1O2M2O1O1O0O2O0O2N2NWbfh2
20150913082034Lh_2,PV[a18go12O10O00000001O001O001O1O001O1O1O4L3M1O2O0O0100O0010OO2O00000O100000010O4L2N2N1O101N001O000000001O0010O01O0000000000000000O100010O000000001O01O001O01O001N101M3NVibY2
20150913082034Lh_3,\am^22eo1;M1N2O001O0100O2N100000000O11N100N3I7N1O2N1O10O0O2O2N2N2N3M3M100O2N100O100O10000O10O0100O100O10O010O1O100O1001O2K]_^]1
20150913082034Lh_4,^TQ[26go15L3M3M2H8M2N2AYOdQNh0Wn1b0010O[O`NlRN_1Um1mN`RNj0im1d03L3G:G9K6H9Lmmdc1
20150913082034Lh_5,ioTi24ko13N1O10000O1000010O001N10O100O1O2M3MeP82PoG=M2N1O01O1O2N3KYojT1
20151003081954Uh_1,_fR_25eo18L4L6fPN_Oln1n0L3M3M2N1O1NXOdQN0Zn1MmQN1Rn1MSRN1lm1OVRN1hm1O[RN0cm10^RN1`m1ObRN1\m1NgRN1Xm1OjRN1Tm1NoRN2Pm1MRSN3kl1NVSN2hl1OZSN1dl1O^SN1al1NbSN2[l1NgSN2Xl1NiSN2Vl1NkSN2Tl1MnSN3Ql1MPTN3nk1NRTN3mk1MTTN3jk1NVTN3hk1MZTN2ek1O]TNObk11aTNM^k14dTNJ\k15gTNIYk16iTNJVk15lTNJSk17oTNGQk18RUNFoj18SUNGmj19]2O2M3MiZo]1
20151003081954Uh_2,g^gY21mo15L2O1N2O4L1O0O2O0000O0100O1O010O10000001N100O2N1O1O100O100O10O10O010000000O100000000O0100O10O10O1O10O01O1O1O1O001O1O0O2M2O2N1100O1O1O2O1N2M4M4KQbfa1
20151003081954Uh_3,ne`f27ho12O1O1000O1O001O010OO2O1N3M4M4M4L5K1O00O100DRQNDon1;SQNCnn1;UQNCkn1==O001N101O001O00100O00010O01000O010O100O010000O0100O010O010O10O0100O100O1O1O1NoX]U1
20151015170634Ch_1,QZSj01no11O1O1N2O1O0O2K400010O000001O0O2O1K5M301N2N100O1O001O0O2O0010O1O010O1000001O100000003L2M3N2N1O1O100O2N2N2N10000O10O1000O010O1O1O2N1N2NTfdQ3
20151015170634Ch_2,VaZj0:co14L3O1O1O0000J6O1O10001N1010O10O10001O0000000100N2O0O1O2M3M3K4O1O10L3O2O0101O00O010O0O2O0010O100O1N3N1O2O001O11O1N0010O0000001O1OEoPNIPo16RQNHnn18SQNHmn17TQNHmn17RQNJnn17QQNIon17PQNJQo1a0101N102N2N10O000001O000O100O101O000000O1O010000O01O10O01O001O10O01O0001N101O01O001O01O001O1O001N2N101N2N100O2O1O1O2NU`_m2
20151015170634Ch_3,VQSc03lo13N001O0000O10O1000001O010O00001O0O101N1O1O101N1000001O000O2O1O2N10O100O1O0010O1O1O1O1N2O1O2N2M2O1O1OTOUQNc0kn1\OWQNd0in1YO[QNe0en1ZO]QNf0nn1101N2N1O1O1O2N1O1O1000nNTQNP10ROjn1S1jQNjN_m1V1^RNnN`m1S1SRNkN43hm1[1VRNgNim1Z1URNhNkm1Y1RRNiNmm1f1O10O01O0O101O0O2O2N2M2O3L6J2O0O`NjRNXO6:ol1<oRNVO9:gl1?QSNVO;:cl1NPSNK2K><_l1LSSNL0Ka0>[l1HVSNONId0`0Zl1CVSN3LJg0?il1G`RNIj0>fl1HaRNIl0=cl1JaRNHo0<`l1LTTNJlk15WTNIik16R2O1N\2OfM3L4M100O2O001OEaPN3io1N0NbP2M_oM9J2N2N11O101O00O10001N10O0011Nd0]O00O0O2N2N3J:]O`iTT3
20151015170634Ch_4,if`U16jo12N3M3N1O1O6JO1O2N1O00O1O2M3N2O1O1O6J4N05J01O01O000O100O2N0101N4LDTQNGjn17XQNLen13\QNNhn1KZQN5fn1J[QN6cn1K^QN4bn1K`QN5_n1KbQN6[n1JgQN8Vn1GmQN9Qn1FPRN<nm1CTRN>jm1BWRN>hm1AZRN?em1A`RN;_m1EcRN:\m1FgRN8Xm1GlRN8Sm1GnRN:Pm1ERSN<Xn11N2N2N3M6K2N1007H100O01OO2O1O2N2N10007JO000001N2N2N2NjU_e2
20151015170634Ch_5,`llT25Zn1MmRN=TOFTm1OeRN0P1`0RODWm15bSNk0UOkNPm1;jSNU1UO`Ngl1<STNi1^k1XNaTNj1^k1VN`TNm1^k1UNZTNS2ek1oMWTNU2gk1lMVTN\2dk1Q1OhMYTN8gk1AcTNeNE32b0gk1c0fUNkN^N1ok1R1eUNjN`NOok1T1eUNhNlj1W1o1O1O1N2N1O100O2N20ODTQNEnn1KVQN2O2Yo1IjPN6ao1N2NeTSi1
20151015170634Ch_6,\aiX25ko12[PNJ\o1b0aPNBRo1f0O100001N1O2N1010O1O00000O1O1000000001O001N101O0O2N1DhPNM\o10j^Xe1
20151015170634Ch_7,j_]m12mo13_RNOoj11lRNO<2d0OUl1OjRN329n0F^l13aRN:o0D_l1l0`SNUO^l1m0RSNPOF4Xm1m0PSNROE2[m1m0cRNlN4f0Ym1i0bRNXO`m1d11iMPSN\1km1121J2O0O`NnQNR1Rn1mNQRNQ1om1mNTRNQ1nm1mNTRN?HJgn13]QNKhn1O[QNMg\XQ2
20151015170634Ch_8,g[oZ13lo12N3N2N1O1O10O001O1O001OO1000O10O1000000001O00001O01O010O3N1O1N010O100O00100O010O1O1O1O1O001O1O1102L4M1O1N2N100O0010O01O1O001O00010O000000001O00001O001O01O000001O001OTP6NloI4N1O001O01O01O0100O001O00010N2Olb`^2
20151015170634Ch_9,SY]i13jo13O1O000O001O1N3M2\Od0G9M3002K5lNaQNb0Yo1E7Jfg^U2
20151026171014Mh_1,ncod23lo11O2N1O1O001O001O1N2N2N2F:O01000O00100O010O100O1000O010O1N101O1O001O01000O01O010O1O001O01O01O00010O1O10O0100O1O1O010O01O01O001O1O1O0O2O0001OO101O000O110O000100O00101N1O1O1O10O10O01O001N10001O1O01O01O000001O000010O000N2L4K6L300O101O000O2O00000O2O0O1O00O1000010O10O1O2M2O101N2O1N2N2O1O001O001O00000001O001N2O1N2O1N2N3M3N2N2N5J3N2M2L4N1N3M3J7M2N3N1N3N1O2M2O1O3Jh`ho0
20151026171014Mh_2,PXQf07go15SQNGlm1=mQNIPn19mQNJP1F^k1d0]SNKP1Eak1b0]SNK:HGN_l1c0ZSNL:<Xl1f0eSN]Oa0lNej1R2aTNWOg0lNcj1]3QUN`LE:Wk1Y3oTNQMPk1P4N20O0010O0BYKdUNg4\j1]K`UNd4_j1>1O1O1O2N1O100O1O1O101O0@QUNnKQk1n3TUNPLmj1m3VUNRLkj1l3VUNSLlj1k3VUNTLkj1j3VUNVLnj1e3SUNZLQk1b3PUN^LQk16cTNi2<RMRk1NjTNm25TMek1k2[TNUMhk1g2XTNZMlk1b2TTN]Mok1`2QTNaMQl1\2oSNdMTl1Z2kSNgMYl1T2hSNkM[l1R2fSNmM]l1P2cSNQN^l1m1dSNQN^l1n1bSNQNal1l1l0M2N3M1GlQNdNWn1Y1:M3F9N3O0O2N1O1N3M3M3N2O1N2N2N100O1O2NQgTU3
20151026171014Mh_3,kgb^14ko12N3N1N3M3N3M10O010O1O100O000010O001O1O1O100O1O1O10000010O2N0O100O101N2N100O100O02O1N4L1000O1O001O1O1O1O0000000001001O3L1O2MmV_]2
20151026171014Mh_4,d`Ui11jo1;C9J5M2M3N1M3M3O00001N2F9^OgN_RNX1bm1nNXRNR1im1b00O1O101F9O1ETOjNeSNU1[l1oNaSNo0al1TO]SNj0el1XOXSNe0ml1[OQSN>Wm1DeRN=]m1EVRNd0mm1c04O1N3N1M3N3M3N2L4L4M2N3N1O1O001N10001O0O2N2O00O10000000001O01O010O1O1O1O00001N100000010O01O000010O000O1O10001O01O001@CWQNc0fn1<01O1O10001O0010O3N?@1O001N100O100O100O1O1O100O1O10O01O010O10O010O0100O010O010O10O010O00010O01O1O1O\dRn1
20151026171014Mh_5,Z^gR13do1:N2N1000100O010O1O010O00000001O0000001O1O001O1O4L1N2O00O100000O1000O100000O100000O10000O10O1000O10000O010O100O001N2N1O10000000N20O1O1N201N1O2M2O2N2N2O1M3L4N2N2O1NA_QNC`n1=bQNB[n1`0gQN_OWn1b0kQN]OSn1c0PRN[OPn1e0QRN[Onm1d0URNZOjm1b0\RN]Odm1b0_RN\Oam1c0n0OO2K41N3O0O1O2O0O10000O1O100O10000O1O010O1O1O2N3N2N3Lddje2
20151026171014Mh_6,hhdo23ko1;F100O10O100O2O001O1O101OO010O100O1O100O100O01O1O001O100O1011O2M0O10001O2O00O00000O2O0O100000O1O1O1N2O1O10060J1O0O100000001O0000001N1O1O2N1O1O2O2O10O7H2N102O0N002N3L3M2M3L^Tmj0
20151026171014Mh_7,ldZV33lo12O1O000O11O000O1000O1000000000000O0100000O010000000001O0000000001N10000000O10000001O00000O1O10O010O100O010000O1O010N100001O01O01O10O01O010O10000O10000O2Nf[id0
20151026171014Mh_8,TidS18fo14F9M3L4M2N3M2N1O2N2NE_QNZOan1b0a0M2O2M2O1N2N2O2O0001O0001N10001O0010OO2O001O00010O002N1O[Xii2
20151117212434Ch_1,e`Xi23ko14L4M3dPNFmn1i0L3N2N1O101N100O1K5N3M2O2O001O1O1O2N001NCkQNROTn1;SRN@O1nm1=VRN@O1jm1?YRN^O01gm1`0oRN\ORm1d0T1100O00100O10O100000000001O00001O00001O001N1000001N1N2M4N100000001O010O0001O0O2O00O0100001O1O2N3L2O1N3N3bQNdNRn1e100001N2N2N1D=M3M201N100O1O10O01O10000000O2O00001O10O01O1O1O1O010O00001O00O2O000O10O01O100O10001O1O0010O01O100O100O001O010O01O100O1O1O010O01O0000010O001N2O2N2N1O1O1N2O1O2N2M3N1N2O1N3LX_kk0
20151117212434Ch_2,_`Wg16io12N2O1N1010O01000O10001N10000O00010O010O01O001O001O001O01OO1000000000000000000000000000000000000O10O10O10000O2O0N3L4M200O01O1O1O100O02O0O101O1N2O1N100O1O001O001O001O001O001O010O0ROoNnRNQ1Pm1TOkRNm0Vm1VOdRNk0_m1VO_RNi0bm1YO\RNf0fm1ZOYRNf0hm1ZOWRNf0jm1[OTRNe0mm1\OoQNf0Rn1c01O1O0O01O01O1O1J6M2NN32O1O2N00O01001N1ON211N2L5^OVQNDUo19>J\blP2
20151117212434Ch_3,QXQh23ko12O1O1O01O010O10O1O10OO2O00010N10001O001O00001O00000O1O100O20N1000001N1O10O1O1O1N2000O100O1010O01O001O0001N100O2OO100O01O1O100O0100N1001L4M3O011OO2O0O1O1L4O1O100O1O2O1O0100O0O2O0O100001O001O01O0O11O001O001O10OO10O1O2N100O10000O001M3O1O2O1M2O2O1O0001O00N3N10O10M3N2NI[QNWOdn1j071VOSOcRNn0\m1YO]RNh0cm1_OURNc0lm1g01O3N1N101O00O2O0N2N3H7M3K4N3M1OO2O01O2O10O011N1O101O1N101N2M4N1O2N2N1N3M3M2N3H8M2O100000O1O1O10O0O1O2O0O2O0M3O2O010O10O010O00010O01O1O1O1O2N1O2M2N3M3M3N6I`o\j0
20151117212434Ch_4,dlda2>8Fkn1k0L3L3O0001O2N1O100001O1O2O0WSNoNoj1e0iTNCWk1=dTNF_k1:\TNGgk1;TTNESl1>cSNBal1<\SNDil1:USNEol1=URN_O;2em1l0WRNTOlm1l0QRNTORn1[14L4L3M`0@6J3N1N2O1O1O001O2N1N3M2NSQg[1
20151117212434Ch_5,ilnW34lo11N201N101oPN<bm1HURN?jm1l01O00001O0WOSRN]OPn1:ZRNBom1M\RN0VPUg0
20151117212434Ch_6,f^SQ1:do14M4J7J4M2N0N1O100101O100O101O01OO10000O001M2N11O100O2N00OO11O1M4M200N2O01O01000O2J6D<O1O2N1O_ObQNC^n1<fQNAYn1?jQN@Tn1`0oQN^OWm13jRN?0]OSm1>fRN68YOnl1k0dRNMlm1V1MKXRNUNim1j16iN]RN4cm1L`RN1_m1JkRN2Um1LSSNNml12`1O100N3O00001O00010O01O000000O1O10O11O000001O01O001O2MbfZi2
20151204133714Th_1,UV]S25ko11O1O5K2O1O1N10O10O01N100O2O0O10O01000000O100000000001O1O0O2O000000O101N1O100O10000000001O0O101O001N2NciZi1
20151207173614Mh_1,XV_T13lo12N1O10001O00100O100O010O00001O00000001O000010O01O010O00010O00000000O1000000O101O00O1000000O10000O10000O10O010O1000000O10O01000O010O100O10O0010O01O10O01O001O000O2O1N1\OG`QN<_n1G[QN=dn1?10O01N2O1N2N4XOnPN;bo1H6K`j`e2
20151207173614Mh_2,ai^R27go15M3L3N2N101N1O1O2O0O10O0100O2O00001002NVQNCQn19nQN0lm1NTRN;em1CZRNb0dm1[O^RNe0cm1WO_RNk0NROml1NYSNQ1DVOnm1_104L2;FN1N2N9G00\N\RNj0cm1ROeRNk0Zm1QOPSNj0ol1TOXSNh0hl1TO]SNk0om1N13L1N10O100O11O0101M2N3M3M1O0O2O1O1O1O1O1O0O2N010O1O1O100O2N1O1O1N]Pmh1
20151207173614Mh_3,RZoc08do14N2O1O10O\OEdQN;[n1HdQN7\n1JcQN6\n1LdQN4[n1MeQN1[n11dQNO\n12eQNL[n14fQNJ[n16g00O2O0O11O000001O0O1000000000000O0100O100O0100000000000001O000001O00010O1O1O2N1O1O100O001O10O0100O1O1O1O3LXPj02goUO2N1O2O0O00100O010O0O101O0001O00001O0010O01O1O2Mho;3VPD1O100O010O02N1O1ORi\T3
20151214171854Bh_1,cPkf12mo12N1O2N100O1O2N1O001O0001O010N100O20O1O001O00000000000M3N3N101O001O0000010O00000O1O2N101O1O0000L4N2M3N200O02N001O100O1XOGjQN8Wn1KeQN6\n1KbQN4_n1O\QN2fn1c02O0O2N1N2N3M2O1N3N1N3N100O2N1O1O100O2N1N2O2N2NTReS2
20151214171854Bh_2,nacm1;do13N1N2M3N1O1O2O0100O1O10O0100O100O1O1O100O1O1O001O0O101N100O10O100000001O00000O1O1O1N2N2O100O100001O001O000O2O001O001O000000001O0O101O000000000001O00000O10O01O001O001O10O1000O010O00000O0100O100001O001O0O2M3O1O100O100O1O10O001O0O2O1O010O1O1O1O101N100O1O1O1O010O1O010O001O0010O00010O00000000001O001O1O001O010N110O01O1N11O00010O0010O100O01000O2N100O1O01O00100O1O1O001O01O1L4O1O1N4Mn_`f1
20151214171854Bh_3,Vi\[13lo12N2O0O2O00010O001N10001O0000010O0100O0100O1001OO100O100O1000O0101O000O2O1O001N102O2OOO01010OO00000000001N101O1O00000001O0O4M3M0010O4L4L101OO01O1O1O1O100O1N2O00001N2N2NPTY_2
20151214171854Bh_4,l_jk23ko13N1N1O2O001O001O000O2O0O101N110O100O1000O2O0O100O1000000O10O10O1000001O0O2O0O1O2N2N2Mh`]Q1
20151214171854Bh_5,bTmX16go15G8H7M3M3O1O01N2M2J7N2O1O1O1O1O1O100O1O1O1O100O10001N2OVlXe2
20151214171854Bh_6,SV[j23lo12N1N2O1O1O1O1O001O001O1O001O0001O01O0001O00010OO1000000001O00001O000000001O000O2O01O00001O00O2N2N3KZk^R1
20151214171854Bh_7,oZgZ22lo15M2N001O001O010O01O1O0010O010O010O10O0001O00010O000O2O00001O0001O1O001O001O001O00001OO1000000000000O100O10O10O100O10O10O100O100O10000O010000O0100000000O100000000000O100O100O10O01000O10O10O1O100O1O1O001N2O1O1000O10000O10001O001O000O100O1O00001N1O2O1O2N3L]eX]1
20151214171854Bh_8,UZed23lo12O1N2O1O7J1N1O1O001O0100O100O1O100O2N2O000O10O01000O1000O0010O00100O00100O0100O2N1O1O1N2O2Lod\X1
20151214171854Bh_9,eacY13ko13O0N2O001O1O1O001O1O001O00001O0O2N1O1O1O101O00010OO2O0O1O1O2M2O1O100010O0000000O100I70O1O2M3N101O1O0010O010O1WOJgQN6Xn11bQN0]n1j0O0101N2O3L2O1O1N2O2BoPNHTo14?Lf`na2
20151214171854Bh_10,ifhZ13lo12N2N1O2O000O101O0000000001O0100O010O00100O1O10O2O000O010O10O010O10O010O10O0100O2N2N2MfX_b2
20151214171854Bh_11,[]hg01mo15L3N2M2O1N2O001O10O0101N10000000O100O100O01O2O000O2O2N5K2N00000O010O100O1O2O0O1O2N10001O0000O2O1O1N2N1O10O01O001O01O00010O00100O1O1O1O1O10O01O0010O01O000000001N10000000000000000O1000000001O001O1O1O1O1O1O001O1O001O1O00001O001O0010O000000010O0010O0100O2O1N102N3M0O10O010O0001O000001O00010O10O010000O100O1O001O1O1O1N101O1O00001O00001O000010O01O001O1O011N1O100O1O0100O2OO01O10O001O010O001O001O0010O01O001O1O1O100O00001O01O0010O010O010O0100O0010O01000O10O100000001N2ePNARo1h0O000000O00100O100O3M2O2M2N1O2O0O1O0010O0100O010O010O01O0010O001O00010O001O1O00010O00001O001O1N2No]ef2
20151214171854Bh_12,PWW]14jo14M2N2N1O2N2O5J3M2N1N11N1N2M4K4N2O2N1O1000O101O00010OO2O00001O00001O1O001O010O01O10O10000O10O100O100000O200O001000O0100O00001O0001O01O000010O001O0001O001Niil]2
20151214171854Bh_13,m^]i06do1>ZOb0J3N2O0O2cQNhNO10M\m1Z1cRNFVm1:hRNKVm1UOiRN?2=Um1POQSNHL>Ok0Vm1iN[SN:_Om0Qn1oNQRNP1Rn1lNQRNS1_n1M6J8H6In_^U3
20151227133734Ch_1,UifX23lo12O1O100O10000O0100O000001O0000O1001O0O100N3N100O1000O11O0000001O001O01O01O000001O00001O010O00001O001O001O001O01O01O1O000010O0000100O00100O010O1O101N1O101N3M4M3L8I5J2O2M3N1OWOgQNLVn14nQNJQn15SRNGnm18TRNGlm1:SRNEmm1<TRNCmm1?oQNBQn1>nQNCRn1=mQNFRn18mQNKRn14mQNMTn13iQN0Wn10hQN0Yn10dQN3\n1h0001O1N2O1N101N2O1O1O2O001O10O1O<D2M1O10O1O1N2N3M2N3L3M3N3M2N2O010O1O101N100O101O0O100O10O0101N100000lTNAff1?XYNCif1<VYNEkf1;RYNHmf17SYNJmf16RYNKnf15QYNK^LKki1:eYNMYL0Rj13cYNOXL1Uj1ObYN2VL2Yj1L^YN5VL1\j1J[YNm0ff1TOaVNEb1Y1ng1RO\VNHd1Z1ng1oN[VNIe1[1ng1oNYVNF[1JZNc1Sj1nNUVNF[1MXNc1Xj1lNlUNK]1k1hh1TOVWNn0jh1SOoUNcN`0^2ci1oNjUNfN1MLc2[j1kNfUNhNNX13F_j17\UNnN0T18Ebj1W2aUNXMF\OWk1X3UUNYMUk1n1\TNQNc0OUk1i1aTNoM`0M\k1o1YUNPNkj1i1ZUNUNjj1f1n1XOhQNVObn1c0b0L5J6G\Re[1
20151227133734Ch_2,ebWc22lo14N3M4L4M0O101000O1O00O0100O010O001O01O01O100O1O1OO1J6N2O100O01O1O1N101000001O1O1O101OO2O000O10O000000001O1N2O000O1O1O0100O1O1O1000000O1O1N100100O100O100O1O100O2O000O01O100O01000000O010O010O10O100O1O2O1N1O2M2I6001N3N1O2O1O0O2O001O01O01O0O100O1O1O0010O00100O10O01000O010O0010O0O2O0N2L4001O1O1O1O0010O010O1N101O10000000O100O00100O1O1O1O1O10000001O0O01O0010O000001O10000O10O10O1O10O01000000O1000000000000000O010O0O2O1O100O100O1N1001N2O01O1O0IDkPN=To180O2O0O2K5N101O0000O10O010O001O2O0O100O100O100O01O1O10O010O1O10O001O00100O0010O100O10000O01O1O01O001N1O200O1O1Nj_^k0
20151227133734Ch_3,hhXV31no12nPNNSn14iQN1Tn11jQN1Un11hQN1Wn12YQN<fn1`001N3M10O1N3M9F5I6J6L5HiVch0
20151227133734Ch_4,gXm`03ko14\PNKXo16gPNMVo15hPNMUo1a0N2N1UOYOZRNj0Wm1YOZRN45h0Vm1]1N2M200O01OO201O001O1O00000010O010O00N2O02N10O1OSORSNkNnl1i0lRNiNc03al1R1RSNgNb03Ul1\1ZTNaNfk1_1]TN^Nck1c1\11L4O10000000O00H7100O2N3O00000O100O10001OO100OZOZRNTOfm1e0bRNYO^m1:PRNHg0H[m1=[1O11K4O2O0O1O2N101O1N3N1N2N2O1NXOZQN:cn1G`QN9]n1HeQN7Yn1IjQN7km11WRNOhm12XRNNgm12ZRNNgm11YRNNhm12YRNLkm17oQNHWn15hQNJ]n13bQNLol1JQTN9POLnl1MSTN6nNMnl1OUTN2nNNml11VTNOmN1ll11WTNMlN3nl10mRNEU13RO9kl17`TNK`k14_TNMbk12^TNOak10`TND]N3Rm19bTND^N0Qm1:bTNFaNLml1=dTNGfk18\TNHck18^TNHak18`TNH_k18bTNH]k17eTNIRk1JUSN;m1Jlj1?VUN@jj1?XUN_Oij1a0[2O100O001M20O2N100001N10001O0010O1000000000000000O2O2M2O1O01O00100O2N001O001O01O100O2M2O1N2N2O01N100O10O01N101O0O2N200O10O2O001O1O0O1000O100001N1000001O0001O1O1O001O010O10002M1O1M4N3M1O0100^OlPN7To1FnPN;\o1O101N3M1N101O00001N2NcmVQ3
20151227133734Ch_5,n`bg15jo11_PN;fn1HSQN>mn1:aRNROlk1P1lRNRO0h0_l1VOjSNc2Tl1_MjSNc2Tl1^MfSNi2Yl1XMeSNi2[l1WMdSNP1Lb0^l1_NfSNf0LVO942g0Ql1ZOgSNe0U1YOgNa0Xl1BkSNd0b1IWi1@UVN4ROb0d1JPi1EXVN0TOO5Ma1a0jh1EZVNOXOK5Nb1MXN=]j10WVN11Bb19Th16UVN1i2ERg1:RVN2P3Bnf1=oUNNY3Dgf1?nUNLRn15kQNLVn15fQNM[n15`QNM^n1k0NK6001O0O2M3NKhQNfNXn1[160010N2kNcQN0L2on1JdQN1b`SV2
20151227133734Ch_6,gYaR24lo12N2N1O3M4M1N3N1O2N1O2O04M1M100O10000O100O101O1N1O1O1N1O1O2N1Nhd^k1
20151227133734Ch_7,ZmPf14lo12N2N100000000O1000O010O010O000010O010O0010O01O01O00001O01O001O1N2O1N3M2O00AiPN6bo1N2O2M2MYP80goG3N001O01N2O`QcV2
20151227133734Ch_8,ak`e13lo12N2O000O10O2O000001O000100O010O01O010O00000010O0000010O0001O010O0100O10O100O1000O100O10O0001O00010O000000000000010O000000000000O10O010000001N01000000000001O0100O00000001O000O101O000O100O101N1000O100O100000000I^PN0ao10bPNN]o137100O1000O3LVT[S2
20160116133734Ch_1,Z^`Z18`o1:L6L2N10O0010000O10O100O0010O01O00O1O1N2N3N1O101N2O1O10O100O1O101N2O1N10000O101O11ZOhPN`0^o12L0WQN@Rn1X10N2N2N1O1N3M4L2N2O1N2O1O1O1O1O1O010O100O4L2N2N1O3Kl_Qa2
20160116133734Ch_2,b[hP23lo12O0010O001O2MVP83goG2O0O1O100N2O2N2N2O2M3N4L2O2M3M3M101N101N4L4M0O0O10O1O1M3K4O200O100O10O10O100O1O2N1O1O10000000O10000O10000000000100000O100O000O10100O2N2O000O010O1O100O0000O10000000000000001O00001O01O0010O01O101N2N2N2N1O100O1O00000O10O1O0O2O2O0O101O0O100O100000001O000O1001O0000000001O001N101O1O1O1O001N10000O1000001O000001O001O00000000001O002N1O1O2O2M2N1O3N0O2N2M2O2L3M5L2M3O4M3NO1O0O1O1O1O2N1O001O0010O0001O010O2O0O1O1O00000O101N2O0O2O1N2O1O1N10001O1O01O01O1O010O0010O1O1O100O1O3M2N2N2N1O1O3N2M2N01O0O2N1N3M2N3N2M3N1O3M2N2N2O1O1N2O1O01O01O10O100O001O001O001000O1O010000O1O100O2N1O3M1O1O0000000010O0010O010O010O1O010O1O1O1O0010O010O0010O10O01O010O002N2N2N01O000O2M3N2N2N1N3N2N2N2O1N2N2N1O1O2O000O2O0010O01O0000010O000001O001O001O1O1O5K2N3M3M2OO0O1N3N1O101N100O2O1O000010O001O1N2N1O10O100O2M3N2N1O2O001N200O010O1O00001OO1001O00001O10O0010O0001N100000O10001O1O1O1O100O10000010O0O010O01O1O1O1O2N2N100O00000000010O010O10O010000001O1O000O1O1O0O2N1O2O000O101O1O3M1O1N2O1N10000O10001O100O2O:E2OO1O1O1N1K6M3N1O1FTQN_Omn1?;O001O0010O1O1O1O1O1000000001O00O01000O1000001O00001ODnPNJRo15QQNIPo15RQNKmn15TQNJmn15TQNJln15?100O10000000O2O1Nn_ml0
20160116133734Ch_3,T[W]14ho15N1N3N1O00100O00O101O0010O010N1O1N1O3E:I7001O0K5K4O101O0O2O101O001M3O1O1O1O10O001O001O1O0100O1N3M6Iifb_2
20160116133734Ch_4,chXT13lo12O001O00001O010O000000000000001O0000001N1O1O100000000010O01N2O1O1O000OO1O1M4N110O0100000000000000000000O1001O007H_WSh2
20160116133734Ch_5,feV[21ko17L3M2N3M2N2N8H4M2N1036KN01O1M3O21L10N1020O1N002lPN[O7HVn1i1JOoQNXNhm1R2N2N3L4M3LgMdRNQ2Zm1lMjRNh0M;Wm1kNSTNS1dm1J4M5K1N1N3M1O00O100O100010O001N3M4LeU_a1
20160116133734Ch_6,gZhh13ko13N2N100nPNNVn13fQN6Sn1KjQN9Un1HfQN<Zn1e0O10N2O1J6O1O0N1L5000100O1O100O1O10001N1001O000010O01O0001O01OO101O000O2O001N101O001O01O0O10010N100000O100O010O1N101O2N1O2O1N2O1O1O1O10O0000O2NWeWR2
20160116133734Ch_7,hmlc02lo12O1O1O1IJbPN8[o17O2O01N2O1O001O00000000O10O01O100O1N2O10O010001O1O1O0O2N1OO2M2N3N2000001O100O2O2N3L2NmSQY3
20160116133734Ch_8,]hRh1:eo12N1001O1NePNIQo13PQNO`o1001O1O1O1O1N2O10O010O0101N10001O01O2N01O1O1N101N3M2O1O1O:GnNSQNn0Qo1N1O1O1O1O101N3M101N2N7I2N1MaUgT2
20160226151654Bh_1,RkXo22mo12O0O101O0000001O000000001N10000O00100O010N2O001O1O010O0100O2O001N101O00O10000O1O1O2N10O010O01O010N200O1O100O101O1O1O2kPN\Ojn1n0O1O1O000010O01O0100O2O001N101N101N3M2N2N1O1N2O1N2O2M8H3LbTUk0
20160226151654Bh_2,RcTe22lo13N1M3N101O1000O0100000000O1iNN`RN2`m10]RN1cm10[RN1em10YRN1gm11VRNOlm12PRN0Pn13kQNOVn13cQN1^n1g0101O00001O0000001O00001O000010O000O2O001N2O0O1O2M2O2N2O0O2N100001O0O10001N10001O0O1000001O0010O01O1O101N2N1O1O2N2N2N1O000O2O1O001O001O0001O00001O1O100O1O1O100O01O001O1O1O1O100O1O10000O0100O1O101N1O101N2N2O1N1O101N2N1O2N01000QUNbN[g1^1cXNdN]g1\1aXNfNag1[1ZXNfNgg1\1UXNfNlg1Y1SXNgNng1Z1PXNfNQh1\1kWNeNVh1^1^UNWNh1;jh1P2TWNPNmh1Q2QWNPNoh1Q2_UNcMl0>di1P2^UNfMk0;gi1o1\UNiMk08ji1BPUNW2;QNi07Sj1f1QUNWNi05Xj1\2TUNQM2d0Vk1o1fTNaM0b0\k1k1bTNkMJ=ek1g1^TNlNek1T1WTNnNkk1c21N1O1O2_NXTN\NG_OXl1c1jSNVN=b0HAUl1b1]TN_NKNjk1j0mSN[O\1Ikj1e0oSN_OQn1M`RN1YXaP1
20160226151654Bh_3,RXch25jo12N2N2HGfPN:Xo19O00001O01O001O1O001O1O1O1O2N100O010O01O001N100O100O100001O0O101N101N101O1N2O1N2Njg`T1
20160226151654Bh_4,kZgY15io14M1N3OO000O01O101O10O10O01O1O0001N1010000O2O000O001N10L4O2O001O001O100O1O100O3LQffc2
20160226151654Bh_5,icPU28fo17I4L6I8I5J5L4MSOfQN8Xn1DPRN;mm1AbRN6\m1GiRN9Xm1AmRN?Zn1001O1O10O001N2N2O0O1N3N1N3MjZYi1
20160311020654Uh_1,gbml11mo13O1N10001N2O0O2O1O0O2N1O2N1O1O1O10000O1O1O1N2O100000000001O1O1O1O10O01O1O001O000001N100000001N2O1O2O1N1O010O01O00000000O100000000O101O0000001O000001O1O1O1O1O1O001O100O001O2N2M3N1N1O1000001O00000000O100001O00000000000000001N100000O100000000000O0100O1001O000000000001O001O1O1N3N2M2O000000000000O100O2N1O2O0O2O0O2N2N2O0O2O0O2Nn\lh1
20160311020654Uh_2,ba`T3;bo16L2N2N100000O100O1O1O100O101O00001O000000000001O106I2N101N0000O1O1O1O1N2O1N2O100O1N2O100O1000O1000000O10001O00101N4L2O0O0010O1O1N2O001O00001O00010O00001O01N101O1O010O100O2O0O3N0O1O1O1O000001O001N2O1O1O100O010O02O0000O1000O1O2O0O100O1000O100O2O001N101O01000O0O1O100O1O00001N101O1O2N1O1O10O01O1O00001O0O3Le\ma0
20160311020654Uh_3,V[Xl14ko11O10O100O1OO2O1O001O0001O2O0OPPT1OookN5M1O2O1O1O1O2N3M2N3M3M1N2O1N1O1000000001O001O0001O001O2M2O2_OnNoQNT1om1a0M5L3N1O001O1N1O1O1N2O1N1O2O0O2O1N2O1O01O00000O100O10O0101O00001N10001O0O2N1N2N2O100N2N2N2O1O0100O100O2O1O2N2N001O01O00000001O01O000010O101O0O1O1O01O2N1O4L3M1O1O00100O10O010O1O011N100O10O1O001O1N3QOmQNMTn10PRNNRn10nQN0Sn1NoQN1Rn1NoQN1Sn1LnQN5Rn1IPRN6Qn1IoQN7Rn1GPRN9Pn1ESRN9nm1E_RN0am1NbRN0_m1OcRN0^m1MeRN1in14H1O1O3N4M0000001N1O010O001N104K3M2O1OUOnPNi0Vo10N1OO2O0N101N1O2N2N3N0O110O10O1O1O100O1O1000O02O4L001OO10O0100O11O1N3M1O100O010O010O2O1N10O01O100O10001O0001O01O3M2N100O01O1O3M100O01O0O11O00O101O00oN\QNe0dn1WObQNg0mn1O10N5K4L1O0O100O^OXQNMin1OgQNDZn1;f000O2O00001O0000O10000001O1O1O1O1O1O1N2N^_e`1
20160311020654Uh_4,R\mi01mo13O1N1O1O1O010O100O1O1O10O010O100O100000O100O1O101N1O1N2O0O2N2O1O1N3L3N200O101O0O2O0O2NUO]QN<`n1DeQN9Zn1GjQN7Tn1JoQN3Pn1NRRN0mm10VRNMjm14YRNIfm18Q10O1O100N2O1N101O0O1N201O01O2O2N1N2O001N1000O0101O0O2O001O2M4L3M\ejP3
20160311020654Uh_5,SkPo23jo15L2O1O000000O1O101O01O0O101N101CGRQN9mn1KPQN5bn1IaQNd0_n1<3O1O1N2O0O2N101O0O100JoPN^OQo1>:K6N2O001O1O0100O1000O1001O01O1O0O2O001O000001O001O001O1O1O00000O10000000O2O00100O010O010O00001O01O00010O01000O010O10O10O1000000000000000O010O010O10O1000001O1N2O100O001OO3N3M10O1O1O10O01O1002M2N000O2MjTeh0
20160311020654Uh_6,Xb^_13mo11O2N2N10000O100O100O2O0000O1O10O01O1O1O010O010O01O01O0010O0010O010O010O10O001O00001O001O010O01O1O10O010O010O010O00100O001O1O1O1O100O0100O1O10O01O010O10O10O100O01000O010O1000O010O1O100O010O1cPNETo1;iPNHWo1a0000O10O10000O010O01O0001O0010O0100O100O100O0100BkPNOVo1OnPNNRo11oPNORo10oPN0Po10PQN0Po10PQN1Po1NQQN2nn1NRQN3mn1MTQN3kn1NUQN1kn1OVQN0kn10TQN0ln10UQNOkn11VQNOin11WQNOjn10VQN0jn10WQN0hn10YQNOgn11YQNOgn11ZQNNfn12[QNNcn13]QNLdn14]QNKcn15d001O0000000000O100000000000001O000010O1O1N3Mb[SV2
20160311020654Uh_7,SdTc22mo12O1O1O00100O1O100O2O0020O00O1O1O1O001O1O002N1O1O2O00O1O2O0000O1O2ON2O1N7H_Z_Z1
20160311020654Uh_8,[dbh04jo12N2O1N10O11N101N11O001O000000O100001O0O110O0001O0010O00010O1O100O100000001O010O0100O102N0001O1N2N2NU\WT3
20160312020554Uh_1,^_Ve29eo13L3N2O001000000000001N1N2O10001O2M5L7I2M2O1N3N1O10\OdQNC[n1<gQNDYn1:iQNEXn1:iQNGUn18nQNGRn18oQNHRn16oQNJQn15PRNJPn16QRNJom15QRNKPn14QRNLom13RRNMnm13QRNMom13RRNLom14PRNMPn12QRNMQn12oQNNRn10oQNORn12lQNOSn13jQNOVn16cQNL\n16aQNK`n1k01N1O2O0O4M2N1O3L3M1O1O001N2O1N2O1O01O000O10000001N3N5B`PN0l^SV1
20160312020554Uh_2,TlRY34ko12N1dPN9]n1IaQN:[n1JbQN8\n1JcQN6\n1MaQN5^n1d02J6N2O10O1OM4NWOVO`RNh0am1[O]RNc0dm1AVRN7Un1KhQN6Xn1NbQN4_n1e0001O0I61K51M4L3H9N2O1O1N3N101N2O1N100O10000O1001O00001O001O001O00000001O000O101O00001O10O01000001O1O1O0O2N1OdUWb0
20160312020554Uh_3,^baQ24lo11O001O001O001O001O0000O101N1O1Ooo5NSPJ2N2O1O1O1O010O0100O01O10O001O1O000000001O000000010O01O2N1O0O2O0O10001O001O00001O0O1O1O1O2N2O1O1O1O000000000000000O2O0O2N2O1N101O002N100000O01O1O001O0O10000O10000001N4M3L3N0O10O100N20000O100O1O1O2M2M3M3O1000000001O1N101N101N1O1O002O0O2O1ROZQN`0So101O001O1O1O1O1O1O01O0O1O1O1O1O1000O10000000001O000001O00010O001O1O1O1O1O1O01O2M2O2L4IT]Pc1
20160312020554Uh_4,baVi14jo12O2O0O10O101O00010O001000O1O100O1O0010O010O1000O10O11N2O0O10O01O010002N1O00000O1O1O0001O00001O0100000O1000O100O10O101O00O1O00100O00100O010O010O010O1O010O0100O1000O0100O100O01O001O000001O0010O010O01O00001O0000000001N110O1O001O1O1O1Od\_o1
20160312020554Uh_5,SdXQ18go12N2N2N2N2N2O1N2O1NAPQN1on1MUQN2in1NYQN1gn1N\QN1cn1O^QN0an10`QN1_n1ObQN0]n11dQNN\n11fQNMZn13hQNLWn14j00O101O010O000O10000001O001O0010O001O001M2O11O0000100O01000O100001O00000010O10O01000010O1N3N1N3Ld\]j2
20160312020554Uh_6,][eP13ko13M20O010O001000001O100O1O01O2M101O000000O01O1N2O10O101O1O2N1O01O01O00O10O1000O101O0O10O1000O10001O0O1000O10O100O1000001O000100O01O1O001N1000001O000002N3M1O1O001O001O00010O001000O01O1O1O2M[d\i2
20160327133714Th_1,ZY_f13lo11O2O0O010O1O10O00000010O000000001O0001O0001N101O01OO10001O00010O1O01O0O100010O0010O0010N101O0000001O00001O1O001N1O2O01O1O001O1O1O0010O010O1O001O001O0O1N200O1O101O001O0000001O010O01O0000O2O0O10001O01O00100O1000O010O000N2O2N1000010O00000O2M2O2O001O10OO2N1O2O0010O10000O2O1O1O2N001N010O1O000001O1N2N3N1O101N100O1000O1O2O1O1N2O0O2N1O2N1O2N1O1N3O0O100O100O1O1O1O1O0O2O10000O10O010O01N100O10001O001O100N2Okjnl1
20160327133714Th_2,Q\QV13lo11O1O100N101N2O001O1O100O1000000O101N100O1O1O1O1O1O100O1000000O2O1O0O1001O1O1N2O2N1O2N001O0000000000000001O1O3M2N001O0O1000000100O1O2M3N001N1O100O100O2O0000000001O0O2O0O10000000O101N001O0010O1O10O10000O10O1000000000000000000001O0O1000O1O1O000001O1N200O2O0O0100O2N1000O1O1N3N1O0100001O0O101N`dj`2
20160327133714Th_3,][cX25jo1100O100O010O10O01O010O010O010O1O010O0010O10O100O10000O10N101O10O1O010O1O001O0O2O1O01O10O01000000O2OO10000O1O100O0000000000001O0XLBnWN`0Ph1CnWN=Sh1DkWN<Uh1EjWN<Vh1DjWN<Uh1EjWN;Wh1FgWN;Yh1EeWN=[h1DdWN;]h1FaWN;_h1EbWN9_h1H`WN8ah1H_WN6ch1K]WN2fh1MZWN2hh1LZWN2fh1OZWNOhh10XWN0hh11WWNOjh10UWN0lh11SWNNoh11QWNNQi11nVNOTi10kVN0Vi10iVN0Yi10eVN0\i10dVNN_i12QVNKkM1Ul14oUNMaj14]UNMcj14[UNMfj13YUNLhj15WUNJkj15VUNIkj18_2O10O0001O01O2YRNFek1:XTNHik19STNImk19oSNHSl1;gSNGYl1;dSNE^l1<^SNEcl1=YSNEhl1<SSNEol1=mRNCUm1`0YRNVO2:hm1n0QRNTOPn1]12M2M3M3N3N3ROcQN3gn1C`QN6[o1Ijg^_1
20160327133714Th_4,^mTi07ho14M2N3OO001N2O2N1O00000000O0100000000O10O0100O10000O1NhQSU3
20160327133734Ch_1,PZkd13lo12N1O1O1O00O11O0010O0000000001O000001M2O1001O001O001O10O01O01O10O010O010N100O11O0000000001O0001O00O1O20O001O01O010O0000O1001O10O00001O01O001O000001O01O1O001N1O2O0000010O01O1O000010O01O10O01O00O2N100O100O2N1O101O001O001N110O01O10O01OO100O2O0O100010OHZOWQNf0in19O10O010O1O1O0000O2N101O0100O000001O1O01000O001K401000O100O101N1O101N2O001N100O01O1O010O1N3N101N100O1O10O01001O001N2O1N2N2N1O2O0O2N1O1O1O101N01O1N101O02N1O2N3L3N100O010O1O00000O2O0000001O0000O10O2O0O1N3N101000001O1O1Nnj^l1
20160327133734Ch_2,o[oU13lo11O1N2O1N101N2O00100O01000O1000000O1O2N1O1O1O2N1O1000000O1000001O1O1O01O1N2O1N2O1O10O01O000O2O00001O0001O002N1N2O1N2N10000010O105J1O1N100O100O10001N1000000001N101N101N10O101N100O1O1O0001O1000O010000000O100000000O11O01O00000O1000O100N2M3O1OO2N2O2N3N1N10O1O1O10000000O1O1N3O00000O10000O101N2O_dl`2
20160327133734Ch_3,c[YX23ko13N1O10O010O010O010O0001O10O10O10O010O010O0010O10O010O010O010O01O010O1N2O001N2O000010O01O100000O2O001N100000O100O100O00O10ULERXN<lg1GQXN:og1GPXN9Ph1HoWN9Qh1GnWN9Rh1HmWN9Rh1GnWN9Sh1GlWN:Sh1FnWN9Sh1GkWN;Uh1EjWN<Vh1EgWN<Zh1DeWN<]h1DbWN;_h1F`WN9ah1H_WN6ch1J]WN5ch1L_WN1ch1O^WNNdh11\WNNfh11YWNOgh11YWNNih11WWNOih11VWNOlh11SWNOmh11RWNOPi10PWNORi10mVN0Ui1OjVN1Xi1NgVN2Zi1OeVN0\i10VVNKfM5Vl1ORVNOhM0Wl12oUNOkMLXl16kUNNej13YUNMgj13YUNLij14WUNJjj17`2O1O01O01O_RNLVk14iTNMWk14gTNMZk14bTNN^k14_TNLck15YTNKik19QTNGRl1;jSNEWl1=eSND\l1=`SNEal1=YSNFhl1>_RNXO89\m1`0YRNZO77am1m0\RNSOfm1a13N1M4M3L3N3ROdQN5^n1JfQN0en1F`QN5en1FSid_1
20160327133734Ch_4,idT^25ho14M2N2M2M3O2O0I^OPQNb0Po152O2M3N3M3M3J6M3No[g`1
20160327133734Ch_5,\g`Q13ho16WO6XQNLfn1h0M2L4N02O0H:L3I8DhPNM[o10^Zem2
20160327133734Ch_6,nljh02ko15N1O3M2O1N6M12MO1OO1O2M3M2O1O0O20O000O10O10000000O010000O11N2O2N100001N2N1N3L]QeT3
20160405014154Uh_1,P`Uj02mo13N00000O10OLM\PN3bo15O2N3L5N1O2N2N1O1M3M3K5O1O11N101N2O1N2O1O2N1O001O000O100O1O1O0001O01000O1O00001O001000O2O00000000O0O10DQQNInn16UQNHln17VQNGjn19>00O01010O00010O010O01O1O0O2O1O10O0100M2NBmPN5Ro1KPQN4jn12WQNMgn14ZQNKfn16ZQNJfn15[QNKdn16\QNIen16[QNKdn16\QNJcn17\QNIdn17\QNJcn17XQNNfn14YQNLen16ZQNKdn17]QNHdn17]QNHcn18^QNGcn17`QNGan18c001OO2O1L5N1O2N10O1O010O001N1M4N1010O1O010O100O2O0O1O2OO010N2N1010O001O0001O010O100O100O2N1O2N3N1N2O000O101O1O000O2O00000000O0100O100O011N]cTk2
20160405014154Uh_2,oldP11mo14M2O0O2O1O000001O001O0010O01O00001O01O00000O100000O10O100000O1000001O01O00001O0001O00001O000O100001N101O01O1O3KmRik2
20160405014154Uh_3,dcji15jo13N10O100000O2O2N10O00002N1O1O1O01O00001O1O000000002N3L2O2M3N2N1OYOmPNb0Xo11O1N2N2O2N3N000ZQNUOUn1j0iQNXOXn1O`QNb03Bhn1j02N2M2O2N2N5L1N2N10000000O100O2N9G3N1O010O15I6I7I2M3LSXgQ2
20160405014154Uh_4,WY]a18go13M2N2O1O0O001N10M3O100000000O0O2O2O01O00000000OO10001J7O0000001O010O10O10000O100O2O001O0O2N1O00100O10O000010O01O0O10000010O0001O01O010O10O10O1001O01O0001OO01O0100O1O2O1N2O001O0O100000001O000O2O0O]h\X2
20160405014154Uh_5,l\bP15jo12N2O5J3N0000O1O1O001O001O100O1000O1000O10000O010O10000O10000001O01O1O3M1O1NUP4OloK3M2O1O0O101N1O001000O010O01O001O1O100O2O001O1O1O000000001O002O0O2OO1O1O000000O1O2O1N2O1O001OO01N11M3O1O10000O2O0000O101O0O1000000000O101N100O101O1O001O0000000001O00001O00000O101N1O2N2N100O2O001O9G2]QNjNXn1`1O10O00B`N[RNa1cm1cN[RN]1dm1dN\RN[1em1fNYRNZ1im1fNVRNZ1lm1eNRRN[1Pn1:2M2O0O2N2O0O2O2M2N2N3L2O2M102O00001O1O1O1O01O001O1O1N2N2O001O00100001O1O2N1O0O1N2N1M3N3O0O101O002N3L3N1O1O0O2O1O10O01001O0O100000O1O10O10000O10O010O00001O1O0010O0100O101O1O0O3Lh01VO4M2M7I3N2N1O1@]ObQNd0]n1^OaQNd0^n1^O^QNd0bn1>O1O1O0101O3QObQN6^n1EgQN;nn14M4LO1N5L3L4L6K2N1O2NV`a^2
20160505025554Uh_1,lbR\17go12O2N100O100O2O001N2O001O000O10O001O0100O100000001O000O10000000000000O10O10000O100O1O1L400O101O01O001O0000001O000O10001N102XOmPN?\o1N1N7IT]i_2
20160505025554Uh_2,il`X37io13M3N000001000O1O000O10000O010O102N1N100O00001O01O001O1O001O010O010O1O101N101O010O0O0001O0001O00001O001O001O01O00100O010O10O001O00001O00000000000001O01O00001O1O001O1NiQWb0
20160505025554Uh_3,WaZU14ko12O4K3N2N3M1O1O00O2O0O101N10000O100O1000001O0O1O1000000010O010O1000O010O010O010O001O00000000010O0100O0O1000O1O1O1N2O2M`^mf2
20160505025554Uh_4,conc03lo12O0O1O2N1O1O2O0O101N2O1O5K1O01O6I2M201N11O01O00O2O00O01O1O002N10000010O001O1O2N1O1OO0100O01O0100O01O10000O1000O001O001O000001O00000O1O100O1O1O1O010O0001O1N101O2M2N3O002MbQeV3
20160505025554Uh_5,mdb^27ho14L2O0O02O0O1O100O1000O10O010O00001O0010O010O0010O01O0100O00010O10O100O10O100O1O10O10000O01000O0100O010O100000000001O1O001O001O00001O1O1O1003M2N1O00001O0O01O0000O10O10000O101O1O0010O101N001O01O0000010O00100O00101N1000000PQNG_ONcn1<bQN6_n1d03K5L4M2L6K5HfZoY1
20160505025554Uh_6,V]Xk12lo13N1N1I8N1O2N2N11O001L3O2O1O1O1O1O1000O010O10O100O10000000001N2O001O0O2O_c]R2
20160513133714Th_1,Q`hl21mo14M1O2N1O2N1O2O0O2O0O2O1N2M3O1N1010O10001N100O100O1000O02N101N1O1O1O1O1O010O000010O010O100O2N2O1O02O0O1N2O1M3MV_go0
20160513133714Th_2,TcXP1:eo13L4J6M2N2O1N3N1O1O010O02O9F3M2N100O100O01000000000O101N101O0O01O010O01O010O001O1O001O0O101O0000001O2Mk[_l2
20160513133714Th_3,S`Zo05ko11O1O1O1O100O100O10O01O10O01O010000O100001N1000O1O1O00100O010O010000O100O101N100O2O0O101O0O2O1O1N101N2O3M0000O2O1N1O1N2O1O1O2M3M2O1O1O001O000000O10000O10000O0100O1O1O1O1O10O010O1O100000001O01O10O0100000O100O1O100O010O100O0100O10O100O100O001O1O001O010O1O010O1O1001O2N0O100O00100O1O010O10000O01O100O10O010O010O1O010O1O100O100O10O02O000O01000O010O00100O0101O2OO001O00O10007I25I000000010O1O000001O2M2O00O0100O0010000O001O00O1O1O1N2O1O001O1N3N1O1Oj[ib2
20160513133714Th_4,VkdS33lo11N3N1G9O1O1O1O1N101OO1O1J7O1O100O1O1O100O10000O010O1N2O2McU_j0
20160513133714Th_5,f]en25io13N3M5L2N6J3N00O100O1N3N3M3NO02N102M2N10O000000000000001O001O00100O00010O01O1O101N2M2O^abn0
20160602010754Uh_1,jd\S18go12N3M3M3N2M2O1O1O000000O101N1O101O000010O1O1O1O1O10O10O01N100N2N3N1O1O1O2N1N4HW[Sj2
20160602010754Uh_2,X^So1:fo12M110O1000O11O0000001O1N1000000O01O1O1O0010O01O1O001O010O0000000000001O0000000001O0O1O1000O2O001O0O10000000O1001O000O100O2N1OTall1
20160602010754Uh_3,`dZk13ko13K5N2O001O0101N101N0100O1O2N2N1O1O01O0O0100O0100O1O010N20O10000O1O2O1O001O02O1N8H011N1O2N1NT[gQ2
20160602010754Uh_4,[^Tf12mo12O001O0O1000001O1O1O4L2N001OO1000000O001O1N2N101O10000O100O10000000O1000000O1O0100O00100O10O100O110O00001O0000000O100O1000000O10O100O100O10O010O0010O10O010000O2O0000001O01O0001O1N2NQbST2
20160713133714Th_1,URog15jo11O1O100O010O00010O010O010O1000001O000O2O00001O001O001O001O1O001000O5L1O000O1000000O0100iRNN_j12^UN6kMCWl17kUNe0Sj1\OjUNg0Vj1YOgUNk0Xj1UOeUNn0[j1RObUNQ1_j1oN^UNS1bj1mN\UNU1dj1kNZUN5hN6kk1E[UN5nN7dk1D[UN6UO5_k1FYTN411;4Zk1JSTN63Nd01Uk1i0STNVOm01oj1_1UUN`Njj1_1YUN`Ngj1^1\UNaNdj1\1_UNdNbj1Y1aUNeNbj1V1bUNiNbj13PTNAL6h15^j11YTNE]1:Zj1O`VN0ai1O`VN1`i1N`VN3ai1K`VN5ai1I_VN7bi1G`VN8ci1D_VN;el1M4KeP20\oM2N3L3N3jPNI^n1:^QNJ_n1;YQNKen1j0N3M8aQN^NPn1l1M2M2O010O1000000010_NXRNf0jm1RO`RNk0cm1kNoRNi0dn1@5K2MdfbQ2
20160713133714Th_2,YYSW3;6Lon1e0K4D;0M4G9L3M3K6M200O010O01O010O00101N10O00O0O2010O010O0N2O101O0100001OO2O001OO1O1M4LTiTf0
20160713133714Th_3,cmjo0=?E]n1e0[QNHPn1`1G6J5L4K6J5G8M3M4L3MiNdSNPOXl12fSNQO523g0Pl14_UN@_j1=hUNBUj1<PVNCmi1<XVNEdi1:_VNG^i16gVNKUi14PWNMlh1I`WN7]h1GhWN8Vh1GmWN:Qh1ERXN;kg1EYXN:eg1F^XN;^g1DfXNb0Qg1]ORYNc0kf1^OXYN`0Vf1XOWVN7g3>oe1BVVN0m3<le1HSVNLU48`e17XVNBbn1o0O1O10O1O2L4C=_OaVam2
20160713133714Th_4,ofRW14lo11O0O2O001N101O1O1O1O001O0O1001O001O000000000100O1O010O10O10O101O1N2O6J0001O01jPN@2Han16_QNk0_n1POhQNo0fn14J1006J1O0208IL00101N3M1O1O2O0O1N101N1O1O1O1O1O2M2O1O1O1O1O1O1O1NSVWd2
20160713133714Th_5,VV]V39co15L3L4L3N2NJ42O1L5L3011O0IVQNZOjn1f06L6N1N102N2O1O100O10O01O1O2N1O2LUldg0
20160713133714Th_6,jhTi14ko12N101N2O1N3M2O2N2N1001O5L1N0O10000O10O1000000002N2M100O1O10O000010O0001O01O000000000001O01O0001O0000001O0000001O001N10001OO10000O100O101N101O000O10O100O10000O01000O1O01O010O00100O100O10O1O1000000O010O01000O0100O010O1O10O1O010O1N1010O001O2M3MlVWo1
20160713133714Th_7,[fnW25jo13N101O1O010O100O2dQNEnl1?iRNFWm1<cRNG^m1?WRNEkm1W12N3K6J6I9F8D=H_Xgf1
20160820233134Lh_1,d^bT27ho13M2N101N1O2O3L4M2M5L1N4M7I1O00O1O0XOaQNO`n11cQNK^n15g0N3I6O3Meaki1
20160820233134Lh_2,`cRk05jo12N2O1O1001O00000001N1000002M7JO1O1O0O2N1O1001O001O001O4L3M1O1104MN1O10O5J2O0O2002M100O0011N1O1N2O0O101N001O3KgZ]Q3
20160820233134Lh_3,jfhm27eo15L5K5N000000O1O1O2O0O2O0O101O011N2O1O1O_PNIXo1a0O00O100O1O2O001N0101O00O2O0O10000O100O2O0O01O010O00100O10O01O00100O01O1O001O0100001O01[PNI^o1`0M00O1O100O2M3N1O100O01O001O1O0O100001O0001O0001O01O01N1000000001O00000010O010O2O0O01O0010O002N1O010O01O10O01O01O2MTWaj0
20160820233134Lh_4,_g^[17go14M2N2N1O2N2N2O1O1O1O01O00O100O0O2N10000001K5M4N1O1O100O1N2OnPNG_n18bQNI]n17bQNK^n13bQNNXo11N2O0O2O00001O000001O1O10O00000O101O0000010O001O001O00O100O1O2O001N2O001O1O2MnWo_2
20160828133734Ch_1,SaPn12mo12O0O101N1O1N2O1O1O1O2M2O1O2M2N2O1N2O100O1O01N1M3O2O01O000010O10O100O010O0100O1O1O10O01O1N2O1O1O1O1O00100O1O010O1O10O01000000O010000O1000000000000O10O1000000O100000000001O000001O01N1000O100O100O101N101O1N2NR`_k1
20160828133734Ch_2,ocdk14ko14L6L7H2O000O010O01O1O1O1O2O0O2O00O0100O100O1O01O001O001O001O001O02O1O01O0O10O010O2O0O10000O10000000O010O100O1011N100O0001O00000000O2O001N100000000O1O2N2N2LnY]o1
20160828133734Ch_3,^hRU23ko12O1O10O0100O10000O10O0100O00001O0010O00001O0001O10O010000O10001O0000O010O1O100O1000O2O0000000000O100O1O10O0100000000000O1000001O01O10O00001O001O001O0010O0001O010O01O00001O00001O0001O010O01O01O000000001O001O0010O001O00001O0000000000001O01O00100O10O01O1O100O102N1N10O0O2I6O1O10O10O100000O1000000001O010O01O100O001O01O01O0010O10000O01000O0100000O10000O10O1000O100O1O01O00000001O01O010O0000001O00O100000010O0000O1O100O1O2O0O2O000O2O000010O01O01O01O010O001O0O10000001O1O1O2N001O001O1O0010O010O100O100O100O10O00010O100O0010O00010O00001O001O1O10O100O1O100O1O100O001O010O10O001N1000001O01O1O2O0O2OO010O0O11O010O10O100O2O0000000O2_PNFYo1`01O001O0O2O1N10001O001O1O1O1O001N2O010O001O1O00001O001O001NUUaU1
20160828133734Ch_4,Xbad16eo19K5K3M3N2O2M4M6J1N1000O001N1O2O1N2O1O2N1N2O1O00000010O0001N2O1N1N3M3N100O2O0O101N2N1O3LX]dX2
20160828133734Ch_5,bkfS24ko11O1O10000O1O1O001O1O010000000000O100000O011O0O1010O00000001O002N100O1000O10000O2OO10000000O1000RRN3hk1MUTN8ik1HUTNe0`k1ZO_TNi0_k1YO_TNn0[k1ROdTNQ1mNeNmk1=SUNP1nNeNnk1<SUNP1lNfNPl1<mTN]OQOP2Rl1dNeTNf1\k1]N`TNc1ak1_N\TNa1ek1bNVTN_1mk1X13M5K4L>@6L4K7J4ROYRNnNWn1m0PRNmNSn1d0lQN]OdQkg1
20160828133734Ch_6,dbbS33lo17I2M200O100O1O010O1O0100O0100000O10O1000O101N101N100000O10O10O1001O00010O0100O1O100O100O100O10000O100O1jPN@kn1k0O01O001O1N2O10O01O1O1O0O20O01O1O1O001O100O0100O00100O10000O1O102M2O1O6I11O000O1O1N2O1O00001O1O4K3N1O001O1O1O1O1O10O0100O01O010O01O00001O00000O100O3Lk[]d0
20160828133734Ch_7,i^[Q24io13O1M2O1O1O0100O100O2O0000010O000000010O01O010O0010O010O001O0000O110N100O100O10000O0100O101O0001O001O0000O2O0000000000000000O10O010000001N1O2O1N4KacPj1
20160828133734Ch_8,gnba17go14L3M2N1SNLnSN4hk1ElRNi0l0@Pl1V1lSNiNjk1h1QTNWNnk1Q2iSNRNUl1m2OnMmSN:Ql1\OgSNSO=^1lk1YOgTNe0Xk1UORUNh0mj1QO_UNj0bj1TOiUNb0Xj1\OPVN<Qj1DTVN5oi1IYVNOhi12ZVNJhi15Q301O1O1N3MUUg\2
20160930165914Mh_1,abbm03lo12O1O00100O1O01000O010O1O00100O1O1O1O100O100O2O0001N10000O11O00001N101O0O0100O2O0O1O1000O100O010O100O10O0101O000O3kPN_Ofn1n0000O100O1O1O1O0O2O1O1O2N1O2N1O1O1O010O01O1O1O100O101N2O1O002M2O000O2O1N3M3M3N0O1O100O01O100O0000010O00000O2O0O101O1O1O2N100O1O10O10O1O0010O1aQNWOfm1k0SRNZOmm1]10O1N1O2M2N3M2N2O2N2N1O2N1O2N2N2O001O1O001000O010000000O1000O10O01O100O1O010O10O1000003M1O00001N;F3M2N1N0100O1N2O1N101O0O2O001N110O001O010O1O1O002N100O1O001O001O0O2O0O2O001N2O001O100O0100O10O010O10000O10ePN_OVo1g0OO010O10O10O010000O01000O100O100O1000001O0O2O1O0O2O001N3N2N0O100O10N2N1O2M2N3M3N1O2M3N2N2N2N2O1O1O10O010O100O10000O01000O010O100O001O0000001O01O00010O001O010O1O100O1O0010O010O010O1O001O10O02N100O1O103L2O0O1OO2O0N2N2M3O2N10001O000000000000O10001N100000O10001O0O2O001O00001O000000000O101O0O2NdViZ2
20160930165914Mh_2,VinQ31mo13N2N3L3N2O1O0O100O00100O010000O1000001O0000001O000O2O01O01O01000O01O0000000O100001O10000O10000001N1O1O1O10000001N2O000O2O0O3N000O010O1NVVgi0
20160930165914Mh_3,jolP34ko12O00100kPNK]n15aQNN^n13aQNN^n13aQNM_n15_QNL`n1;XQNFhn1;WQNFhn1=SQNEmn1h0O1O010O01O00010N10OO2M2O1O1000001N2N101O2N101N4L5L1O2M2Omo`l0
20161015144954Bh_1,Zhfm27do16M2N10000000000O11O000010O01O0010O010O1000000000000001O0000100O10O10O010000000O10O100000001N2O0000000O01O10O01O100O100O101O0O101O0001N100000O100N3MTWcm0
20161015144954Bh_2,TkX]1d0Po1>K5K4L9A;F8L4N2L3OGdRNQN[m1n1kRNmMUm1a1n0N1O2O0O2O1N2N2N2O1N2B_QN]Oan1c0>O1M3N2O20N101O2N1O101O001N1000000O1000O0G:O10O010000O1O100O1O2O0O1000000000000010O00100O100O0100O0101N4M3L3M100O01N2N1O2N101N101O0100O10001N1000001O0O100O2O0O100O2N4M3L1O01O0N2M4M2N3M2O2O0O10O1O1M3N3N10000010O01000O107I10O001O010O001N2N2N4M3L5L1O9]QNfNnm1g1000O1b0^O<G3OOL1N0O10fNnRNERm1LhSNHYl14mSNITl1G_TN5bk1HnTNJSk13_2O1N2MRUWX2
20161015144954Bh_3,deTh05jo12O2M2O1O1O1O1O1O1O100O10O1000001O1O000O101N1O2O0O1000O010O10O01000O100O01O10O01O1O101O000O0100000O2O1O01O01O00100O10OO2O1O7I000001O2N01O1O2UQNWO[n1Y1N001O3M;D3N;E1O01O001O1kN`RNFcm1JZRN@9d0_m1GoRN8Vm1@oRN>\n1M2N3M3M2M5JPVQR3
20161019133714Th_1,ZgZg15io13N2M3gQNHgl19XSNJel18YSNJoNJ[m1=fSN6Xl1KfSN7Xl1JgSN7Yl1JeSN8Zl1HeSN9[l1HbSN:^l1G\SN>dl1DhRNn0Wm1n000O1N2O1N2O1O001N201M2OPOZSNSNL=fl1a1lSN]Nnk1f1UTNYNik1h1YTNYNbk1i1`TNWN^k1i1dTNWNZk1i1iTNUNWk1j1kTNVNSk1j1PUNSNQk1k1TUNRNlj1l1YUNoMhj1P2e1N10001O010O100000O1000@URNkNjm1R1]RNkNcm1S1aRNkN^m1R1hRNjNZm1U1i0O1O0O2N2O0O2L4M3O100000000000O10000O10000O100000000O101O00001N101O000O010OO2N2I6J7L4O1O1O001O1O2N1OaZUR2
20161019133714Th_2,mfXT21no13M2O1N3N1O1O0O2O1O0O2O1O1O2N1O1O010O1O0O10000000000O1O1001N1O2N1O10001O00101N11O2N1O000O010O100O1O010O0010N1000001N101O1N3N1O1O1O1O010O10O1000000000000010O0001O0000001O1N2O0O010O0001O00001O00001O010O0000100O0100O100O100010OO10001O4L;FM2O1N3K6K9GPWoc1
20161019133714Th_3,cc`^25jo12N1O1O100O1O001O0100O010O01000O01O100000000000O1O10000O100000O010O100000000000001O000000001O00001O0000001O000000000000001O0O100O100000001O0001O0O2O001O001O00001O00001O001O01O00000O1000000000000000O10000000001O00000000000000000001O01O010O01O001O100O001O1O000000000O100000O100O01000O101O001N10001O0O101O001N1O3M_\gW1
20161019133714Th_4,W`SP12lo13N2N2N3M2N1O2N1O10O01O0O2O1O0O101N1O2N100001O001O1N2O1O001O001O0O1O2M2O1N20001O00O1001N102M4KRall2
20161020145454Bh_1,efVa25jo12N3M2N4M2M2O1O000000O100000001O1O1O1O1001N3N1N1O1O0001O000000O1O1J6O0101O001O1O1O001O00010O01000O1O100O1O0010O010O1001O0O1000O01000O1000000010O1OO1000O1O00100O100000001O0100O01O001OO101N101N101O0001O0O010000O10O01000002OO111N0O0O101@lPN0WV_W1
20161020145454Bh_2,Zcfk2;co13N2N1N2O001O0100O1N2O101N100000001O00010O00001O0000O1O1M3O101O1O1O010O0100N2O0O1O2M200O1000001O001O00O1000O10001O0000001O00010O10O01O1O2Md\mo0
20161020145454Bh_3,S\Yb13lo12O0010O01O1O1O000000000000O100001O00000001O000000000001O0O100000O1000O100O1O1000O10O01O010O10O10O10O1000O0001N10001O000000O1010O001O01O01O01O10O0010O01O000O1000001N10O100O1O100O1O1O1O11O00000O100000O1000O010O1O100001O1N2O3LmedV2
20161020145454Bh_4,Y^[Z23ko13N3N1O2O00O010O1O100001O000O10O010O00001O00000O10O10O10O100O1O10O010O0100000O10000O1O001O0010O0100000O01000000000O01000O0100O10000000O100000O1O1O2Nkan`1
20161020145454Bh_5,_hZW3f0Xo18]QNSOgm1U1mQNROPn1a1N100001XN_RNo0\n1N2M4L4L1M5K3JPVgg0
20161104133714Th_1,hbRR22ko15L3N2M201O00000100O00100O1O1O01O01O0100O01000O010VQNHkm17TRNLkm13URNOim12VRN0im10VRN1im1OWRN2hm1OWRN2im1NVRN2jm1OVRN1jm1OURN1km1OURN2km1NURN1lm1NTRN3lm1LSRN6lm1KSRN7lm1HTRN:jm1GTRN;km1FSRN<lm1ERRN=mm1DQRN>mm1DQRN=om1EmQN>Qn1i001N101O101N1O1O2N0010O0O1O1O2M2N3N01O0^Oc0O0100N2I7N20O010O100000iNZRN3gm1^O\RNE1l0cm1\OmRNc0Sm1\OoRNc0Rm1[OoRNe0Qm1[OoRNe0Rm1ZOnRNf0Rm1YOoRNg0Rm1WOoRNj0Sn100001O0001O0010000101N2N10O002N1N101O0002O0O00O3N3L4L10O000010O001000O10O11OO20O01O010O001O1O00000000000001O0000O010O01O0100O2O0O10O10O2O0O100O001O1O0O2N2NkYac1
20161104133714Th_2,naPl23lo14L2O0O10OO2N1N3J6O1O1O01000O0000O110O00010OO2O01O1N2O1M4M3N2O1N2N1O2Mj^gQ1
20161104133714Th_3,T_gX28fo13N2N101O0010O1O001O00001O0000000O10000001O00001O0O2O000O10O10O1000O010O100O2O0O10000O10O100O1O010O10O01O010O0100000001O00010O0001O0001O1O5J3Ml`hb1
20161104133714Th_4,b`Zf11lo16L2O1O001O001O1O001O2N10000002M100O010O0101O1N2O000101N1O1O000010O001O00000SQNKom14mQN0Sn10dQN9]n1F`QN=`n1o0C1SSNYN^k1i1dSNYNN;]l1]1bSN[NM<al1]1ZSN\NO;il1_23]MVSNi1kl1iMTSN25U25gM[l1NeSN\2JjM]m1V2000O1O1cNbRN6_m1GeRN8\m1@kRN?Vm1]OnRNc0Rm1YOWSNb0il1\O]SN`0cl1^ObSN?_l1]OdSNb0nm1N2N4L3M4L2M`Z[U2
20161104133714Th_5,ZUQ`11no13N1O2O0O2O0000O1O100O1O01O010O1O010O0001O000001N110O1O010O10O01O01O000000000O100000O010O100000010O1O010O100000001O00O10O10O1000O2O1N101N1O010O0100002O>A00O2N1O1]OTQNO^hlZ2
20161104133714Th_6,S]g\14:NSo1d0L3L3M3N2M2N1N_OaQN_OI0gn1`0d0O001O0O2O1O1O1O001O100O1O1O1O1O2Nbcba2
20161104133714Th_7,biXT34ko12N2M3N10O01OO11O001O010O01O01001O1O100OaPNKTo15jPNLWo15ePNM[o1<1O001O00000010O010O01O100O2N100O100O100O00101N1O101O0O11N1O10O1O2KlUUh0
20161111133734Ch_1,^dTg05_o1<O101N1O2O1N2N3M2O2M2O0O2O00100O01O0N2J6O1O1N2N2L4O100O1O1O10001N1000000001O1O0O100000O0100010O1O1O1O4Lm[aU3
20161111133734Ch_2,SmXS14ho16L3M3M8I2M10AmPN2Ro1MWQNLin14[QNHcn1:a000O2N0O2OO2O100O001O1N20000O101N1O2N1O100000L4O20O001O1O01O0M4O000001O1O0O200O100O100O1000000O10000O0000M4N1010O1000O02O00FePNOZo10iPNOWo11jPNOUo10lPN0So10mPN1So1OmPN1So1NoPN1Po10PQN0Po10PQN0nn12RQNNnn12RQNMon13QQNMon13QQNLPo14QQNJQo15=000000010O0001O01O0001O00000O100000O10O10O100O001O10001O001N1N2O1I7N3O0O1000000001[OPQN8]o1O2O3L1000O010O10O1O001N2OUUkc2
20161111133734Ch_3,hiZa14lo12N1O01O01O01O01O010O000000001O000O2O0O2O001000O001O1O1O000000000O01000O10000O2O001N2OPVm[2
20161111133734Ch_4,R_ZS12no11O1O1O1O0O1000000O20O01N100O1O2O0O1O2N2O2M3N2M3L2O2OO0J7M2M300100NHiPNJVo18lPNFQo1=72N2000000000000I]ORQNb0ln1CPQN>Po19O100O10IQQN\Oon1e0SQNXOnn1h0410O010O01O001O01O001I7OL40N2M3N3N1001OO2H9Mhbmg2
20161116222134Lh_1,Xee]18fo15L3M2O1O1O100O1N2O1O1O001O1O2N1O1000000001O000O0100000O01O1O0O2O001N101OSO[QN`0cn1@_QN`0_n1@cQN?\n1BeQN>Zn1AhQN>Wn1CjQN<Vn1CkQN>Tn1AnQN?Rn1_OoQNa0hn11O10O01O001O001O1N1O2N1O1O100010O001O000000000001O01O001O0000O101O1O1O2O10O000O1000O2O000O001O1O001O0O100O101O00O101N2O1N2N101O001O000001O3L5K2O0O101O0001O00OoNdQN`0\n1^OjQN?Un1_OoQN?Pn1ASRN>lm1AVRN?im1@YRN`0fm1@[RN?em1@^RN?am1@bRN?^m1_OdRN`0_n1O2O3M1N2N2N3MTX^Y2
20161116222134Lh_2,U^QZ15jo12N1N2N1H8000O2O1000000O100O101M2O2N1O010O01O001O100O0100O001O01O001O6K2N1O000000O10O10O010O01000000O1O1O0O01O0100100O100O2N2O0O10000O100O1O2O0O100000000000O1O001O00010O1000O2O0000O1N2O1O1O10000000O010N200O1O100O1O001O000010O010O001O10O01O1O0001N1O1O2N1010O010O1O2N100O1001O000000O1O0100O10O01O10O0100O2N100O1O2O00000001O1O1N100O010O00100001O000000000O11O000000000000000001O0000000000O100O010O10O010O001O00000010O1001O0O2O1O1O1NUd`X2
20161116222134Lh_3,kYQh13ko13ELePN7Xo1:L3N11G9001O01O010O1O0O2O0001O0000001O1O001O00001O001O0010O01O010O0001M2O1O1000001O0001O01O00001O10O0000O10000000O2O00O1O2O2M2Nko73RPH2N2N10O1O2N3KlhPS2
20161219133734Ch_1,YgPc04ko12O100O1O100000000O010O0100O00000010O001O010O1O0O2O1N4L3N1N11O01nPN\Ofn1e0VQNAOO]n1[1gQN`NO4am1S2O01lM]RNj1dm1RN_RNT2cm12N2N2N7I2M3M10cMSSNh1ml1TNaSNc1]l1[NgSNf1Xl1VNkSNl1Sm13N4L1O1O1004K06YRNjMWm1W2eRNmMZm1]27JO4L1OYNfRNg0Zm1VOkRNg0Um1XOnRNg0Rm1WOQSNDAi0_m1ATSN@Dl0mn1L110O2M2ON1000O2O2N9G10O00001O010O1O10O0000001O1O100O010O00100O010O001O1N3K`S[V3
20161219133734Ch_2,\eUi14ko12O1N2N2N1O2O1O1O1O0010O1O001O1O000001N2O010O01O0000O2O0001O10O0000010O001O001O1O1O1O1O2M2O2N000100O1O10O02N2N2N1O1O100O2N2N2N0O2O001O1O2N1N3MhYZR2
20161219133734Ch_3,^mnh03lo13N1O01N`0OB1O1N2O1N1O2O10O100O1O1000O2N10O00001O1O01O2N3M1O1O001O000010O01O001O1O1O1O001OAoPNOQo1ORQN1mn1NUQN1jn1OXQN1gn1NZQN3en1M\QN3bn1M_QN3an1M`QN3`n1LaQN3_n1MaQN4^n1LcQN3^n1KdQN5So11O10O0001O00000O2O00010O010O01O10O000000O100N3MQQoQ3
20161231223534Lh_1,_fnY33lo12O1OO]P64_oI3M2N2O001OO01010O001O1O010000O101N10O01O00O01M21O002O00001O100O001O0001O0000001O01O2O1N1O10O01O001O01O0001O0O2O000000000000001O001O00010O1O2McXSa0
20161231223534Lh_2,WdhS37go14N2N1001N1000000001O2M2O01O0O1O1O1N2O0000O2N10000001O010O1000O0100O010O0100O1O2O0O001O1O1O001O0001O0000000000001O001O0010O010O010O10O001O001O010000O10O1O1O1O1O1O100O1O10O01O1O1O[Zcf0
20161231223534Lh_3,k_Sa23mo11N1O1000O01000000O100O1O1O2N1O1L4O2N1000000001O2N100O2O00000001N010O010OO100O1O1000000000010O00000O11O01O0000000O10O010O101N1O10000O0100O100O2O1N3M2NV`TZ1
20170129133714Th_1,bTQ_28ho12M3N1N2O0O2O000O1O100O1O1N2N2M2O1O1TOTOdRNm0Ym1ZOURN0Jj0Pn1j01O1N1J8N2N1M4M201M3K5M2L5M4L3N2FfPNL^o1Obm`^1
20170129133714Th_2,^knW33lo12O1N1O101N1O100O1O1O100O1O1O100O1O2O0O100O2O001O01O00010O00001O001O1O3BePN0UTie0
20170129133714Th_3,WfPk25io13M4M3M2O2N2N2O0O2O001O2O4K?A5L1O10O01O2N01XOiQNB]n14hQNK]n1LhQN3Zn1HjQN6So1L4M4KdWUS1
20170313145450Bh_1,aanc22mo14M3M3M2O0O010O10O010000000000000OhPNEmn1:QQNInn17PQNKPo15nPNMRo1`010010O010O1O1O1O2N1O01O2N5K2mPNWOkn1o0001N2O4K2N2O0O2O2M2O0O1O10000000O2O001002N00O100O5L1N1O2N3VQNSOZn1o0`QNWO=Og1LVi1[1kTNQOj10Si1j1hVNZNWi1g1TVNjMkNl0nj1\1_UNjMBb1mj1l0VUNChj1k2O100100RKWUNb4Tk10O1010dNPUNeM[k1@`TNV1;YN6j0Wk1YOgTNU1k0ATk18QUNHPk13UUNLmj10YUNKkj11XUNLPk1LRUNHPN1Vm1OY[_V1
20170313145450Bh_2,Rnnm18`o1;K6K5RQNUO_n1X1N1O1O0iQNhNgm1X1VRNkNjm1V1RRNmNnm1c101O3L2O2M2O4L02N3L2O2N4K3O0O000000O1O2N1O1O1O1O1O2O0O28F201N3N00O00101N2N1OnNQRN3nm1IXRN7em1G_RN9`m1DeRN;Zm1CiRN?Sm1_OQSNd0kl1YOXSNn0al1PObSNQ1[l1nNhSNR1Wl1lNlSNT1Sl1jNPTNU1Pl1iNTTNU1]m1O1N6K7H2N3M1O2O0O2O1N10000O1000O1000O100O100O10O001O00001000O0100O10O00O1O100000000001O1O0000000001O01O010O01O00000001N10010O0000001O00010O1O001O000000000O100000O1001O000O2O000O2Nmoe00RPZO3O1N3N2N1O2N1O01N2N1O1O2O0001O0000O1O1O100O1000000O11O000O1O2N1O1O0O2O001O00O0OO30001O00000001O1000O01O2Nfmbd1
20170313145450Bh_3,iYSe25ko13L2O0O10000O01O010O0010O01000O001O100O100000O0O2O010O10000O1O010O1000O0100O01O010O1O100O01N2O010OO20O0010O1O01O101N2NofTW1
20170326133730Ch_1,ZVWg14ko13M1O1O2N2M2N3M2N2O1O01O1N3M2O1O10N1O100002N10001O0O10010O0010O1O1O1N2O1N2N1O2N1O1O10000000O2N1N3N2N100O01O1O001O100O2O2M2O0000O3M3M101O0O2O3M2M2O00001O010O1O0001O01O00000O11O00001O0000O10OO10001O1O1NVj^R2
20170326133730Ch_2,Wdb]25Po18\QNK`n19ZQNLdn1j0L3Od0\OdNRRNl0im1QO]RNP1^m1POjRNk0Tm1ROTSNk0kl1QO[SNn0cl1ROfSNLPO?Ym1CZTN=YNBRo1f010lPNYOnn1l02N1N102M2\OjPN;_o10O1O00O100O3N1N10011N1OO1O1000001O1OO001O0O2O00010O01000O1O010O010O1000O010O0O100O1O10O101O2N2M3NQYQ^1
20170326133730Ch_3,djZg13lo11O1O1O00010O0010O10O00100O010O01000O010O010O0100O0010O001O1O001O0000O10O1000000O11OO10O1O10000O101NeV_U2
20170326133730Ch_4,_TYX32mo14L3M2N101O00O100010O5K10O1N2N1O2O1N1000BIRQN7ln1NQQN3nn1OQQNOQo12mPNNUo1<2O2N10GBQQN<on1HnPN7Qo1MPQNGO1So19LHXQN:gn1ISQN;mn1<000O1O1O1O1O1O1M2M4N10M30O1O10O101N2M3O01O2O2M4L3N0O1O001O1O1O2M3MXm\c0
20170326133730Ch_5,W[^a25jo11O2O0O2N1K7M2N3N1O1O2M3N3M1N2O1O1O0000GZQNXOfn1>d0HePNF_o195N01000O100O100O1000001O0O100O2Nio11WPN2M6K00000001O0O101O0000010O0000O1N2O1O1O1O0000O2N1010O02O01O001O1O1O1O1O001N2fPNBPo1g000O1000O1N2O1O001O1K5K6O1O0O1000000000000O100O100000001O0001O10OO2O1O2M2O1O1O000001O010O000001O00001O0O0100O1O001O1O2N2N1O100O10O0100O2O1NaeSU1
20170328014950Uh_1,g_h]22mo12N101O0O1O2N1O2N2M3N3M3N2M3N3M2N001O000001N2O0O2O2N2O0O10000012M10N1O2M2O1O0O2O10O0jPN_Onn1a0nPNDQo1f01O000O1000002O2M001O0O100O100O100O01000O101N1O100O100O2O001000O5K0000000001O10O0000O101O001000O1N2O0000O01000O1001O100011OO6J1N000000010O1O000010O1N2O1N0O2O0O2O0010000000001N10000O100O010O100O1O10O01N102MR\QY1
20170328014950Uh_2,fSa_22mo12O1N20O010O01O001O0010O000000010O01O1O001O0O01000O10000O1N2O0010O1N2O001O100000000O010O01O10O01000O01O100O10O100O1O10000O01O10O010O1O0000100O1O1000000O101N2Nkl^[1
20170329014850Uh_1,o_jh22lo14M1O2N1O01000O100O10000O2O1O1O1O101N2O5L01M3N001O1O0010O1O1O100OO100000001O0000001O001OO100O1O1O1O1O0001O010O1O010O100001OO1001O0100N102N1O0O10001O0000010O10O1O1O000001O10O01O10O010O01O1O01O5K2M2O0O2O1O2N1O01YOPQN;[o101O000104L000O01N010O1O10O01O0O101O000000001O001O01O100O1001O2N1N100O100O1O1O2N2M`[om0
20170329014850Uh_2,PTik23lo11O100O100O10000O100000001O1O0010O01O00000000000000000O2O0000001O00001O001O0O100000O10O10O10O01O0001O001O010O01O1O010OO2N1010O0O2O000O2O10O0001N101O0O10O1001O010N101N20O01000001O001O2Mol\n0
20170330133710Th_1,PcZn13lo12O1N101O0000001O0000001O0010O010O01O001O0001O01N10001O000010O01O01O001O001O001O0000000001O001O010O101ePNDon1j0M1O10O00010O01O03N4J2O1M3N3Km[_m1
20170330133710Th_2,m`bc15ho14M2@ISQN;kn1>O010N2O00N1OM5N3O0100O1O1N3D;M;EU`S[2
20170414151450Bh_1,hbcV26ho16K2O1O1000O2N1O010O01O010O1O100O1O100O010O0001O00001O0000000000000000000000001OO1000001O001O2M2O10O00O2O0O100O1O2O0O101O10O100000O1O010000WOPQNa0Yo1OO101N1O2O0001N7J0O2O1N3M2N2N100N2O1Nh[hc1
20170414151450Bh_2,gcQY14lo11O001O00000010O0001O001O0O2N101N101O1O10O0010O01O001N10001O00100O1O010O02O0O010O01O010O0010O010O01O0001O00001O001N101O0O2O00000000000010O010O01000O100O10O02O0003L2O0O01O00001O01O01O001O010O00100O1O1O100O1O0010O00001O0000001O0O10000O100000001O010O001O1O000000O2O000O100000001O0000O2O0O2N1O2O1O010000O02O102ON1N100O1O100O1O2N1O010O0000O2O0O2N101N1O100O10O00100O10O101O000O101O000O100001O00001O1O1O001O1O1O1O1O001O1O1O1O001O1O001O000001O01O0O100000001OO1000O10O10O101O000O2O00001N2OXZlW2
20170414151450Bh_3,gihg14ko12M2O1O1O1O1O001O0O1O2O0O10000O2O0N201N101O01O0O2N1M4N3M3M3MXWYV2
20170516134450Bh_1,[bfo14lo11N1O2O1M3O002N1O1O1O10O010O01USNASj1`0jUNBWj1>fUNDZj1=bUNF_j1:^UNGcj1:ZUNHgj17XUNJjj15UUNKlj15RUNLoj13PUNNPk13nTNNSk12jTN0Wk1OeTN6[k1JbTN8`k1H]TN:ck1F\TN;ek1EWTN>jk1ATTNa0mk1@mSNd0Tl1\OeSNj0\l1XOYSNP1il1S12M2N3lNfRNmNMOam1j0jRNUOHNbm1>TSN_O`m14fQNLj[em1
20170516134450Bh_2,]d`R36io11O2N101N1O1L4J5ON2100001O001N201N100O101O00000O10000O1000O1O100000O2O2M2MW\Sk0
20170626133730Ch_1,dT[h15io13F9O1O01O0O1O10N2M3O1_O]OeQNd0Yn1BcQN>]n1H[QN;Zn1j0N2N200000O100O2O00O1eNhNdSNH_Od1ml1a0TSNYNml1c1ZSNYNfl1e1eSNRN\l1j1jSNRNXl1k1Q1L5M4^NiQN;M8[o1K4K3N0O2N1N3NdmPU2
20170902231930Lh_1,^bWZ15Wo13TQNOin16SQNLkn1e0O101N100O2N1N4M2N1O2M2N1N3O0010O1O2nNeQN=`n1\OcQNc0on1O0000O100O001O1O0O2O000001O00001O1O2N3M2N2O1N1O01000O10O00000O101O0O101O001O100O10001OO2O0O10O01N101M2O1N2O1N2N2O1000O010000O2O1N3LV]V`2
20170902231930Lh_2,^PWg16Qo1NbQN4\n10`QN2^n11[QN5dn1OUQN4kn1`00O10mNQOVSNn0ll1ROSSNn0nl1QORSNo0Pn1M3K5N2O000O000000O2UO\OYRNf0fm1^OVRNc0jm1_ORRNb0om1@nQN`0Tn1@jQN`0Xn1BcQN`0]n1`02L3O00O100E:2O1O1000N3L2010L3O1010001O102M8I2SO[QN;fn1C]QN:en1D\QN<en1A^QN=To1N101N2O2M4KWRQU2
20170902231930Lh_3,oe\U18eo15K4M2N3N2M3N3M2N2N100O1OO101L4]ORQN1Qo1LTQN1mn1MVQN2kn1KWQN5[o1O001O0O2OPZQi2
20170926225530Lh_1,clng05ho14N2M2PQNGXn1;eQNHYn1Q1N1O1N101O1N10001N2N4M2N2M2O1N3M3L`0@6KUOnRNmNol1;QSN^O47hl1;YSNYO2;cl1=^SNTO2>]l17\SNRO863?Vl1:TUN\Ojj1e0YUNXOej1j0^UNSOaj1n0V22N2O001N2M2N21J510000O0000010ODaQNZO^n1f0fQNWOYn1i0?O001O100O100H800O2O0O3M3JlVQT3
20170926225530Lh_2,dVgg03lo11O2O0001O0000000001O000000001O01O0001O0010O000000000001O0000000100O010O0000000000000000001O000000000000001O00001O000001O0O101O0O100O100001O00O100O0O2O1O01O1O1N101O01O001N2K400N1001O10O11ODInPN9Qo1;010N2L5M:F3MZjjQ3
20171018223630Lh_1,Yfh_17go13N3L4L3M3N2O1O1O001010O;F0O001O000O100O1000O100000000O1O100O10O1O001O10O010013M11M1O001O0010O0010O000000000O1O01O01O01O10O100O100O1O1O100O2O001O01N200O1O01O000100O001O1O2N1O01O00001N100O10O10O01O0010O1O3N1N2O00001N2O0000O10O00O101O000O1O2N1O1O1O2O000010O01O0100O100O1O1O000000O2N1O1O2O0O20O0000100O1O1O2O0O100O3N1O2N2N3M0010O4L8H0100O10O01O2N100O00001O1O1O7I100O1O3L5L3M2N3L5L1N2OO1dN]RN:ln1H4K7J`P82]oG2O2N100O01O10O000001O001O100O010O010O1O1NVR[R2
20171018223630Lh_2,ZXmb15io13M2N2N2O1O100O0100000O0100O001O001O00010O010000O1O10OO2N1O101O001N1NM5M4N2O101N3N2Leh\Z2
20171021223430Lh_1,Qdf_25io13M3L4O1O1O00001O0O100O100O2O002N1N3M2N2N2O000001O1O2N2O0O2O1O00010OO11OO01000TQN^OYn1b0cQNB]n1P11O001O001O1O1O101O010O2OO00O100O1001O1O00O1O2N2N2N001O0100O2O1O10O0104K1O010=B10O01O10O1002M4M0O100O1O1O0O1000O101O0000O001O100OO2O1O2N1O2O05K2M2N1000000002N1O000O100O2O0O100O010O001O002O0O0001N1O2O1O10bPNDVo1e0O0000O10O102M2N3M2O1O001O00O1O1O0O1O1M3N2N110O01001O000100O001O001O00000001N10000O01M3N2N2O200005K10O1O1N2O1N1O101N1O1G9N100011O1O1N2O0O2N2N2N3M2N1O1O1O4K3N2N100O10000001O1O100O1O1O1O000000000O2O001N2O1002M1O1O1O2ZOgPNa0^o1N2OgPNJfn1j0N00O2N2N2C=L3O1O100O1O3L4M^Tco0
20171021223430Lh_2,]dY]13ko13M2O2N1O1O100O10000O101O1O1O010O01O00001O001O5K1O1O1O1O0010O001O0000001O01O001O2NTPj0<^oUO2N3M2M3N2O10000O2O0O1N2O1O2N1N3M2F;O0000nNiQN;Xn1CiQN=Zn1[OlQNe0gn100002N2N1O01O1O2M3N2N2N01O001O000O2O1O1O2N100O1N101O1O0010O001N2O1O1O7I5K2N1O00000O2M2K8IcZnZ2
20171021223430Lh_3,Q^ml05jo13N0O100O1N2O10000002N0000O2O0O2M2M3N2O1000O1O001O10002N2N1O2M1O1O0001O010O1O01O000O010001O0000000100O0100O010O0010O010O2N100O1O00001O01O0000010O01O00100O01O100000O0OWcjm2
20171021223430Lh_4,Z]^T2531]o1>J4M2N100N3N1O2M3M3M4N2M:F1O100O00YOnQN@Sn1?QRN]OQn1a0SRN\Onm1b0YRNWOim1g0j0N1O2N1O010O100O10001O000010N2O2M2N2O0O1O10O10O00101O1O2N3M1O001O[O]QNMcn1OcQNO\n10iQNLXn13lQNITn17k001O001N100000O1000O10000001O00001O1N100O2O0O1O001O00O20O01O010O1N2O001O1000001N10001N101O0001O000O101N1000O001O1O02O000O1001O3JWP:2ioE3N1O0O2O001N101N2N2O0O0100O1N2O100O1O1O1O1O1O01O1O1O100000O2N2M3Mnc[a1
20171021223430Lh_5,VVW\1:eo13N010001O10O2N1OO1O0O1O1O100O10000O100O0001N101O2O000O010O10O2O0O1O1O001O001O1OkiVa2
20171027150050Bh_1,[VgW24lo13M4M1OO010O1O001O01O01O0100O010O10O0100O010O11O00000000000000000O10000000O101N2N2N1010O1O1O1N10O10O0101O01O1OO10O100001O01O1O0O10O01O1O01O001O001O100O010000O100O1000O0100000001O01OO1000O10O100O2O000O010000O01O10O010O010O1O1000O1N2Njfn`1
20171027150050Bh_2,RWWf13ko13N100O1O100O1O100O1O100O10O01O01O10O010O010O100O011N100O2N1O1O100O00010O010O010O1O01O1N101O000000100O001N2N1010O000010O00001000O1000O0100O010O000O100001O1O000100O1O2O000O2O000O2OO01O0100O101N2O1O2N2N1O1O00000000000000O10000000O10O10O010O100O001O1O000100O10000O10000O100000O010O100O1000000000O10000O001O1O1O10O0100O010O0100O1O1O1O10000O100O100000000001O000000000001N100O100000O1001O001O001O0Omj^m1
20171027150050Bh_3,ca^n12mo12O3M2O1N101N1O1O0000O2O000000001O010O10O10000000O01000O010O01O10O10O10000O010O2O1N:G1N0100O1O001O1O1O1O1O1O1O1N101O0000O10100O1hPNHgn1j01N<D000000001O1O01O3L3N01O1N2O1N200O020N3N00O2[QN@em1`0XRNCim1<TRNGmm18PRNKPn15mQNOQn14jQNOVn1n0000O1O3M2N1O1O1O100;D01O1N3L3M3M4L4M2[OPQN7`o1L4J]ZYj1
20171027150050Bh_4,g]Yn29co16M2N1N3I7M3O0O2O0O1001O001O1O1O0O1O1O1N1N0200000100O001O00D=M20000001N2O10O1O1N2O1N2O3J[cln0
20171027150050Bh_5,Pgen15io15L3M2N2O0O1O10O00001OO1B>0O1N2O2N2O1N5K5CQZno1
20171029171010Mh_1,SbTc29fo14L3GCjPN?To17O01O100O001N1O2N2O1O10010O000000CETQN<kn1GSQN9mn1HRQN8on1<00100004L1OO001N2N2M3M2N2O01O10000001N101O01N1O2N1O2O100O10O1O1N100O2O0000000010O2O5J1O2N100O1O10O0010O001O00001O0100O010O010N101N2O1OO102N4L11N1N3N1N2N2N2N2OO10001O1O1000000100002O;EN10O1O1O1N104iQNgN]m1[1`RNgN_m1Z1`RNgN_m1Z1`RNhN_m1Y1_RNhNam1X1^RNiNbm1X1\RNiNdm1W1[RNiNfm1i1O0100O101N2O001O002N2NO01O0O2M2L6M2O1N2O0O101N1O100O2O001O10000104K27G<D1N1N2J6L4N2L4MP[oQ1
20171029171010Mh_2,SWi`22mo12N100O01000O10O01000000O01000O010O100O010O01O0001O000O2O001O0010O10O1000O01O1O001O010O100O0010O01O010O1O00O2N101O00010O01O00O1O1000000000010O00010O0O101O00001O00100O1O1O2NcjhY1
20171029171010Mh_3,Rl\Z23mo10O10001O0000001O0000010O000001O0001O00000010O01O001O10001O00001O01O01O000001N101N100O010O0100O010O1O010O1O01O00001O01O01O001O010O000001O0001O001O0O2OmRk`1
20171029171010Mh_4,]]PP15io13N3N2M2O0O2O00001O010O200O10O01N100O10O0O1O1M4M3O:ERP41noK1O1O101O4K2O5J2OO010O1O1O1O1O10001O12M5K1N101O004L2O0O9G0001N001O1O00010O01O1O10O10O010000O2OO1O1N2O1O1O2O0002O1OO0100O1O1O1N2O1N2O0O4M4K3N10O010O00O3N_QNB`m1=WRNMhm13URN0lm1OQRN5nm1KmQN:Tn1EiQN?Wn1AfQNc0Xn1e0N3NSOoQNIPn13XRNJhm13]RNKbm13bRNK_m13cRNM\m12fRNN[m1NhRN3Zm1HgRN9Zm1ChRN=^n11O1N2O0O1O1O1O10O01O10000000O110O4M3N0O001O01O000O01O100001N0001N2N2O1O1O14LO1N101N2N3M2M\P<3`oC5L3N2N10O2N2N2M2N`Z_d2
20171029171010Mh_5,fek^25ko11N3M4K4M3N7H3UQNSO^n1Q1[QNUOcn1U1N2O1N2O1O000O100O0000jNRRN;om1CURN9lm1GVRN5mm1JURN4lm1KURN5lm1IURN6ln1N1OhY\_1
20171029171010Mh_6,RZ]\21mo16K2O2O001O10001O002N1O0O3O101NN4L4K2O2M3LfdVb1
20171107222630Lh_1,VeRU1:bo16I=F3N1O1000O2M4E:N3N1O001O1O1O010O010O10O2O1N1O101N100O100O3M4L2N1N5L2N1O1O1N5L6I3NhNiQNh0Vn1VOlQNj0Tn1UOmQNl0a0mNfl17iRNm0=oNjl13iRNQ19nNnl11iRNS16lNRm11hRNONk02WOXm1OgRNM3o0JUO^m1MhRNJ58Gh0^m1TOWSN1_Oi0\n1ROiQNj0in1M3N1O1O2O0010N1O1N4M2M2O^ORQN4kn1JYQN9cn1E`QN<^n1BdQN`0Zn1^OiQNb0kn1010O00O01O10O8I1O000O100O2N1O3LaW_e2
20171107222630Lh_2,gj^\13io18J5L4M3M001N10001O1O2O2N1O010N4M0^QNUOlm17mQN24Jnm13PRN3NOPn1NTRNg0jm1[OYRNb0fm1^O\RNb0cm1^O^RNb0bm1]O^RNe0dm1WO]RNh0dm1WO^RNIHb0km1BmRN=Rm1CoRN<Rm1BPSN>ol1ASSN>ml1AUSN=Xn101O001N2O5J1O1O1NoRo`2
20171107222630Lh_3,]iRo16]o1MjPN6Uo1NfPN4Yo1:1N101O100O10O10O01005J2OO100O0001O001N1O2N1O2NSP80moG3N1O1O0001O001O00010O01N2O001O1O3N00O1N2O1N2N2M2NUP65hoI1O1O00O2N3Loo74ooG1O1O0O2N100O100000000000000O10001O0000000O1M4N101N2O1O1O100O6J01O0O2N2M4L4L3N2N1000000001O01O00O1N2O2N2O1O2N12N1N2N00000O0O3O0O11O001O1O02O00O00000O10O1O101O010O100O000000O100O10000001OO100000000100O1O010O01O001N2O1N101O1O2M3N1O000001N1O1O1I8N1N2N2O101O000001O01O0O100O00N201M3K6N4N0O10O10001O02M3N01O0O3L;F[Uib1
20171107222630Lh_4,WoX_13lo1010O01O01N2N2O1O1O1O00000N3N1O1M4O010O0000000C@[QN`0dn1CZQN<fn1FYQN9hn1IVQN5ln1LSQN2Po1MPQN3Qo1LPQN3Po1MPQN3Qo1LPQN4on1LRQN3on1MQQN2on1OQQN0Po10RQNJQo17<0O1O001O1O000OO3N1O3N1N3MgRa]2
20171108222430Lh_1,TeP`17go13M4K4M3@^O_QNd0_n1^O_QNd0_n1]O`QNe0_n1[OaQNe0_n1ZOcQNe0_n1XOcQNg0kn1O10001O0000O1O2O0O1000001O01O001O2N2N2O1N1O10000O2O01O1O1O1OO100O1O2O001O11N01O01O0O2O1N2O1N1O2O2M2004LlPN^Oin1l04L1O001O1O12M1O0O100O00100001O5K3MO10O2O3L2OO011O00001O4MO1N1O1O1N2M3N2N1O2O1N2NmW_Y2
20171108222430Lh_2,\j^a2;do12AJPQN8on1=OO2N2N2O001O1N3N1N2N2O1O1O1O10000010O1O001O01O00001O00000000001OO2O000O10000O10000O1000O100N2N2000001O0000000000000000001N100O10O100O100O011O0001O01O001O1O000O2N1M3O1O1O0000010O10000002AaPN9fo1M100O1O10O01O1O1OPVmW1
20171122022450Uh_1,iWYl08eo14L4L4N2WQNCkm1a0nQNGmm1<oQNNim1_1D5L2M3M2N3M2N2O2N2M3M5K3N3M1O3M2O3L4M1O2N2M4M3ZTNQLTk1c4J2N3N1N3MbLYUNk1`j1SNgUN`NIS3\j1]NZVN_1ci1bN`VN^1]i1bNfVN]1Xi1cNkVN]1Si1cNPWNBSO;ii13XWN\O[O:[i19`WNQOG?dh1`0jWNjNIf0Yh1?SXNdNIm0Qh1^OfVN5]3=je1[OoVN5Z3?ee1ZOXWN2V3IULa0[i1C`WNM_3=od1FfWNI^3`0jd1H_\N6`c1Ja\N7\c1Jf\N6Xc1Ij\N8Sc1Io\N6Pc1IR]N7lb1IW]N6gb1J[]N5eb1J^]N5`b1Kb]N5]b1Kd]N5[b1Kf]N5Yb1Jh]N7Wb1Ij]N6Ub1Jl]N7Sb1Ho]N8oa1HR^N:la1EV^N:ia1GW^N:ha1FY^N9ga1G[^N8da1H]^N7ca1I^^N7`a1Kb^N4\a1Lf^N3Ya1Mi^N2Va1Nk^N3Sa1Mn^N2Ra1No^N2Pa1NQ_N2n`1NR_N2n`1NR_N2n`1NS_N1n`1NR_N3m`1MS_N3m`1MT_N2l`1NT_N2m`1MS_N4l`1MS_N3m`1MS_N3n`1MR_N3m`1NR_N2n`1NR_N2n`1NS_N1l`10T_N0l`10U_NOk`11V_NNj`12V_NNi`12Y_NLh`14X_NLg`14Z_NMe`13Z_NNe`12\_NMe`12\_NNd`12\_NMe`12\_NMe`13[_NLf`13\_NKd`16\_NIe`17\_NFf`1:`70000O1000O10O1000O001O1O010O000000001O01O10O010O010O01O001O00001O01O1O001O1O100O2N1N1O2O1O1O001000O010O0100O010O010B\O_QNd0bn1]O]QNb0cn1_O\QN9OBgn16YQN6on1LoPN4Ro1LmPN4To1<0O1O1O100O0010O010O0010O01O001O01O00001M3M3O0O101O01O01O0001O01O010O10O01O001N20O010O001O10000O01000000O2O0000000O1000000000O10000O100O100000000O1000001O001O0O101O0O10000O100O010000O01000O1O2N1O2N1O2O00001O0010O0001O010O001O010O0001O0010O0100O1O1O10O01O1O00010O010001N10O10O1O10O010O001O10O010000O010O001O0010O10O100O10OO2O1O010O11O2N2N001O01N2O2M3dPNARo1g0O100O01O1O1O1O1O1N101O1O1O1O100O1O10O10O101O000000O2O001N10000O1O1O2N2O1O1O2N2M2O001O0O2O00000102M3N0N101O01O0O2O1O1O10O4M7I6J1O2N1N0107H01N1O1O1O1O1O1O010O100O010O1O100O01O10O01O001O1O001N1O1O2O0O0010O00100O2O0O2O1O0O101O1N2N2M\h`V2
20171122022450Uh_2,igda17ho12N101N1O100000O0100O10O1000O1O1O1O010O010000000000O2O00000O010O100O1O2M2O100O2N1OaXg[2
20171122022450Uh_3,W\oX22mo11O1O100O1000O01O010O00010O0010O01O10O01O01O00010O010O10O010O1O10O10000O010O10O10O100000O0100000O10O10O10O10O10000O2O001O0000O10000O100O10O10O1000O01O0O101O3LhdPb1
20171122022450Uh_4,b^`o06go13M300O1N1M3M30000010O010O101N1O2N2O0O2O00001O000001O105J3N001OO2O2N1N1O2N010O1O01O00001O00101N100O0010O001O0010O010O000000000001N2N100O1O101N2O1N3MRaik2
20180507140210Th_1,ngdj08fo16K3M3N2N3M2O1N2N2O1O0102O3N1N0O001N1O1O1O1O102OO001N2OO01O1O0001N4K7IVVSS3
20180726232450Bh_1,ZodR31no13N1N2N2N2N4J7J4N2M2O1O1O100O000001N1O2L301O0O110O0^OmPN7To1FoPN:\o1O010O00001N100000O100O100001O001O000010O000000010O0O100000001O001N101N101O010O100O1O1O0010O00001O1O0O2O1O001O1O1N101O00001O0000000001O0001O0000O1O1O100000O100001O000O1000001O001N101N2N2N101O00000001O000O2N1N2O01O01O1O1O1O10O100000O2O1O0000O10O1000001N1001O1O001N10O1N2M3O1O101NYPmb0
20180726232450Bh_2,aedS32mo12N2O0O2I6O10000010O2N2N1000O2O001O01O1O0001O001O2N;FN2O2M2N1O2O0O2O01N2O1O1O1ePNDPo1f03N3L3N1O1O3L1O2N1O1N100003N00O001M2O3LRXch0
20181012105930Ch_1,[ebd23ko12N2N2N1O1000000000O01O02OO100N2O1M3N2N2M4M3N100O10O1010O1000FQQNCnn1=UQNAkn1>WQNAhn1?[QN^Ofn1a0=O1O1O1O1O2M6JX\gX1
20181012105930Ch_2,b_j[11mo14M2N1O2M2L4O0O2OO1O2N101O0100N1O2N2O10O001O0O2O1O1O001O001O01O01O1O100O010O2O0O10O2O0O1000001O00001O0001O0O10001O001O0100O1O100O000000O1N2O10010O010O01O1O1O1O001O0O0100O0O2O1O1O2O0000001O0000000O2OWam]2
20181030230030Lh_1,nd\g14io14L3M3M2010O101N2N1000000001O1O1O10000001O3M01O000O100001O0000000001N1O10O101O00O1O2N100O101N2O1O01N102M2O0O1O2M4E\PN4dYQU2
20181030230030Lh_2,nlZV25ko11O1O0100O1O10O1O2N1O0100000O010O3N2M1O10O00000O1M3N1100O100O1O10O000O20O010O010O10O1N102NRSif1
20181030230030Lh_3,T^bc24io14^PNJUo1<ePNHXo1a0O1N1O1O1000O1O1O1O1O1O1M3O100H8O2O1N3LiboZ1
20190605025430Lh_1,eS]W14ko12N2N2M1N3N1O10O01OO10100010O00001O000001O001OO2N1M4L4O1O1O100O1000O100O10N1000O1O100O100000000N2M40O10O100O01O01N2O10O1O1J6N1E<NIZQNUOin1g09OO2O11]OQQN4nn1MZQNK^n1<gQN_OZn1>e0OoNEaRN;Zm1?VRN[Ojm1o0QRNlNPn1U1=00O2O1N2N2M3L6L3N2N101O1N4M2N2M1NPPcb2
20190605025430Lh_2,hPQc07ho14M2L:F5J5K5K6K8I5J6K2N2MfNYRNa0cm1@aRN?Zm1BiRNa0Qm1AQSN?ll1@XSN?fl1A\SN?bl1AbSN>Zl1AkSN?Rl1@RTN`0kk1\O\TNd0bk1SOjTNl0Tk1SOoTNn0nj1QOUUNo0ij1POZUNo0dj1PO_UNQ1]j1POeUNP1Wj1QOlUNOVN>hk1ESVNI\N`0]k1HRWN7lh1JXWN2gh1N[WN0eh10\WNOdh10^WNOch1KcWN4^h1KbWN5^h1KcWN5]h1JdWN6[h1KeWN5Zh1KhWN4Xh1LiWN3Wh1LkWN3Uh1LlWN4Vh1HmWN6ok10O1O1O1O100N2M3M3N1J^OnPNd0Po17O2O1O1O1N2N2M3N2O1O00_O_QND`n17hQNFWn19mQNERn1:PRNFnm19VRNFgm1:^RNCbm19fRNDYm1;V1O1NO2O3O0O2O1O1N2O0000O1J700O100O100O0O1000O10001O00O01E:N011N31N2O1O1O1O10O0O1000O1011M2M3NEPQNJnn15WQNIgn18\QNFbn1:a0O100ON3010O00N2N3N110E[O[QNf0_n1`0O1O10O00O1K5O2000O1N0_OgQN@Wn1b0lQN[OSn1d0RRNYOmm1d0g01100100001O2MUSoR3
20190607032610Mh_1,PSYR28fo13N2O0000001O9G1O00O100O1O001O0O1001O100O1O010O0000O2M2O1O10001O00001O0000O1O100O101O00010O01O01K401O1O1G8O2O0N3M2OF[QN[Odn1d0840OL50H522O0MUOZOdRNf0]m1]O_RNc0bm1@WRNb0lm1_OPRNa0Sn1AiQN>Yn1EcQN:`n1a02N2O2M2N2N3O0O2O00O1O01O0H9O1M3M3N4ESQog1
20190607032610Mh_2,\RgY14jo13N2N2N2L4N2N2N2O0010O01O00001O0101N100O00101N2N1O1O1O100O100N10000O1O1O010O0100O100O101N1O1O1O1O1O1O010O10O010O010O100O1O2OO01O01O001O01O0O2O100O100O10O001O0000001O010O01O1O001O1O0100O0100OCLoPN4Qo1OlPN1To1>O001O00001N100O100O2OO101O001O00O10O01O10O000010O101N2O000O00001O100O10HYQNWOgn1j070YKXOVZNi0ie1[OTZNe0le1_OoYNb0Rf1@jYNa0Wf1@fYN3if1MVYN1mf10QYNNSg11lXNLXg15fXNJ]g15bXNJag15^XNKdg15TXN0og1OlWN6Uh1JhWN7[h1GdWN:]h1FYWNJRMa0gk1ETWNd0mh1[OQWNf0Pi1[OmVNf0Ui1ZOiVNf0Xi1[OfVNe0\i1[ObVNd0ai1]O]VN9mi1IQVN6Qj1KnUN3Tj1NjUN1Wj10iUNMZj14dUNK_j14`UNKbj15]UNJhj14VUNLPk1OmTN3Vk1MeTN5\k1L_TN6ck1NUTN4mk11XSNB^Og0]m1OgRN?[m1Q12N2O1N3M3B>H8K4_Ob0FlSiZ2
20190607032610Mh_3,_gRo14ko12O001O000010O0001O010O00010O001O1O00100O01000000O10O010O00010O01N10000O10O01000001O002MUXSn1
20200806072410Th_1,_ckP21no12O0O101N2ELePN8Yo1;M7I1O1O010O1O1000O2N2M3N1N2O1N2O1O001O101N00000O1O100O1O001O100000000000O1000O10OO2O010O0100000000010O00O100O100O01O2O00O00001O1001O1O001O00000O100O10O100O101O00000O1O1O1O00100O100O1O101N1O1O1O01O0O2O0010O01O1O01000O10000O10000000O11N1000O0100000O10O010O010O100O1O1001N101O0O100O1N10M4O010O10O010O0100O11O00000O1000000O1O000000010O1O100O2O0O100O1N1OO11001000000O110O002N1O00000000O10000000O1O1O2N10001N2O1O001O0010O0010O0000000O10O02O00000000000000O10O100000001N2Nk]T`1
20200806072410Th_2,d^nn14ko12J5N3L4M5L3M2N2O1O1N2N1N101OD`QNXOan1b0a0O2O000001O1O0O10L5N101O00F:N2K6N2N1O2O0000O1O0^ObQNC`n1<b0O001001OO2O1O1N2N101N200O1000000O3MG353O0O2N1O101N2O001O1O1OO100N2J7L4NSdUl1
20201228202510Mh_1,dZg\15jo12N2N2O1N2O1fPNBon1b0jPNESo1f0N1001N2O1N2N2O1N3M101N1O01O01O0000001O00000O100O2O0O100O01000O1O1O1O3Lkd``2
20201228202510Mh_2,S\Sb21mo13N2O0O1O0010O01O01O01O0O101O000O100000O020O000010O010OO2O001O010O010O000010O1O010N11OO2O001O010O010O1O01K4O101N1O]eXZ1
20210101202450Bh_1,lbWU24ko12O1N2O1N2M3L4N3N1N2N1N2O100O11O000000000000O2O0O2N1O2I8L2O2N100001O0O2O000O10000O100O100N2O001N2O1O001O2O000O01N2NKYQNSOgn1l07N2M4K6F`^hf1
20210101202450Bh_2,\bgg25jo14M1N2O2N1N3M3M1N2N2O1O0O1WOZOWRNg0jm1^OoQNd0Rn1c02K4N2M01010N1N11\OPOYRNR1hm1b0101CQRNgNom1W1>N101O1K5H9L3O10I6010000DWObQNh0_n1:2N2N20J32010DPOgQNR1Yn1:O1WOjNgRNW1Ym1oN^RNU1bm1d001N10M4M3O1N2M4M2N3N1N3N1O1O1O0O2N2N101M1N3J6MEROkQNm0Tn1ZOfQNh0Yn1?00J6O11O0010O00001O0001O0K6M2O1N201N101J6L5M3M2O1O2M2O1O1N2O1N2N2O1O2N2O1N`djP1
20210101202450Bh_3,_YUl24io16L2O0O2N2O1O002M2O001O1O0O2O2L6I4N1O01M2N3N1O101O1O10O0100O1O1N2N2N1O2N1N3N2N2O1N2N3LXgRQ1
20210101202450Bh_4,fYae04]o12jPN5on1NoPN5jn1c0E;L4N3N1O100000O2N2O2_OgQNUO\n1g0`0N2N2O2M3M6J5K4MTgnX3
20210127110130Ch_1,[_Sl15bo1:J5N2O0001O1O1O1N2N2O1O1O010O0001O010O010O1O10000000O1O2O000O1O2N102L\adQ2
20210127110130Ch_2,a[ha25ho14L4N2K4M201OIkPNDVo1:801N01J52O1O101N2O1N100O1000O100O1O10001O01O1O1N2O00O010O100000O1000000O01O1O10000001000O100O010O01O2O0O1O1O1O1NodUZ1
20210127110130Ch_3,aYee27go14L2N2O1OJ60O010O1O100O1N00110001O1O001N1O2O00N3M2O2O01N3M4M3N2M`gXX1
20210219230330Lh_1,``aP34lo11O1O001N2O0O2O0N2O2ZOI`QN8]n1N]QN5Sn1U1M20001O1O20O3M1N2N2N2N1O2N^RNhNbl1R1\SNQOel1m0ZSNTOhl1j0WSNXOhl1h0WSNYOjl1f0VSNZOkl1f0TSNZOml1e0RSN\Ool1d0nRN_ORm1d0gRN_OZm1a0dRN@]m1`0`RNC`m1>]RNCcm1]1O1O1O1O2N2^RNgM[m1`2OiMhRNf1Wm1ZNkRNd1Vm1[NlRNd1Um1ZNkRNg1Um1XNlRNg1Vm1UNmRNk1dm10009G4L4L100O2N2O0O2N1O1O001O1O1O2M3N1O1O1ZORQN8`o1L1N1O100N102Ma]\j0
20210219230330Lh_2,kb_[17fo16^OFWQN<Rn1ESRN3G;Tn1EQRN3I:Xm1@[SN6_Ol0Tm1ROWSNc1hl1^NUSNd1kl1^NSSNa1nl1aNoRN_1Qm1fNkRNX1Wm1g00001O01M301O11O000O100O00BcRNZN]m1d1iRNTN[m1b1e0100O2O101O00000001N100O1O1N1OO0O201D]N[RNc1cm1<2M3O10O1O000010OHUN^RNk1am1QO^RN4cm1KaRND2@_m1k0`RNBom1?RRN\ORn1d0oQNTOSn1P178M200O10N101I6OOM501K6O001O001N100N2O100O0100OImPNCSo1=71O1O100001N0101M3O3L3M3M2O00O1CRQNHon18SQNFmn1:VQNCkn1<<O2O1N2M3O1O1O10O10OO2O0N3M2O1O1OKePNGZo197O10O010O100O10001N100O010O1N11O1O1000O00001O2H8O1O10001O000001O001O002N:F2M2O001N2O1N2N_ePZ2
20210607142350Bh_1,W\]j14jo1:fPN4om1P1M100001O1O1EgQNmN\n12eQN;\o1FgclT2
20210627163630Mh_1,c`cl14ko12N2O001O1N100000O2O000O010001N1O101N101O1O1O10O01O1O00000000O10000000O100O01000O0010O0100000O100O010000000O11O01O001N1O2N1O2O0000001O0O010000O1000001O1N101O000O1000O010O1O1O2N10O001O0010O10000000O100O1O001O001O100O100000O2N1M4LT`Vl1
20210627163630Mh_2,QgmR25^o1?L4K5N2M2N2M3_OmNlQN\1Qn1;O1O11N1N5H<F7POVQN`0[o1J1O000000001O000O10000000010O0O101O000O1000O10001O1N2FDmPN>Po1;N101O10O1O1O1O1O001O101N2O1N2N2O0O1O1O100O1O0010O00001O00000N2O1O2O001O001O010000000O1O1O1N100O2N1N3E;J5N3N1O11O:F5Jm0SOPX`f1
20210627163630Mh_3,X`WU17<Lmm1V1PRNPOkm1R1TRNSOem1P1[RNWO[m1k0fRNVOTm1n0nRNPOol1R1TSNkNkl1Q1]SNmNal1o0iSNkNWl1P1_1L0J613ETQNAnn1>:0000O1L5N2O001O010N2N2KSbRi2
20210627163630Mh_4,`b`Z14ko12N2O2N2O1N202N0010N2N1N1000001N11O01O0000000000000000000O1O0010O01O01O001O1O10O010O0010O01O00000001O0000001O0100O100O01000O010O10O01000O1O01O01O0001O100O2N1O1O1Of[[`2
20210627163630Mh_5,mfX]15jo1101O1O1O001O0010N101N101O001O01O01O01O01O01O0000000000000O2O0000000000O100000000000000O10O100O001O0010O010O01O10O00010O01N101N1O2O1M2O2O0O20O001EgPNM\o1O=Lio77QPH3M2O1O00O2K5M]ZW]2
20210627163630Mh_6,^jTS1>^o1<F4M2N3L9E5LoNPRN9gm1N\RN1am10cRN5Um1JPSN3ml1O^SNFal1:eSN@[l16n1GhVmk2
20210701163730Mh_1,cj\Q34lo13N01N11O00000O100O1O1000010O1O1N;F0000O11kPN^Oin1c0SQNAln1j0O2M6J9F4N3M]NnQN[1om1dNSRN_1im1`NYRNa1Tn1O1N6K2N1O001O17ML0O10OO2O0F\QNUOfn1j080101O0O2N8H3L8H4LcRSk0
20210701163730Mh_2,U\[S1937nn1b0_QNPOkm1Y1kQNlNPn1e1M3PRNVNfm1T2M3MkMmRNa1ol1_NVSN`1fl1`N^SN`1Xl1hNjSNY1Sl1fNPTN]1jk1dNWTN`1ck1`N`TNb1[k1]NiTNf1Qk1YNSUNg1jj1VNbUNg1POUN\j13jVNj1dNUNEIdj18WWNOQNb1;gNZj1HhWN_1kMkNZj1GnWNX2Qh1hMRXNV2lg1kMZXNo1fg1QN^XNk1bg1UNaXNh1_g1WNdXNh1[g1WNkXNd1Ug1\NoXNa1Pg1_NTYN^1kf1bNXYN[1if1dN[YNY1df1gN^YNX1bf1hN_YN:cLBHNVj16`YN8]g1HeXN6[g1JfXN5Zg1LgXN1Zg1OhXNOVg13lXNKUg15[4O100000000O2O1O00001O0000000001O00000000O100000000O01O01000001O2MZeRh2
20210701163730Mh_3,]_Ug14jo1?B3M3L3O1M2B[O^QNg0an1<0O0K6I6O1N4N101O2N1O2N2N9G3M3LWaZW2
20210701163730Mh_4,Uada25eo18N1O0100O2N1O100O1O10O01O100000O00100O1O2N101O1O0001O1O1O1O01O1O1O01N101O00001O0O1001O2N00O100O2O0001O0O100O1O1O1O1001N2N1O0000001O00010OO10001N10000O2O010O01O000O2O000000000O1001O00010O1O1O00100O100O1O010O001O00001O0N3N1001N2O2M2N2O1O0000000O2O010O0100O100O001O0010O001O001O100O10O10O010O1O010O00010O01O1O010O01O1O01O01O00010O0010O01O00010O010O001O1000O01000O010000000O100O10O2N2Mf[[R1
20210701163730Mh_5,Yh`c23ko14L4M2O3M2N2N11O2O2N0002N1O0O1103L1O000014KO0010O1O3M2N203N0O1SQNUON5Qn1R1kQNQOXn1EkQNQ1MZObn1a0aQN]Oan1?dQN]O`n1=eQN@cn15lQNImm12URN1kn1200O1O2O0000000000O100O0010O01O2NiSoX1
20210701163730Mh_6,e^i^21no12O1N1O101O000000001O0000O10O1O1O0100O1000O0100OO2M3O1O1N1O10O100O1L400000O1O1N1oPNE^n1=cQNEVn1?kQNBhm1h0ZRNYOfm1e0[RN[Ofm1b0\RN_Oem17cRNHbm1NdRN2en100O1O2NQP41noK2N1N2N100O2OOO1O1N2O1O1O02O1M2O2O001O01O2N1O1N3N1N3H7E;0K5M4L4M4K7_ORdd[1
20210708060030Lh_1,ma\S14ko13N2O0O1O101O1O2N2N1O1O12N0O001N2O2M10O01O0000001O010O1N2O1O0OX]cj2
20210708060030Lh_2,d`]S34ko1101N10001O1O4L`0aPNWOgn1R1O1OHXQNXOin1d0\QNXOfn1g0:O100O1001N1H8M4N2N2N2N2N1000000OFeQNPOZn1Q1:1O001O0O1O100000000001O1I7O1O0010O1000O01O1O0001M201N1MZOChQNH0>^n1j00O1O2N10010O00001O1N2L4K5O2O1N1N2O1M2M4N1000001ODIPQN6Qo1MmPN0Uo1<O10MRO@cRNa0^m1A`RN?am1C\RN<em1GXRN4nm16fQNJ\n18_QNHen1h01N3N1N2N0OON210K6O102M3I9HUdde0
20210726041650Uh_1,WbPU12lo15L2O1O1O1N2O0010O00001O010O0001O001O001O0O2O00000O1000O10O1O101N1O1O2N100O101N100O100O2O0O1000000O100001O00000000000001O0O1000000O101O00001O001O0000000O01000O10001O00001O000000O10000O10001O001O0O101O000000000000000O100000000O101O00000O2O0000000001O001O00010O01O001N10001N10001O00001N1001O01O001O001O010O01O1O0001O0000001O1N2O001N2O1N2O1O001O1N2O1O1N3M]]m_2
20210726041650Uh_2,VYoS19>Ign1=oPNMjn1h0L4M3M3M4L2M4L3M3O0O2N10lNURN3km1KZRN1gm1M]RNDJIhm1<hRNGDJdm1>nRNBbm1=Q1O00100O10000O101O0000000000001O00000000000001O00000000000000010O01O00000001O01O010O010O10O10O10O10O01000O01000000000O10001N10O10O100000O10001O1O001O000000001O0O101O000O100001O0O10001N101O1O0O1000000O100O001O010O001O1N2O]elc2
20210726041650Uh_3,V\Qh04ko13M3N0O2N2N2M3E:B?B=N3N1O1CTNeRNm1Ym1XNdRNi1Zm1ZNcRNg1[m1`0M3N1NcN^SNB`l14nSNJQl17RTNFlk1<UTNCfk1b0\TN\Ock1e0^TNZO`k1h0aTNXO]k17\SNEY12Yk17fSNCR16Vk15nSNBm08Tk16gUNJVj16mUNIRj16QVNJmi16UVNIji17XVNIfi16\VNJdi15^VNK`i15bVNJ^i15dVNKZi15hVNJWi17iVNJUi17lVNHTi18mVNGSi19mVNHRi18oVNFRi19PWNFPi1:RWNCPi1<Z300O2O0O1000001O000100000O10001N10001N10000O2O0N3M[f\S3
20210726041650Uh_4,kXS`14ko13M1O2N101O0O1O10000000O2O0001O01O000000001O000001O0001O01O01O010O010O10O0100O010000000O1001O011N2N2N2N1O1O1O2N100O0001O2M5L001N1000100O1O1O1N1000000000000002N3M00O1O2M3JWe`Z2
20210726041650Uh_5,Re\R16ho13B>eNBmRNd0Pm1@bRNl0^m1VO]RNn0am1TO[RNQ1cm1g000O100000bN_RN<am1@eRN>\m1^OiRN`0Xm1XOPSNg0Qm1TOXSNf0Un1M4L6K0000OO101O1O1N3N1N2M3MRZek2
20210730044930Lh_1,cb[i13lo13N1O100O00100O1O1O01000O10O100O0100O100O1O000000O1N1O2O10O0O2O1O100O01O100N1000O100010O0100O2K4O1O100O1O100O01N1O2N2O0010O010O1O100O1O0O2O00001O001O0K6N101O01OO1K5OM4K5O0O03O00001N1O1O2O0010O0100O01OO1001O001O1O001O100O1O1O1O001O00010O1O010O00000O10001O010O000010O01O010O000O1O1000J7N1010000001N1O2M3N10000000N3N2N101N1cN\OYSNi0fl1BnRNa0ol1BoRN?ml1FiRNZOKQ1Zm1HhRNa0Xm1d0gRNYNYm1e1mRNVNUm1h1d0L5L2M3E;B]QNXOhn1f0;M2N2O1O1O1O1O000000O1L40001O0K5K6M2ESOcQNm0^n127N3L4O0000H9N1BPOnQNf0\n1=2N3M3N2O1O00N20O1N3M3N2O3K7^OfPN4gn1LP12L3M3O000O00010010O10000O1000O10001O0O2O1N101N1O1N2O1O10O010O2O0O2O1O1O2N1000O10000O10O0000000O2N10O010000O101O0O101N10000O100O1O10O1O1O1N2N2O0010O01O001O1O01O001O000O1O101O00001O1O001O10O0100O0010O1O002O0O1O2O0O2N1O1O10O001N4EPgja1
20210730044930Lh_2,UfRW33lo12O2O1O1O1O1O1O3M2N100O1O011N001000001O00O000001O00O100O1O1O1O010O100O010O1O1O0O2O001O1O1O3M2MZXme0
20210730044930Lh_3,XYed22mo12\O0VQN1gn14UQNNin14VQNMin15UQNL;Iim1=kQNK81fm18mQNK:0fm1i0VRNZOem1j0ZRNXOam1k0_RNWO^m1j0bRNXO[m1h0hRNgNG9`m1j0ZSNSOdl12hRN5j0E^l14lRNHNMn02Yl18U2N101O1O100000000000000000000O100O01hPNKen15YQNNfn12YQNOfn12ZQNNfn12YQNOfn11[QNOdn11]QNOcn11\QNOen10\QN0cn10]QN0dn10[QN1en1O[QN1en1N\QN2cn1O\QN2dn1N\QN2dn1N\QN2dn1N[QN3en1M[QN3en1M[QN3en1M[QN2fn1NZQN1gn1OXQN1in1OWQN0jn10UQN1jn10VQN0kn1OTQN1mn1OSQN1mn1ORQN1on1OQQN1on1OPQN2Po1NoPN3Qo1NmPN3So1=1N10010O001O01O100O100001O000O2OO01002O0O01N101O100O1O1O1O0O100O1000O10O103M3L100000001O0O1N]fXT1
20210730044930Lh_4,fbXl12mo16K2N2O1N101O10O00O1000O10000O3N2N001O0000O10000O100O1O100O0100O001O10O2O1O2N2OO2M2O000O1O101N100100N1ePNHnn17PQNKPo14PQNNTo1KmPN7\o14N1N1103L11N001O0010O00000OmQNNYl12dSN1\l1ObSN2_l1N_SN3cl1L[SN5fl1KXSN4kl1LlRNGXO<om1NeRN9_m1EaRN9bm1H\RN6gm1JWRN4mm1LQRN3Rn1MkQN4Wn1MgQN1\n1ObQN0an10_QNMdn14[QNDmn1>;O000O1N3M4IiYom1
20210730044930Lh_5,_blg21no15L1O2O0O010000O1O1O010O0001O000000001O000001O00001O01O01O000001O001O010O100O0100O01000O010O010O0010O000100O00100O010O001O010O00000001N1O10000000O10010O00001O01O00000O1000O100O1000000O01000000010O001O010N2OUPb0Nlo]O4L101O0000010O01O10O001O10O001O001O01O0000O01000000O100000O100O100O`\kn0
20210811072510Th_1,_]WP31lo16L2O1O0010O1O4L22M1N000001O1O01O1O2N2N1O1O100O1O010002N1O3L0102M100O01O001O1O1O1O2N101N2Maall0
20210811072510Th_2,WlPS13ko14M2RQNOkm11TRN8dm1JXRN:gm1FWRN`0em1@mQNF6n0km1BSRNb0km1]OURNh0gm1WOYRNk0fm1TO[RNI8<]m1G]RNJ<=hn110O1O10O0000O2O1N1O1O1O0001O1O001O01O00001O1O1O0010O001O010O01O100O2M3NSQoi2
20211119005210Mh_1,Q^Ra15jo12O0O2O1O1O1N2O1O5K4L6J4N02M38FO1N9G2O0O201O10O01O1N1N2O0O10000O101O01O1O0000O2O2N1O01O0001O0O1N2O0O3Mh_e[2
20211224120130Ch_1,]^S_23lo12O1O010O10O0100O010O010O01000O10O10O00010O001O10O01O10O001O00010O0100O01001O001[PNI]o1=1O0000O2O0001O1N100000O1O10000000000100O1001OO011O0O10O1O1N101O1O002O0O10O1O1O1N2O00000001O0O10000000O2O000O10O100O2N2N2N2O00O100O10O1M3O0100O001O01O1M4M202N010O01O000O2O001N101O00O100O1000001O1O001O00O100O1O1O10O100O10O1000O0100O10000O100O100000O1000O1N2O10O0100O10O10O1O1O2O0O010O100O10O100000000O2O000O10O0O1O10@_OcQNa0\n1@cQNa0]n1_ObQNa0_n1_OaQN`0`n1@_QN`0an1A^QN?cn1A\QN`0dn1@ZQNa0gn1@WQN`0in1AUQN`0ln182O2M2N10L3O10O3O1O100O2O0001N1N2O10O100L4^OkPN7co1M3L4LnaXR1
20211224120130Ch_2,Tcf^24jo1b0_O5jPNWOmn1Q1M1O1:F5K1OdQN_OWm1b0gRNAXm1>fRNEZm1<bRNH]m1`0XRNCim1Z15J3L3E:K7Gc0^O`[Q`1
20211224120130Ch_3,UbYj23ho16N2N10000O1O1O101O0000O2O1N101O01O0O1O001N2O1O0H9O1O001O1O10O1000001O01N10000O100O10000001O0O3N4L2M200O00000001O0O1N2O1O101N10000001O0000O01000O10001O01N1000O01O00OO2M21000001O01O00N1O210O0100O001O1O1O101N100O1000000000O2M2O1O1001O1O2N00000O1O2M2O10O001N101O01O000LcPND_o1=110O0100001O001OO00100O0000N2N201N1O101OO101N2O0EKkPN7To19100010O01000O11O10001N000000000O0000000O101N2O100O0100O001O100O00000FCRQN>mn1DQQN=on1:O1000O1O100O2O1N4M1N2O000000001O1O2N10O100O10O1O00000O2O0O10000O01O100000000O2OO01000O1O10O10OM4M3O1O10O0100O1O101O001O]OiPN=_o1OO000O1O1N3J5L5M2O100000000O@ZQNHfn16_QNG`n19bQNF^n17fQNIYn14jQNLVn13kQNMUn13lQNLUn12lQNNSn12oQNMQn13PRNKQn15PRNIQn16l010O0001O01O01O01O01O0O2O01O010O10O0100O10O1O00010O0010O0100O10000O100O1O1O10O0100100O001O0O2O0O1O100O1000O0010O001O1O2N3MUbT`0
20211224120130Ch_4,^ZgP32mo12N2O000010O00010O01O010O0010O0000O100N2N101O001O00000O0010O2M3OYN1^SNO^l17`SNI_l1:^SNG`l1=YSNFgl1>USNDil15]RNEe09hl15gRNC<:hl15QSNGEE2a0Xm11TSNg0ml1UOWSN?Um1_OmRN?Um1@lRN>\n1Nc0ZOSgZl0
20211224120130Ch_5,VY_U23lo12O100O100O100O100O011N101O00O010O1O000O100O01O010O00000O1000000O100000O0100O10O010O020OO11O000O10O1O10O100001N1O1N200O1K4O03G9O1O\h\f1
20211224120130Ch_6,kXkl13lo13N2N2M3M:D5H6N2O00N2O1D<0001N1O2J6K5N1010O010O1O1000000O100O0100O1O1O001Oeo1M]PN2O1O1O100O010O10O100O100001O001O01N100000001ObhVo1
20211224120130Ch_7,ldo[25io14[PNJ\o1?N1O1N3N1O001O001O0O200O7I2O0O1N2O0O1O2N101O01O1O0O2N3N1N2O001N2O1O2N1O1O1O1O001N001O0000001N101000000O2O1O001O00001N101M2O2M5JhZl_1
20211231180850Bh_1,jYa[24lo11N2O0000000O1000O0100O001O1O0010O0100O1O1O0010O10O01000000O100O10000O0100O10O0100O1O1N3N1O1O1O1O001O001O1O1O1N11N1G9O1O1000001O0000O101N100001O00001O0O2O1O1N3N1O2O0N2OigT_1
20211231180850Bh_2,l][e25io13N3N2Mb0^O2N3N2N1O1O1O010007H2O1N1O2O1N2O1N3M3L2O1N2O1O1N1O2O1N2NVabX1
20211231180850Bh_3,^hVU13jo16M2M2O1O100O11O0010O000000000O0100O100O010O01O1O001O2N2N1N101O0000000O10O1O0M4K5O100O10001N101O1O1N2O1NTW_g2
20211231180850Bh_4,jaTX24io18J9F4L3N2M3N2M5L2L3M3O1O1O[OdQNH\n12SRNDmm1;m0N1K5O2N2N3M2MS_[f1
20220124155050Bh_1,gcPg1:fo13L4M3N002N1O4L101N2O1O001O3L2N1O1O01O11N100O01O011O0O2N5K5K5K1N2O1O00001OO10000000000O2O0O0100O1O010O1O1O1O00010O1O1O10O0100000O01O1O1O2N0O2O1M^Y]T2
20220124155050Bh_2,Qbdn03lo11O100O100O10000O00100O100O1O001N2O1O001O01O00O1010O0001O010O0100O10O10O100O010O100O0010O010O010000O10000O010000O100O2OO1000O2N100000O100O1N2O100O100O10001N10000O101N1O3Mn^ok2
20220124155050Bh_3,Pgei13ko14L2N2O2M2O10000000000001O0O100O10000000000O10000O100000000O100001O00O01000O1000O1000O10O100O100O100O1000000O1000O1000000000000O010O10000O1000O1000000O010O1O1O1N3J5N2O1O1O1O1O101O00001O0010O01O00000010O1O0010O00000001N10O10000000000001O000O100O011O000O10001O0O10O010000O1000000O10O0101OO01000000O010000000000000000000O101O0000000000000O1000O10000O1000O10O101N100O1000000O100O101N10000O2N1O1O1O2M2O1M3O1O0100O00100O1O100O101O000O11O00000010O01O001O10O0100O100O2O1O000000O100O1O00100O001O01O00001O001N2O01O001O1O4L2N4L3L2O2N2N2M3N3M1O1O1O1O1N2O1N4KSYVe1
20220124155050Bh_4,a]Q]14lo10O2O0O10000O100O10O01O10000O10O1000O100000000O100O01000O01O00100O01O010O001N101O1O000N200000010N1N2O10O0100000O2O0001O001O001O00O0N2N4N100O10000001L3M3N1L41O00010O2O0O1M3O10O1O0O001001OlNDfRN<[m1GbRN8`m1J]RN4fm1MVRN4lm1MnQN8Sn1GlQN9Un1HiQN8Xn1IgQN6Zn1LeQN2]n1McQN2_n1MdQNO_n1OdQNM^n10fQNK`n1OZgV\2
20220124155050Bh_5,n[mR25jo12N1O1O100O100O10O10O100O01O000O010O2O000010O01O0010O00000001O01O010O1000O00100O010O1O1OmdXj1
20220328035030Lh_1,kZSb03eo1:K3K5K5N0N30O01N2O0000N2O1001O1O2L3O100O01N2H8O101O000001O1O1O0000O2F9N2O10O01001O001O1O100O010O000O100N2O001N2H8M3O1O110O01O1N3M3L9H3M3N2N1O2N1O2M]hVY3
20220328035030Lh_2,fbPR16go16J<D?lMUOXTNo0dk1VOWTNm0gk1WOUTNk0jk1ZOPTNg0Ql1\OjSNe0Wl1C\SN3Tm1Y14O3M2N2O01N2NTOeRNUOYm1i0kRNXORm1f0RSNYOll1>`SNA_l1KXTN3gk1J^TN5ak1FeTN:[k1AjTN?\m1010O2O1O0O10N2O7G]\kk2
20220328035030Lh_3,ced_24io16L3N2N3M2O10O2O00000O001N100O00100O1O1O101N100O1O10O100O2O0O10O1010O001O000000O100000000001O0000001O1O1O0O2O1O3M4L01O1O1O6J2N0O100000O1000O100O2N1O1NmWc[1
20220328035030Lh_4,fgbc15jo12N2O1O0001O000O1000O2N1N3K5C=M2O2N2O2N1O1O1O01O1N2M`0^O6JdXcZ2
20220523234912Lh_1,QYl_15jo12N3M2N2N2H7N2O100O101N1O100O100O1O0001O0010O1O1O1000000O010O1000O001N1O1010O0100O1O001N2M3O1O2N1M3O1O100O1000O1O100O100O1O1O100O10000O101N10O010000O001O1O1N2O000100O001O0010O010O0100O0100O010O100O1000000O10O0O2O100O01000001O0O2O1O1N2N2N2N1O100O10O001N2O001O010O01O100O101N1O2O0O2N1O2N2N3M2O2N00VOnQNGQn18RRNGmm18URNIim17XRNIhm16XRNKgm15ZRNLem12\RNOcm11^RNOam11hRNGWm19lRNESm1:PSNDPm1<RSNCml1<WSNAil1?YSN^Ohl1b0\1O001O1N2O1N1O1O1O1O1N2O1N3M[iQU2
20220523234912Lh_2,hZU[28fo15M2M1O2N1O1O001O1O010O1O01O00000001O0O101O000000O2M2O100001O001N1O2O0001O0000000O0L41O2N101O1N2O00O01O01O100O1000000000O1O1O10O1O1N2O002N01000O2N1000\O_OjQNa0gm12TRNNlm17mQNJUn1o0O100010O100O10O00jNnQN`0Sn1_OSRN8Qn1GTRN3nm1MVRNHQn17l0O2O000O2O001O1O1O1Oli\^1
20220523234912Lh_3,Seob23co1<M2M3O1N10010000O100000O002M2O1N2O1O100O0010O0100O00001O0001O001O001N101N1O2M3O0O2O0O100O2N100O1O100O1O100O1O1O1O001O00100000O10O2NoZjX1
20220523234912Lh_4,d_af22mo13M4N2M<E00O1N2O1O1N101O0O01000O00000010O001O100O10001O0O1O1O100O10O01O10O01O01O000K5O01M3N200010O000010O001O000O0010L30001001O001N1000000000O1N2N1110O0101N2O1N1O1N2O001O01O00100O00001O0001O001O100O010O1000000000O10O10O010O1O00100O1O1N2M3M3N2O1O2O0O@lPN6Ro1JRQN3jn10XQN0`n17aQNH]n1:dQNFZn1;fQNEZn1<fQNDXn1=iQNCVn1=kQNCTn1=lQNDTn1<lQNCTn1=lQNDTn1<kQNDVn1=gQNDZn1=cQND_n1m01N2N200O1O1O1N2O2N1O1O101O000O2O0O10000O10001N10000O100O1O100O1000000O001O1O00100O0001O00010O01000O00001N101O00010O0100O010O010OO100O1M4L3O1N2N2N201N1M3N1101N1O101N1O2O1N2O1O1O1O1N2N2O1O001N101N002K5K5OaeZj0
20220523234912Lh_5,XXiU32ko14N001N110O0100000000O1O010O10O100O2O00000O2OO10O100000000000O100O0100000001O001O00000001N1O1N3N2MUhRg0
20220523234912Lh_6,oZkY13lo14M3L3N00010O01O1O1O001O01O010O1O010O0100O100O100O00010O0000O1000OZO0]QN1an15[QNKdn17YQNJgn1g0100O2N:F4J6IUe\c2
20220523234912Lh_7,n]cP24ko13N1O1O10O01O0100O1O001O1001O0O1O1O1O010O100O10000000010O1O3M0001N2N3L4JXaRm1
20220621185332Bh_1,Zf\g16io12O1O000010O0001N100000OfJImZN7Se1KkZN5Ue1LjZN3Xe1MgZN3Ze1NdZN2\e10bZN0_e11_ZNNce13[ZNMfe13YZNMge15WZNKje16TZNJme17QZNIPf17oYNIRf17mYNITf18jYNHWf19hYNFYf1:fYNF[f1;bYNF_f1:`YNF`f1<^YNDcf1<\YNDef1<ZYNDgf1<XYNDif1<UYNElf1<RYNDof1=nXNDSg1<lXNDUg1<jXNDVg1<iXNEXg1;gXNFYg19gXNGZg18fXNI[g16cXNL]g14bXNM^g13`XNOag10^XN0cg11ZXN1fg11VXN0jg12TXNNmg12QXNOPh11oWNNTh11jWNM[h12dWNL_h13`WNMbh13]WNLeh14YWNMhh13WWNLjh15TWNLnh12RWNNoh13nVNMSi14lVNKVi17gVNG[i1:dVND_i1<`VNCai1>]VNAfi1>YVNCii1;WVNDki1<SVNEoi19QVNFQj1:mUNGUj18iUNHZj16eUNK\j15bUNK`j15^UNKdj15ZUNKhj14WUNLkj14SUNMnj14oTNMRk13kTNOVk11hTN0Xk11fTNO\k11aTN1`k10]TN1fk1MXTN3kk1MQTN3Sl1LkSN4Wl1LfSN4^l1K_SN6cl1NRSN6Qm1LZRNB4c0dm1X12N2N101N4L5K3N3L5]O]QN@jn17ZQNGin15YQNKkn10VQNOPo1JSQN5\o1O1O2MnZgQ2
20220621185332Bh_2,QZUh19bo1b0_O6K5L<D8H4JlN^RN3]m1NiRN0Sm1NUSN0il1O^SNM_l13fSNKXl14mSNKPl15STNJkk16YTNHdk1:]TNF_k1<cTNCZk1`0gTN@Uk1c0mTN\Ooj1g0SUNXOjj1j0VUNWOgj1l0YUNUOdj1l0\UNVObj1j0_UNWO_j1h0bUNYO]j1g0fUNVOZj1i0jUNTOUj1m0lUNROTj1k0PVNUOoi1g0VVNXOji1g0XVNYOgi1e0\VN[Odi1c0^VN]Oai1b0aVN]O_i1a0cVN@\i1?fVNAXi1?iVNAWi1>kVNBTi1>lVNCSi1;oVNEPi1;RWNEmh1:TWNFlh18WWNHhh17YWNJfh15\WNKch13_WNM`h13bWNM\h13eWNNZh11hWNOWh10kWN0Sh10oWNOQh10QXN0ng1OSXN2lg1MVXN2ig1NYXN1gg1OZXN0fg1O[XN2cg1O^XN0ag10`XN0`g1ObXN1\g10dXN1[g1NgXN3Vg1NkXN4Qg1LPYN4of1MRYN2nf1MTYN2kf1OUYN1jf1OWYN1hf1OYYN1ff10ZYN0ff1O[YN1df1O]YN1bf1O_YN2`f1MbYN2]f1NdYN2[f1NfYN2Zf1MgYN3Xf1MjYN2Uf1OkYN1Uf1NlYN3Rf1MoYN3Pf1MQZN3ne1MSZN4ke1LUZN5je1LVZN5ie1JXZN6ge1KXZN6ge1JZZN6ee1KZZN6fe1IZZN8ee1H[ZN9ee1F[ZN;ee1DZZN?de1B[ZN?ee1@\ZN`0ce1A]ZN1[K3Wj1M_ZNL`K4Qj1OnZN1Pe10Q[NOnd12R[NNld13V[NLid15X[NJgd17Z[NHed19[[NGdd1:][NDdd1;^[NCbd1>`5000000000000N2O1O1O00100O1O101O0O10001O001N100O2O0Onh`o1
20220621185332Bh_3,ShRX35ko12N2O00010O001O0O2O1N2O2N1N5L1O001O0000001O3nPNWOfn1T1N1O0100O1O1O1O1O1O1O1O1O1N2N2O4L2N3M1O001N101N100000O0100O1O0000001O00O010O100O1O1O1000O01000000000O2O00O0100000000O10O1000O001N2N3MlUYb0
20220621185332Bh_4,X_fo2?`o12O1O000010O01O001O1O0000000000O101N100O1O2O0O10001O00010O010O01O1O00100O0010000O010000O1O101N1O10O010O010O1O10O0100O1O100O100O10000000O10O0100O010000O1O100O010O00100O1O2N1O1O1O001O100O10O10O100000O10O10O010O0100O10O10000O1O1000O0100O0010O01O0001O0000001O01O010O01O01O01O0O10010O00001O0010O01O010O001O00000001O0000010O0000001O01O00100O1O1O100O1O1O010O1O00010O0010O01O10O00O1000O100010O01000O100O010O10O001O001N101O10O010O100O0001N1O2O1N101N101O010O1000O11N10O0100O1O1N2N2O1N2O2O1N2O1N101N3LW]m`0
20220621185332Bh_5,haVT1<]o19N1N2001O101N20OO1O0001O0O100O001O1N1O2N2N2N2O2M2O2M_OYQNMdn11bQNN[n1LQRN1lm1NXRN0fm11^RNLbm13`RNL_m13fRNH[m18V100O1O2N2N3M_^Wi2
20220621185332Bh_6,Uf\`29eo15J4M3M100OO3K4O1N2O2O000O1000000000000001O01O0001O00001OO100O1000O20N020O1O01001O0O2O001O001O000O1O3MoZ[\1
20220621185332Bh_7,cgdf04ko12N2M2O10000000000O10O100000000O2O000001O1O1O101N20O2N010002N3M2N4LN1O1O1M3M3M3M3N3LhWeV3
20220621185332Bh_8,Vb^b11do1a0H4L4K6J5L[O`QNO]n1NlQNORn10RRNOlm10XRNOfm1O^RN2`m1KeRN4dn101O010O0000001N10001OO1000O10O01O1Nj\e[2
20220621185332Bh_9,`\Wj23ko14L2O1N100O1O1L4N200O02OO100O10000010N2N3N1O2N100O001O1O001O0010O01O010O001O1NedXS1
20220626185332Bh_1,iflj13lo12O1O1O1O100N101O1O0001O001O00000001O00001O0O100O2M2O1O101O01O0100O00100O1O10O01O01N10O01O01001O001O001N2O1O001O0O2O10O01O00010O00010O00010O0010O001O01O00001O001O01000O01000O01000O01000000O1000000O010O100O10000O1000O0100O2N1O1O0010O1O010O00100O0001O01O001O0010O0010O01O10O0010000O20O1O1N2O0O2N2N2N1O100O1001O2N3M8H0O2O001N101OO01000000O10O01O010O00000010O01O00000000001O001N]V[i1
20220626185332Bh_2,Scji25jo11O2N0O2O0O2O00000O1L4O1M4N10101O001O1O01O1O001O1O1O1O001O00001O1O1O1N101O100O1O010O100O001O1O1O0010O01O1O1NP]gR1
20220626185332Bh_3,aXSn26jo12M100001O01hPNHgn17VQNOgn11WQN2hn10oPN7Ro1<O01O001O00001O000O1000O010O00001J6EUO^QNn0`n1:N3N1O01O2A?H8L4M2N3M3M3MPhXo0
20220626185332Bh_4,cgfo06do18M2O1O001O0010O01O0010O0001O010O001O100O002N102M3N0O1010129EOO1O2M100O010O1O100O2O0O2O1O2M1OfNnQNf0Sn1VORRNi0mm1VOURNj0km1UOVRNk0im1UO\RNg0dm1XOaRNe0]m1ZOfRNe0Zm1ZOgRNf0Ym1XOjRNg0Yn1O2N1O1N2O0000000O1O100O2OO1001O1O0O10O01O0010O00100N101O1N2O1O1O0000010O000000000O101O000O101N1O101O1N101O000OI7O2N1O2O1N2O0O2N2O0010O010O10O1000000O010O10O000001O1O1O1O1OXV]g2
20220626185332Bh_5,i^fT27ho12N2O0O2O1N2N2N3N3L6J3M4M1N4L100O]OjQN[OYn1b0c0O2N2O100O10O10O10000000000O1000000O100000O10000000000001O1O001O0000001O01O010O1O010O0001O00000001O1O001O1O1O1O1O1O1O1O001000O01O100O1O1O101N3M1O000000O1N2I8N1M3O2O1N2O1O1N2O3LRacd1
20220626185332Bh_6,i[i`13mo10O2O010O001O001O00000000000O10001O0001O00000001O001N2O1O01O00001O001O00001O0000001O001O0000001O0000O1O100O1O1O1O1O0O2O0001O00100O1O1O010O001O010O10O010O100O100O00000001O001N101N10001O010O1NndVY2
20220626185332Bh_7,gZ[U14lo12M2O1O0O10N02M2K5M4M2K5O00OO011O2O0O2N2O2NJ6K60O010L3000010O2N1O2NAXQNJ[n1>mQN^OQn1c0RRN[Onm1d0VRNXOkm1g0h0N2N3M3M3M4J5MShhg2
20220626185332Bh_8,YbTW13mo11N10101N1O1O1O1O00001O001O01O1O1O0010O00001O101N10000000000O000010O001O000O10000000001O00000001O00010O001O0O2O1O0O2O1O000010O01O01O01O000010O0000000000000000000O101O1O1O1O01O01O1O001O00001O000O2O01O01O0001O0010O0001O00000010O001O01O01O0000010O010O0000001O00001O1O010O00010N1000001O000001O010O010O01O001O2L^\W_2
20220626185332Bh_9,cUmZ22lo13N101O000O100O10O10O1O0010O0O200O1000O010O10O010000000000000001O000001O000000001O0010O01O002LejRb1
20220714185352Th_1,^_b^12mo13N2N2M2O2N2N1O2N1O1O0010O100010O2M1000O2O0O101OgPN_OSo1h0N01N101N1O100O2N101O100O11O01O000000O10O001O1O1O1O10000001O000000O100O1O100O1O100O1O001O1O001O0010O00101N4M2M2N1O1cPNESo1<kPNFTo1d0O0O2O010001N2O0O1O1O001O0000000000O010001O0O2O001O001O0010O01O01O01O010O02N100O2N1O1O10O01000000O1O2O0O100O1O1O1O1O1N2O1O1O1O001O1O1O001O01O0O2O1M2N3N2N10001O000O101O0000O101O1O0010O00000000000000000001O00000O1001O0000000000000001O01O0001O1O00010O001O1O1O1N100000000000O2O0000000O100000O100O100O100O10000001O001O000O1001O01O00001O001O001O01O01O01O01O0O101O00001N101O00000000000001O100O002OO02N001O10O01O1O011N00100O010O01O01O01O0001O00001N100010O01O0010O00010O01O1O0O10001O0001O00010O0000001O00010O00100O100O100O01O10O01^QNkNXn1T1hQNmNWn1S1iQNnNXn1P1hQNPOYn1n0hQNSOXn1l0iQNSOYn1k0gQNUOYn1k0gQNVOYn1i0hQNVOYn1j0fQNWOYn1i0gQNWOZn1h0gQNXOYn1h0fQNXOZn1h0gQNXOXn1i0hQNWOXn1i0gQNXOYn1g0hQNYOWn1h0iQNXOWn1g0jQNXOWn1g0iQNYOXn1f0iQNYOWn1h0jQNUOXn1j0?100000O010O01O1O00100000001O00000000O1O010O10O02O1O000000O100O1O10O100000001O3N01N0000O100010O1N2O1N20009HN10ZQNnN\n1]1OO001O1000O11N3N1N1@_QN_Oan1?aQNA_n1=cQNC^n1;cQNE^n1:aQNG_n19aQNG_n18bQNH_n16bQNHbn15_QNJan16`QNHbn18^QNFdn19^QNDdn1;b0000O1O0000O2N2N6IdXQe1
20220714185352Th_2,cceY22ko15N2M5M1N2N6J2N1N10000O100N2O1N20000O1001O1^OSQNOnn1MXQN0in1K\QN3en1K^QN3cn1L^QN3cn1M^QN0dn10e0101N2N2O0O2O001O00O010OO2O0O100O10O01O1000001O1O1O100O1O101N1O010OO11N2O1O001O100O0100000001O1O00O100O1O100N2O2N3M2N3L2O100O11N101N100O1O0000O2M201N101O001O01O0010O1O100O1O0010O001O0O11OO100O010O11O000100O002O0O2N100O1O001O010O10O01000O010O0100O0010000O100O1O001O0001O0001O01O001O1O10O02O0O2N2N2M3N2M2NI7O2O2O00101N1O1O00001O100O1O010O100O1O001O001O100O1000O100O1000O0100O1O1O010O01O00010O10O1O001O01O00000O1O1N2000001O001O1O0O2N1N2I7N2O1O1O100O2O1M3N3NSaZV1
20220714185352Th_3,b\gR25ho13O0O2M2O2O0O2J5O2M3M3O1N2N3K5N3M2O000OO2K5N1O1N2O101N1O10N2O01I8N1O100O10O001O1N1O1N201O1OO1O200O2O1O00_OBaQN;an1a00100N1O1O101O100O01OO0O3N020L21001O0011O1N3O1N2N2O1N2N100O100O1O1O2N3N3M2N000000O100UQN@Vn1a0fQNCYn1R10O000N3N002J5N2K6M3C<10OO2O0001O1O2LQhne1
20220714185352Th_4,XbYb12mo14L2O1O10O00O10000O01000O1O1M3N2N1O2O1O0010000O100O1O2N1O00100O10O01N101O01O0O1O10000001N100O20O010O1O1O1N2O2N100O100O01000O10O010N1O2N101O01O001O010O001O0010O0101N1O1O100O1O1O1O1O010O01O00000O10O00100001O0O2O0000O10001O0O0101O001N101OO11O00000O01001O0010O101O0O2N1O1O1N2N2O1O10O010O00010O0000001O00000O2O1N2O010O001O000001O0100O100O10O101N1N1O2O001O10O0100O100O100O100O101N_anQ2
20220714185352Th_5,UXgk04ko17H3L3N2O1O00000O2N1O1000001N1O1O2N1O2OO001O1A?O100O10000000010N1O2N1010O010O1O1N1010O1000102M2N1O1OWiRQ3
20220714185352Th_6,TiPm2=[o1;J6L5J8I4K4M4J5F9MfNnRNLol12WSNLgl10aSNN\l12hSNMVl11oSNNnk11WTNNfk13_TNI_k17dTNIZk16jTNHUk17nTNIoj16UUNIjj16YUNJdj16_UNJ^j16eUNJYj16iUNITj19nUNGdi1e0]VN\O\i1i0eVNWOZi1i0hVNUOXi1k0iVNUOVi1j0lVNVOTi1e0QWNZOoh1?ZWN@fh1<^WNDbh17cWNI\h17eWNJZh15fWNLZh14fWNLZh14eWNMZh14fWNLZh14fWNLZh14fWNLZh13hWNLWh15jWNJVh16kWNGWh18i30000000000000000O010N3M3M^YYo0
20220714185352Th_7,`fX^24jo13N2O001N101O00000000O1O1O1000000010O010O01000O100O100000000000O011O00000001O001O100O3ON1N3M4KbXg^1
20220714185352Th_8,ee\P15ko11O2N1O20000O103L2N00O1O2N1O1O001O010O010O010000000O010O1O1000O1000O010O1O2N3KZYSm2
20220714185352Th_9,onb`26io14M2N10O100O00001O10O000000001O2N3M2O0O2N1N3N01O000H8N2N1000O110O10O0100O10OO2O001M2001N1N3N1O1O100O02O1O1O0001OO101O00000001O1O100O10001O0001O00000O100O100O10O10O10001O0000O0O2N20O01O001O001O10O0100O2N2NTRoX1
20220714185352Th_10,Tel_22mo13M2O1N2O000001N101O00010O1000O10O10O010O01000O00100O100O010O1O1O2O0O1000O3N1N2N100O10O1001NRZU]1
20220714185352Th_11,e[nY17ho12N1O1O1O001O1O000000OO2O1M4N2O100O10O10O100O10O01O01OL5N101M2O1O2N10O1]OXQNOhn10]QNKcn15bQNF`n18d00O1O100100O0100O1N2O1O1O1N1O2N1O1OO3O1O1N2N2O1O10O10O1O1N200O010O1O1O2L4MffWa2
20220714185352Th_12,nkZP32bo15aPNO]o1<M2O1[QN\Omm1d0PRN_OPn1a0mQNBTn1>iQNCZn1=aQNEdn19VQNJmn1d01N2N2N0O2O0O10001O1O0@kPN5Wo1HkPN8_o1O00001O01000O10O010O0001O001N1000000000000O1000O11O0O102MRS]l0
20220714185352Th_13,^hhm08co16M2O000O11K3O2O010O100OTQNIQn18oQNIPn16RRNKlm15TRNLlm13URNMkm11WRNOhm10ZRN0gm1NZRN3in10001O01O010O00100O01001O1O000001O000O100O2O0OcVao2
20220714185352Th_14,kXUl24jo12O1O1O001O1O10O001O0000O2O0O2O00001O10O0J601O01O010000O100000000010O0001O010O1O1NigVQ1
20220714185352Th_15,m^nn23lo1101O0000001O00000000000O100O100O2O0O3N1O0O2O0001O010O0O2O0O2O0O1010O00001O0000000001O01O000001O00001O010O0000001N2O1O1N101O0001O001O2O0O10000O1O1O3M2O0O2iPNBin1>UQNDjn1>SQNDln1=RQNDnn1g00000O101O0O2O0O100O11N100CWQN_Omn1`0:O10O01O00000O10001O0O3O0O100O2M3JRaoi0
20220728185352Th_1,^dY`24ko1a0_O5K2N1N2O1O001O1001O001O00001OO100O100000001O1O1O1O001O00O010O010O10O10O0100O100O001O100000O2N2K4N3M3M3M3M3N2M5K5Kg[P\1
20220728185352Th_2,i_jj27go13M3M3N1N2N1OK51M30001N1000L5N10001N2O0O20O01O10O000N201O01O001O001O001O0100O11O01O010O000O1O100O10O2O001O1O1O01O00010O010O01000O01000O11O01O1O0000O0108G10O001O00001O0O10000001O0000001O01O0000001O0000000000001O001O10O01001O2N1jPNDen1=UQNGln1f01N2N2O1N2O1N2O1N2O0O2O000O10001O1O2N2N1N1O100O1O10001NP`Wl0
